week_enddate,location_code,value,fluseason_fraction,season_week,fluseason
2025-11-15,02,0.0,0.29041095890410956,16,2025
2025-11-15,01,26.0,0.29041095890410956,16,2025
2025-11-15,05,12.0,0.29041095890410956,16,2025
2025-11-15,04,15.0,0.29041095890410956,16,2025
2025-11-15,06,139.0,0.29041095890410956,16,2025
2025-11-15,08,44.0,0.29041095890410956,16,2025
2025-11-15,09,10.0,0.29041095890410956,16,2025
2025-11-15,11,1.0,0.29041095890410956,16,2025
2025-11-15,10,2.0,0.29041095890410956,16,2025
2025-11-15,12,348.0,0.29041095890410956,16,2025
2025-11-15,13,59.0,0.29041095890410956,16,2025
2025-11-15,15,16.0,0.29041095890410956,16,2025
2025-11-15,19,8.0,0.29041095890410956,16,2025
2025-11-15,16,9.0,0.29041095890410956,16,2025
2025-11-15,17,44.0,0.29041095890410956,16,2025
2025-11-15,18,39.0,0.29041095890410956,16,2025
2025-11-15,20,8.0,0.29041095890410956,16,2025
2025-11-15,21,19.0,0.29041095890410956,16,2025
2025-11-15,22,86.0,0.29041095890410956,16,2025
2025-11-15,25,34.0,0.29041095890410956,16,2025
2025-11-15,24,34.0,0.29041095890410956,16,2025
2025-11-15,23,4.0,0.29041095890410956,16,2025
2025-11-15,26,35.0,0.29041095890410956,16,2025
2025-11-15,27,15.0,0.29041095890410956,16,2025
2025-11-15,29,25.0,0.29041095890410956,16,2025
2025-11-15,28,17.0,0.29041095890410956,16,2025
2025-11-15,30,4.0,0.29041095890410956,16,2025
2025-11-15,37,76.0,0.29041095890410956,16,2025
2025-11-15,38,1.0,0.29041095890410956,16,2025
2025-11-15,31,1.0,0.29041095890410956,16,2025
2025-11-15,33,4.0,0.29041095890410956,16,2025
2025-11-15,34,56.0,0.29041095890410956,16,2025
2025-11-15,35,14.0,0.29041095890410956,16,2025
2025-11-15,32,17.0,0.29041095890410956,16,2025
2025-11-15,36,174.0,0.29041095890410956,16,2025
2025-11-15,39,46.0,0.29041095890410956,16,2025
2025-11-15,40,8.0,0.29041095890410956,16,2025
2025-11-15,41,7.0,0.29041095890410956,16,2025
2025-11-15,42,157.0,0.29041095890410956,16,2025
2025-11-15,72,143.0,0.29041095890410956,16,2025
2025-11-15,44,6.0,0.29041095890410956,16,2025
2025-11-15,45,19.0,0.29041095890410956,16,2025
2025-11-15,46,1.0,0.29041095890410956,16,2025
2025-11-15,47,38.0,0.29041095890410956,16,2025
2025-11-15,48,270.0,0.29041095890410956,16,2025
2025-11-15,US,2170.0,0.29041095890410956,16,2025
2025-11-15,49,12.0,0.29041095890410956,16,2025
2025-11-15,51,30.0,0.29041095890410956,16,2025
2025-11-15,50,2.0,0.29041095890410956,16,2025
2025-11-15,53,19.0,0.29041095890410956,16,2025
2025-11-15,55,7.0,0.29041095890410956,16,2025
2025-11-15,54,0.0,0.29041095890410956,16,2025
2025-11-15,56,3.0,0.29041095890410956,16,2025
2025-11-08,02,1.0,0.27123287671232876,15,2025
2025-11-08,01,18.0,0.27123287671232876,15,2025
2025-11-08,05,7.0,0.27123287671232876,15,2025
2025-11-08,04,14.0,0.27123287671232876,15,2025
2025-11-08,06,146.0,0.27123287671232876,15,2025
2025-11-08,08,28.0,0.27123287671232876,15,2025
2025-11-08,09,16.0,0.27123287671232876,15,2025
2025-11-08,11,0.0,0.27123287671232876,15,2025
2025-11-08,10,2.0,0.27123287671232876,15,2025
2025-11-08,12,264.0,0.27123287671232876,15,2025
2025-11-08,13,46.0,0.27123287671232876,15,2025
2025-11-08,15,5.0,0.27123287671232876,15,2025
2025-11-08,19,6.0,0.27123287671232876,15,2025
2025-11-08,16,18.0,0.27123287671232876,15,2025
2025-11-08,17,28.0,0.27123287671232876,15,2025
2025-11-08,18,22.0,0.27123287671232876,15,2025
2025-11-08,20,6.0,0.27123287671232876,15,2025
2025-11-08,21,19.0,0.27123287671232876,15,2025
2025-11-08,22,74.0,0.27123287671232876,15,2025
2025-11-08,25,20.0,0.27123287671232876,15,2025
2025-11-08,24,20.0,0.27123287671232876,15,2025
2025-11-08,23,3.0,0.27123287671232876,15,2025
2025-11-08,26,25.0,0.27123287671232876,15,2025
2025-11-08,27,4.0,0.27123287671232876,15,2025
2025-11-08,29,18.0,0.27123287671232876,15,2025
2025-11-08,28,17.0,0.27123287671232876,15,2025
2025-11-08,30,1.0,0.27123287671232876,15,2025
2025-11-08,37,43.0,0.27123287671232876,15,2025
2025-11-08,38,5.0,0.27123287671232876,15,2025
2025-11-08,31,2.0,0.27123287671232876,15,2025
2025-11-08,33,0.0,0.27123287671232876,15,2025
2025-11-08,34,47.0,0.27123287671232876,15,2025
2025-11-08,35,7.0,0.27123287671232876,15,2025
2025-11-08,32,13.0,0.27123287671232876,15,2025
2025-11-08,36,76.0,0.27123287671232876,15,2025
2025-11-08,39,42.0,0.27123287671232876,15,2025
2025-11-08,40,17.0,0.27123287671232876,15,2025
2025-11-08,41,9.0,0.27123287671232876,15,2025
2025-11-08,42,113.0,0.27123287671232876,15,2025
2025-11-08,72,90.0,0.27123287671232876,15,2025
2025-11-08,44,4.0,0.27123287671232876,15,2025
2025-11-08,45,16.0,0.27123287671232876,15,2025
2025-11-08,46,0.0,0.27123287671232876,15,2025
2025-11-08,47,56.0,0.27123287671232876,15,2025
2025-11-08,48,221.0,0.27123287671232876,15,2025
2025-11-08,US,1672.0,0.27123287671232876,15,2025
2025-11-08,49,2.0,0.27123287671232876,15,2025
2025-11-08,51,29.0,0.27123287671232876,15,2025
2025-11-08,50,4.0,0.27123287671232876,15,2025
2025-11-08,53,13.0,0.27123287671232876,15,2025
2025-11-08,55,6.0,0.27123287671232876,15,2025
2025-11-08,54,2.0,0.27123287671232876,15,2025
2025-11-08,56,2.0,0.27123287671232876,15,2025
2025-11-01,02,0.0,0.25205479452054796,14,2025
2025-11-01,01,14.0,0.25205479452054796,14,2025
2025-11-01,05,9.0,0.25205479452054796,14,2025
2025-11-01,04,9.0,0.25205479452054796,14,2025
2025-11-01,06,136.0,0.25205479452054796,14,2025
2025-11-01,08,18.0,0.25205479452054796,14,2025
2025-11-01,09,7.0,0.25205479452054796,14,2025
2025-11-01,11,0.0,0.25205479452054796,14,2025
2025-11-01,10,3.0,0.25205479452054796,14,2025
2025-11-01,12,219.0,0.25205479452054796,14,2025
2025-11-01,13,28.0,0.25205479452054796,14,2025
2025-11-01,15,7.0,0.25205479452054796,14,2025
2025-11-01,19,2.0,0.25205479452054796,14,2025
2025-11-01,16,8.0,0.25205479452054796,14,2025
2025-11-01,17,37.0,0.25205479452054796,14,2025
2025-11-01,18,19.0,0.25205479452054796,14,2025
2025-11-01,20,10.0,0.25205479452054796,14,2025
2025-11-01,21,12.0,0.25205479452054796,14,2025
2025-11-01,22,40.0,0.25205479452054796,14,2025
2025-11-01,25,18.0,0.25205479452054796,14,2025
2025-11-01,24,14.0,0.25205479452054796,14,2025
2025-11-01,23,2.0,0.25205479452054796,14,2025
2025-11-01,26,9.0,0.25205479452054796,14,2025
2025-11-01,27,4.0,0.25205479452054796,14,2025
2025-11-01,29,25.0,0.25205479452054796,14,2025
2025-11-01,28,16.0,0.25205479452054796,14,2025
2025-11-01,30,1.0,0.25205479452054796,14,2025
2025-11-01,37,27.0,0.25205479452054796,14,2025
2025-11-01,38,2.0,0.25205479452054796,14,2025
2025-11-01,31,1.0,0.25205479452054796,14,2025
2025-11-01,33,2.0,0.25205479452054796,14,2025
2025-11-01,34,35.0,0.25205479452054796,14,2025
2025-11-01,35,6.0,0.25205479452054796,14,2025
2025-11-01,32,6.0,0.25205479452054796,14,2025
2025-11-01,36,58.0,0.25205479452054796,14,2025
2025-11-01,39,22.0,0.25205479452054796,14,2025
2025-11-01,40,12.0,0.25205479452054796,14,2025
2025-11-01,41,4.0,0.25205479452054796,14,2025
2025-11-01,42,117.0,0.25205479452054796,14,2025
2025-11-01,72,61.0,0.25205479452054796,14,2025
2025-11-01,44,1.0,0.25205479452054796,14,2025
2025-11-01,45,12.0,0.25205479452054796,14,2025
2025-11-01,46,0.0,0.25205479452054796,14,2025
2025-11-01,47,34.0,0.25205479452054796,14,2025
2025-11-01,48,160.0,0.25205479452054796,14,2025
2025-11-01,US,1297.0,0.25205479452054796,14,2025
2025-11-01,49,1.0,0.25205479452054796,14,2025
2025-11-01,51,15.0,0.25205479452054796,14,2025
2025-11-01,50,0.0,0.25205479452054796,14,2025
2025-11-01,53,16.0,0.25205479452054796,14,2025
2025-11-01,55,6.0,0.25205479452054796,14,2025
2025-11-01,54,1.0,0.25205479452054796,14,2025
2025-11-01,56,5.0,0.25205479452054796,14,2025
2025-10-25,02,1.0,0.2328767123287671,13,2025
2025-10-25,01,11.0,0.2328767123287671,13,2025
2025-10-25,05,3.0,0.2328767123287671,13,2025
2025-10-25,04,9.0,0.2328767123287671,13,2025
2025-10-25,06,99.0,0.2328767123287671,13,2025
2025-10-25,08,9.0,0.2328767123287671,13,2025
2025-10-25,09,9.0,0.2328767123287671,13,2025
2025-10-25,11,3.0,0.2328767123287671,13,2025
2025-10-25,10,0.0,0.2328767123287671,13,2025
2025-10-25,12,202.0,0.2328767123287671,13,2025
2025-10-25,13,29.0,0.2328767123287671,13,2025
2025-10-25,15,10.0,0.2328767123287671,13,2025
2025-10-25,19,1.0,0.2328767123287671,13,2025
2025-10-25,16,4.0,0.2328767123287671,13,2025
2025-10-25,17,21.0,0.2328767123287671,13,2025
2025-10-25,18,17.0,0.2328767123287671,13,2025
2025-10-25,20,7.0,0.2328767123287671,13,2025
2025-10-25,21,14.0,0.2328767123287671,13,2025
2025-10-25,22,51.0,0.2328767123287671,13,2025
2025-10-25,25,11.0,0.2328767123287671,13,2025
2025-10-25,24,15.0,0.2328767123287671,13,2025
2025-10-25,23,3.0,0.2328767123287671,13,2025
2025-10-25,26,13.0,0.2328767123287671,13,2025
2025-10-25,27,4.0,0.2328767123287671,13,2025
2025-10-25,29,24.0,0.2328767123287671,13,2025
2025-10-25,28,15.0,0.2328767123287671,13,2025
2025-10-25,30,6.0,0.2328767123287671,13,2025
2025-10-25,37,22.0,0.2328767123287671,13,2025
2025-10-25,38,2.0,0.2328767123287671,13,2025
2025-10-25,31,3.0,0.2328767123287671,13,2025
2025-10-25,33,0.0,0.2328767123287671,13,2025
2025-10-25,34,26.0,0.2328767123287671,13,2025
2025-10-25,35,5.0,0.2328767123287671,13,2025
2025-10-25,32,10.0,0.2328767123287671,13,2025
2025-10-25,36,31.0,0.2328767123287671,13,2025
2025-10-25,39,15.0,0.2328767123287671,13,2025
2025-10-25,40,18.0,0.2328767123287671,13,2025
2025-10-25,41,6.0,0.2328767123287671,13,2025
2025-10-25,42,132.0,0.2328767123287671,13,2025
2025-10-25,72,50.0,0.2328767123287671,13,2025
2025-10-25,44,0.0,0.2328767123287671,13,2025
2025-10-25,45,6.0,0.2328767123287671,13,2025
2025-10-25,46,2.0,0.2328767123287671,13,2025
2025-10-25,47,22.0,0.2328767123287671,13,2025
2025-10-25,48,135.0,0.2328767123287671,13,2025
2025-10-25,US,1136.0,0.2328767123287671,13,2025
2025-10-25,49,1.0,0.2328767123287671,13,2025
2025-10-25,51,12.0,0.2328767123287671,13,2025
2025-10-25,50,1.0,0.2328767123287671,13,2025
2025-10-25,53,12.0,0.2328767123287671,13,2025
2025-10-25,55,8.0,0.2328767123287671,13,2025
2025-10-25,54,1.0,0.2328767123287671,13,2025
2025-10-25,56,4.0,0.2328767123287671,13,2025
2025-10-18,02,0.0,0.2136986301369863,12,2025
2025-10-18,01,12.0,0.2136986301369863,12,2025
2025-10-18,05,2.0,0.2136986301369863,12,2025
2025-10-18,04,9.0,0.2136986301369863,12,2025
2025-10-18,06,101.0,0.2136986301369863,12,2025
2025-10-18,08,7.0,0.2136986301369863,12,2025
2025-10-18,09,3.0,0.2136986301369863,12,2025
2025-10-18,11,2.0,0.2136986301369863,12,2025
2025-10-18,10,1.0,0.2136986301369863,12,2025
2025-10-18,12,185.0,0.2136986301369863,12,2025
2025-10-18,13,25.0,0.2136986301369863,12,2025
2025-10-18,15,5.0,0.2136986301369863,12,2025
2025-10-18,19,1.0,0.2136986301369863,12,2025
2025-10-18,16,4.0,0.2136986301369863,12,2025
2025-10-18,17,27.0,0.2136986301369863,12,2025
2025-10-18,18,17.0,0.2136986301369863,12,2025
2025-10-18,20,9.0,0.2136986301369863,12,2025
2025-10-18,21,19.0,0.2136986301369863,12,2025
2025-10-18,22,37.0,0.2136986301369863,12,2025
2025-10-18,25,10.0,0.2136986301369863,12,2025
2025-10-18,24,6.0,0.2136986301369863,12,2025
2025-10-18,23,3.0,0.2136986301369863,12,2025
2025-10-18,26,12.0,0.2136986301369863,12,2025
2025-10-18,27,1.0,0.2136986301369863,12,2025
2025-10-18,29,24.0,0.2136986301369863,12,2025
2025-10-18,28,17.0,0.2136986301369863,12,2025
2025-10-18,30,5.0,0.2136986301369863,12,2025
2025-10-18,37,23.0,0.2136986301369863,12,2025
2025-10-18,38,1.0,0.2136986301369863,12,2025
2025-10-18,31,0.0,0.2136986301369863,12,2025
2025-10-18,33,2.0,0.2136986301369863,12,2025
2025-10-18,34,30.0,0.2136986301369863,12,2025
2025-10-18,35,3.0,0.2136986301369863,12,2025
2025-10-18,32,10.0,0.2136986301369863,12,2025
2025-10-18,36,30.0,0.2136986301369863,12,2025
2025-10-18,39,13.0,0.2136986301369863,12,2025
2025-10-18,40,7.0,0.2136986301369863,12,2025
2025-10-18,41,5.0,0.2136986301369863,12,2025
2025-10-18,42,104.0,0.2136986301369863,12,2025
2025-10-18,72,85.0,0.2136986301369863,12,2025
2025-10-18,44,1.0,0.2136986301369863,12,2025
2025-10-18,45,6.0,0.2136986301369863,12,2025
2025-10-18,46,2.0,0.2136986301369863,12,2025
2025-10-18,47,40.0,0.2136986301369863,12,2025
2025-10-18,48,127.0,0.2136986301369863,12,2025
2025-10-18,US,1073.0,0.2136986301369863,12,2025
2025-10-18,49,2.0,0.2136986301369863,12,2025
2025-10-18,51,13.0,0.2136986301369863,12,2025
2025-10-18,50,0.0,0.2136986301369863,12,2025
2025-10-18,53,11.0,0.2136986301369863,12,2025
2025-10-18,55,7.0,0.2136986301369863,12,2025
2025-10-18,54,1.0,0.2136986301369863,12,2025
2025-10-18,56,0.0,0.2136986301369863,12,2025
2025-10-11,02,0.0,0.19452054794520549,11,2025
2025-10-11,01,14.0,0.19452054794520549,11,2025
2025-10-11,05,5.0,0.19452054794520549,11,2025
2025-10-11,04,8.0,0.19452054794520549,11,2025
2025-10-11,06,94.0,0.19452054794520549,11,2025
2025-10-11,08,6.0,0.19452054794520549,11,2025
2025-10-11,09,2.0,0.19452054794520549,11,2025
2025-10-11,11,3.0,0.19452054794520549,11,2025
2025-10-11,10,7.0,0.19452054794520549,11,2025
2025-10-11,12,163.0,0.19452054794520549,11,2025
2025-10-11,13,14.0,0.19452054794520549,11,2025
2025-10-11,15,4.0,0.19452054794520549,11,2025
2025-10-11,19,4.0,0.19452054794520549,11,2025
2025-10-11,16,1.0,0.19452054794520549,11,2025
2025-10-11,17,14.0,0.19452054794520549,11,2025
2025-10-11,18,12.0,0.19452054794520549,11,2025
2025-10-11,20,13.0,0.19452054794520549,11,2025
2025-10-11,21,23.0,0.19452054794520549,11,2025
2025-10-11,22,32.0,0.19452054794520549,11,2025
2025-10-11,25,5.0,0.19452054794520549,11,2025
2025-10-11,24,9.0,0.19452054794520549,11,2025
2025-10-11,23,1.0,0.19452054794520549,11,2025
2025-10-11,26,9.0,0.19452054794520549,11,2025
2025-10-11,27,7.0,0.19452054794520549,11,2025
2025-10-11,29,24.0,0.19452054794520549,11,2025
2025-10-11,28,14.0,0.19452054794520549,11,2025
2025-10-11,30,2.0,0.19452054794520549,11,2025
2025-10-11,37,22.0,0.19452054794520549,11,2025
2025-10-11,38,3.0,0.19452054794520549,11,2025
2025-10-11,31,5.0,0.19452054794520549,11,2025
2025-10-11,33,4.0,0.19452054794520549,11,2025
2025-10-11,34,14.0,0.19452054794520549,11,2025
2025-10-11,35,6.0,0.19452054794520549,11,2025
2025-10-11,32,3.0,0.19452054794520549,11,2025
2025-10-11,36,23.0,0.19452054794520549,11,2025
2025-10-11,39,13.0,0.19452054794520549,11,2025
2025-10-11,40,8.0,0.19452054794520549,11,2025
2025-10-11,41,5.0,0.19452054794520549,11,2025
2025-10-11,42,119.0,0.19452054794520549,11,2025
2025-10-11,72,53.0,0.19452054794520549,11,2025
2025-10-11,44,2.0,0.19452054794520549,11,2025
2025-10-11,45,19.0,0.19452054794520549,11,2025
2025-10-11,46,2.0,0.19452054794520549,11,2025
2025-10-11,47,26.0,0.19452054794520549,11,2025
2025-10-11,48,115.0,0.19452054794520549,11,2025
2025-10-11,US,970.0,0.19452054794520549,11,2025
2025-10-11,49,1.0,0.19452054794520549,11,2025
2025-10-11,51,18.0,0.19452054794520549,11,2025
2025-10-11,50,0.0,0.19452054794520549,11,2025
2025-10-11,53,7.0,0.19452054794520549,11,2025
2025-10-11,55,3.0,0.19452054794520549,11,2025
2025-10-11,54,3.0,0.19452054794520549,11,2025
2025-10-11,56,0.0,0.19452054794520549,11,2025
2025-10-04,02,2.0,0.17534246575342466,10,2025
2025-10-04,01,21.0,0.17534246575342466,10,2025
2025-10-04,05,4.0,0.17534246575342466,10,2025
2025-10-04,04,15.0,0.17534246575342466,10,2025
2025-10-04,06,91.0,0.17534246575342466,10,2025
2025-10-04,08,8.0,0.17534246575342466,10,2025
2025-10-04,09,8.0,0.17534246575342466,10,2025
2025-10-04,11,6.0,0.17534246575342466,10,2025
2025-10-04,10,1.0,0.17534246575342466,10,2025
2025-10-04,12,134.0,0.17534246575342466,10,2025
2025-10-04,13,27.0,0.17534246575342466,10,2025
2025-10-04,15,1.0,0.17534246575342466,10,2025
2025-10-04,19,1.0,0.17534246575342466,10,2025
2025-10-04,16,2.0,0.17534246575342466,10,2025
2025-10-04,17,14.0,0.17534246575342466,10,2025
2025-10-04,18,18.0,0.17534246575342466,10,2025
2025-10-04,20,10.0,0.17534246575342466,10,2025
2025-10-04,21,15.0,0.17534246575342466,10,2025
2025-10-04,22,30.0,0.17534246575342466,10,2025
2025-10-04,25,17.0,0.17534246575342466,10,2025
2025-10-04,24,2.0,0.17534246575342466,10,2025
2025-10-04,23,1.0,0.17534246575342466,10,2025
2025-10-04,26,13.0,0.17534246575342466,10,2025
2025-10-04,27,0.0,0.17534246575342466,10,2025
2025-10-04,29,19.0,0.17534246575342466,10,2025
2025-10-04,28,14.0,0.17534246575342466,10,2025
2025-10-04,30,6.0,0.17534246575342466,10,2025
2025-10-04,37,19.0,0.17534246575342466,10,2025
2025-10-04,38,3.0,0.17534246575342466,10,2025
2025-10-04,31,1.0,0.17534246575342466,10,2025
2025-10-04,33,4.0,0.17534246575342466,10,2025
2025-10-04,34,16.0,0.17534246575342466,10,2025
2025-10-04,35,0.0,0.17534246575342466,10,2025
2025-10-04,32,5.0,0.17534246575342466,10,2025
2025-10-04,36,22.0,0.17534246575342466,10,2025
2025-10-04,39,17.0,0.17534246575342466,10,2025
2025-10-04,40,18.0,0.17534246575342466,10,2025
2025-10-04,41,3.0,0.17534246575342466,10,2025
2025-10-04,42,112.0,0.17534246575342466,10,2025
2025-10-04,72,65.0,0.17534246575342466,10,2025
2025-10-04,44,1.0,0.17534246575342466,10,2025
2025-10-04,45,17.0,0.17534246575342466,10,2025
2025-10-04,46,1.0,0.17534246575342466,10,2025
2025-10-04,47,26.0,0.17534246575342466,10,2025
2025-10-04,48,96.0,0.17534246575342466,10,2025
2025-10-04,US,950.0,0.17534246575342466,10,2025
2025-10-04,49,2.0,0.17534246575342466,10,2025
2025-10-04,51,15.0,0.17534246575342466,10,2025
2025-10-04,50,0.0,0.17534246575342466,10,2025
2025-10-04,53,6.0,0.17534246575342466,10,2025
2025-10-04,55,7.0,0.17534246575342466,10,2025
2025-10-04,54,0.0,0.17534246575342466,10,2025
2025-10-04,56,2.0,0.17534246575342466,10,2025
2025-09-27,02,1.0,0.15616438356164383,9,2025
2025-09-27,01,18.0,0.15616438356164383,9,2025
2025-09-27,05,9.0,0.15616438356164383,9,2025
2025-09-27,04,10.0,0.15616438356164383,9,2025
2025-09-27,06,101.0,0.15616438356164383,9,2025
2025-09-27,08,9.0,0.15616438356164383,9,2025
2025-09-27,09,7.0,0.15616438356164383,9,2025
2025-09-27,11,1.0,0.15616438356164383,9,2025
2025-09-27,10,0.0,0.15616438356164383,9,2025
2025-09-27,12,176.0,0.15616438356164383,9,2025
2025-09-27,13,21.0,0.15616438356164383,9,2025
2025-09-27,15,3.0,0.15616438356164383,9,2025
2025-09-27,19,6.0,0.15616438356164383,9,2025
2025-09-27,16,0.0,0.15616438356164383,9,2025
2025-09-27,17,7.0,0.15616438356164383,9,2025
2025-09-27,18,7.0,0.15616438356164383,9,2025
2025-09-27,20,7.0,0.15616438356164383,9,2025
2025-09-27,21,17.0,0.15616438356164383,9,2025
2025-09-27,22,23.0,0.15616438356164383,9,2025
2025-09-27,25,13.0,0.15616438356164383,9,2025
2025-09-27,24,4.0,0.15616438356164383,9,2025
2025-09-27,23,0.0,0.15616438356164383,9,2025
2025-09-27,26,18.0,0.15616438356164383,9,2025
2025-09-27,27,1.0,0.15616438356164383,9,2025
2025-09-27,29,18.0,0.15616438356164383,9,2025
2025-09-27,28,10.0,0.15616438356164383,9,2025
2025-09-27,30,0.0,0.15616438356164383,9,2025
2025-09-27,37,19.0,0.15616438356164383,9,2025
2025-09-27,38,0.0,0.15616438356164383,9,2025
2025-09-27,31,3.0,0.15616438356164383,9,2025
2025-09-27,33,0.0,0.15616438356164383,9,2025
2025-09-27,34,19.0,0.15616438356164383,9,2025
2025-09-27,35,3.0,0.15616438356164383,9,2025
2025-09-27,32,4.0,0.15616438356164383,9,2025
2025-09-27,36,27.0,0.15616438356164383,9,2025
2025-09-27,39,13.0,0.15616438356164383,9,2025
2025-09-27,40,9.0,0.15616438356164383,9,2025
2025-09-27,41,3.0,0.15616438356164383,9,2025
2025-09-27,42,119.0,0.15616438356164383,9,2025
2025-09-27,72,51.0,0.15616438356164383,9,2025
2025-09-27,44,2.0,0.15616438356164383,9,2025
2025-09-27,45,19.0,0.15616438356164383,9,2025
2025-09-27,46,1.0,0.15616438356164383,9,2025
2025-09-27,47,41.0,0.15616438356164383,9,2025
2025-09-27,48,126.0,0.15616438356164383,9,2025
2025-09-27,US,987.0,0.15616438356164383,9,2025
2025-09-27,49,2.0,0.15616438356164383,9,2025
2025-09-27,51,15.0,0.15616438356164383,9,2025
2025-09-27,50,0.0,0.15616438356164383,9,2025
2025-09-27,53,8.0,0.15616438356164383,9,2025
2025-09-27,55,7.0,0.15616438356164383,9,2025
2025-09-27,54,2.0,0.15616438356164383,9,2025
2025-09-27,56,1.0,0.15616438356164383,9,2025
2025-09-20,02,1.0,0.136986301369863,8,2025
2025-09-20,01,15.0,0.136986301369863,8,2025
2025-09-20,05,3.0,0.136986301369863,8,2025
2025-09-20,04,10.0,0.136986301369863,8,2025
2025-09-20,06,80.0,0.136986301369863,8,2025
2025-09-20,08,4.0,0.136986301369863,8,2025
2025-09-20,09,8.0,0.136986301369863,8,2025
2025-09-20,11,0.0,0.136986301369863,8,2025
2025-09-20,10,2.0,0.136986301369863,8,2025
2025-09-20,12,141.0,0.136986301369863,8,2025
2025-09-20,13,18.0,0.136986301369863,8,2025
2025-09-20,15,1.0,0.136986301369863,8,2025
2025-09-20,19,3.0,0.136986301369863,8,2025
2025-09-20,16,1.0,0.136986301369863,8,2025
2025-09-20,17,9.0,0.136986301369863,8,2025
2025-09-20,18,13.0,0.136986301369863,8,2025
2025-09-20,20,6.0,0.136986301369863,8,2025
2025-09-20,21,14.0,0.136986301369863,8,2025
2025-09-20,22,22.0,0.136986301369863,8,2025
2025-09-20,25,10.0,0.136986301369863,8,2025
2025-09-20,24,6.0,0.136986301369863,8,2025
2025-09-20,23,0.0,0.136986301369863,8,2025
2025-09-20,26,20.0,0.136986301369863,8,2025
2025-09-20,27,3.0,0.136986301369863,8,2025
2025-09-20,29,16.0,0.136986301369863,8,2025
2025-09-20,28,13.0,0.136986301369863,8,2025
2025-09-20,30,0.0,0.136986301369863,8,2025
2025-09-20,37,19.0,0.136986301369863,8,2025
2025-09-20,38,2.0,0.136986301369863,8,2025
2025-09-20,31,3.0,0.136986301369863,8,2025
2025-09-20,33,1.0,0.136986301369863,8,2025
2025-09-20,34,11.0,0.136986301369863,8,2025
2025-09-20,35,1.0,0.136986301369863,8,2025
2025-09-20,32,9.0,0.136986301369863,8,2025
2025-09-20,36,9.0,0.136986301369863,8,2025
2025-09-20,39,14.0,0.136986301369863,8,2025
2025-09-20,40,8.0,0.136986301369863,8,2025
2025-09-20,41,1.0,0.136986301369863,8,2025
2025-09-20,42,121.0,0.136986301369863,8,2025
2025-09-20,72,77.0,0.136986301369863,8,2025
2025-09-20,44,0.0,0.136986301369863,8,2025
2025-09-20,45,5.0,0.136986301369863,8,2025
2025-09-20,46,2.0,0.136986301369863,8,2025
2025-09-20,47,40.0,0.136986301369863,8,2025
2025-09-20,48,97.0,0.136986301369863,8,2025
2025-09-20,US,868.0,0.136986301369863,8,2025
2025-09-20,49,1.0,0.136986301369863,8,2025
2025-09-20,51,12.0,0.136986301369863,8,2025
2025-09-20,50,0.0,0.136986301369863,8,2025
2025-09-20,53,6.0,0.136986301369863,8,2025
2025-09-20,55,4.0,0.136986301369863,8,2025
2025-09-20,54,0.0,0.136986301369863,8,2025
2025-09-20,56,1.0,0.136986301369863,8,2025
2025-09-13,02,12.0,0.1178082191780822,7,2025
2025-09-13,01,31.0,0.1178082191780822,7,2025
2025-09-13,05,1.0,0.1178082191780822,7,2025
2025-09-13,04,7.0,0.1178082191780822,7,2025
2025-09-13,06,88.0,0.1178082191780822,7,2025
2025-09-13,08,1.0,0.1178082191780822,7,2025
2025-09-13,09,10.0,0.1178082191780822,7,2025
2025-09-13,11,0.0,0.1178082191780822,7,2025
2025-09-13,10,0.0,0.1178082191780822,7,2025
2025-09-13,12,144.0,0.1178082191780822,7,2025
2025-09-13,13,16.0,0.1178082191780822,7,2025
2025-09-13,15,6.0,0.1178082191780822,7,2025
2025-09-13,19,0.0,0.1178082191780822,7,2025
2025-09-13,16,3.0,0.1178082191780822,7,2025
2025-09-13,17,12.0,0.1178082191780822,7,2025
2025-09-13,18,11.0,0.1178082191780822,7,2025
2025-09-13,20,5.0,0.1178082191780822,7,2025
2025-09-13,21,19.0,0.1178082191780822,7,2025
2025-09-13,22,17.0,0.1178082191780822,7,2025
2025-09-13,25,13.0,0.1178082191780822,7,2025
2025-09-13,24,6.0,0.1178082191780822,7,2025
2025-09-13,23,2.0,0.1178082191780822,7,2025
2025-09-13,26,28.0,0.1178082191780822,7,2025
2025-09-13,27,6.0,0.1178082191780822,7,2025
2025-09-13,29,12.0,0.1178082191780822,7,2025
2025-09-13,28,15.0,0.1178082191780822,7,2025
2025-09-13,30,1.0,0.1178082191780822,7,2025
2025-09-13,37,7.0,0.1178082191780822,7,2025
2025-09-13,38,4.0,0.1178082191780822,7,2025
2025-09-13,31,3.0,0.1178082191780822,7,2025
2025-09-13,33,0.0,0.1178082191780822,7,2025
2025-09-13,34,10.0,0.1178082191780822,7,2025
2025-09-13,35,1.0,0.1178082191780822,7,2025
2025-09-13,32,8.0,0.1178082191780822,7,2025
2025-09-13,36,15.0,0.1178082191780822,7,2025
2025-09-13,39,16.0,0.1178082191780822,7,2025
2025-09-13,40,9.0,0.1178082191780822,7,2025
2025-09-13,41,3.0,0.1178082191780822,7,2025
2025-09-13,42,120.0,0.1178082191780822,7,2025
2025-09-13,72,122.0,0.1178082191780822,7,2025
2025-09-13,44,0.0,0.1178082191780822,7,2025
2025-09-13,45,15.0,0.1178082191780822,7,2025
2025-09-13,46,2.0,0.1178082191780822,7,2025
2025-09-13,47,36.0,0.1178082191780822,7,2025
2025-09-13,48,112.0,0.1178082191780822,7,2025
2025-09-13,US,993.0,0.1178082191780822,7,2025
2025-09-13,49,4.0,0.1178082191780822,7,2025
2025-09-13,51,12.0,0.1178082191780822,7,2025
2025-09-13,50,1.0,0.1178082191780822,7,2025
2025-09-13,53,14.0,0.1178082191780822,7,2025
2025-09-13,55,8.0,0.1178082191780822,7,2025
2025-09-13,54,1.0,0.1178082191780822,7,2025
2025-09-13,56,1.0,0.1178082191780822,7,2025
2025-09-06,02,3.0,0.09863013698630137,6,2025
2025-09-06,01,23.0,0.09863013698630137,6,2025
2025-09-06,05,2.0,0.09863013698630137,6,2025
2025-09-06,04,5.0,0.09863013698630137,6,2025
2025-09-06,06,89.0,0.09863013698630137,6,2025
2025-09-06,08,3.0,0.09863013698630137,6,2025
2025-09-06,09,6.0,0.09863013698630137,6,2025
2025-09-06,11,0.0,0.09863013698630137,6,2025
2025-09-06,10,0.0,0.09863013698630137,6,2025
2025-09-06,12,181.0,0.09863013698630137,6,2025
2025-09-06,13,12.0,0.09863013698630137,6,2025
2025-09-06,15,4.0,0.09863013698630137,6,2025
2025-09-06,19,2.0,0.09863013698630137,6,2025
2025-09-06,16,0.0,0.09863013698630137,6,2025
2025-09-06,17,5.0,0.09863013698630137,6,2025
2025-09-06,18,13.0,0.09863013698630137,6,2025
2025-09-06,20,3.0,0.09863013698630137,6,2025
2025-09-06,21,8.0,0.09863013698630137,6,2025
2025-09-06,22,19.0,0.09863013698630137,6,2025
2025-09-06,25,14.0,0.09863013698630137,6,2025
2025-09-06,24,3.0,0.09863013698630137,6,2025
2025-09-06,23,1.0,0.09863013698630137,6,2025
2025-09-06,26,14.0,0.09863013698630137,6,2025
2025-09-06,27,2.0,0.09863013698630137,6,2025
2025-09-06,29,7.0,0.09863013698630137,6,2025
2025-09-06,28,17.0,0.09863013698630137,6,2025
2025-09-06,30,5.0,0.09863013698630137,6,2025
2025-09-06,37,11.0,0.09863013698630137,6,2025
2025-09-06,38,2.0,0.09863013698630137,6,2025
2025-09-06,31,3.0,0.09863013698630137,6,2025
2025-09-06,33,0.0,0.09863013698630137,6,2025
2025-09-06,34,14.0,0.09863013698630137,6,2025
2025-09-06,35,2.0,0.09863013698630137,6,2025
2025-09-06,32,5.0,0.09863013698630137,6,2025
2025-09-06,36,19.0,0.09863013698630137,6,2025
2025-09-06,39,6.0,0.09863013698630137,6,2025
2025-09-06,40,13.0,0.09863013698630137,6,2025
2025-09-06,41,3.0,0.09863013698630137,6,2025
2025-09-06,42,90.0,0.09863013698630137,6,2025
2025-09-06,72,139.0,0.09863013698630137,6,2025
2025-09-06,44,0.0,0.09863013698630137,6,2025
2025-09-06,45,7.0,0.09863013698630137,6,2025
2025-09-06,46,1.0,0.09863013698630137,6,2025
2025-09-06,47,28.0,0.09863013698630137,6,2025
2025-09-06,48,118.0,0.09863013698630137,6,2025
2025-09-06,US,945.0,0.09863013698630137,6,2025
2025-09-06,49,2.0,0.09863013698630137,6,2025
2025-09-06,51,12.0,0.09863013698630137,6,2025
2025-09-06,50,0.0,0.09863013698630137,6,2025
2025-09-06,53,13.0,0.09863013698630137,6,2025
2025-09-06,55,10.0,0.09863013698630137,6,2025
2025-09-06,54,0.0,0.09863013698630137,6,2025
2025-09-06,56,1.0,0.09863013698630137,6,2025
2025-08-30,02,2.0,0.07945205479452055,5,2025
2025-08-30,01,29.0,0.07945205479452055,5,2025
2025-08-30,05,1.0,0.07945205479452055,5,2025
2025-08-30,04,18.0,0.07945205479452055,5,2025
2025-08-30,06,90.0,0.07945205479452055,5,2025
2025-08-30,08,4.0,0.07945205479452055,5,2025
2025-08-30,09,6.0,0.07945205479452055,5,2025
2025-08-30,11,1.0,0.07945205479452055,5,2025
2025-08-30,10,2.0,0.07945205479452055,5,2025
2025-08-30,12,183.0,0.07945205479452055,5,2025
2025-08-30,13,18.0,0.07945205479452055,5,2025
2025-08-30,15,4.0,0.07945205479452055,5,2025
2025-08-30,19,1.0,0.07945205479452055,5,2025
2025-08-30,16,3.0,0.07945205479452055,5,2025
2025-08-30,17,7.0,0.07945205479452055,5,2025
2025-08-30,18,10.0,0.07945205479452055,5,2025
2025-08-30,20,1.0,0.07945205479452055,5,2025
2025-08-30,21,7.0,0.07945205479452055,5,2025
2025-08-30,22,22.0,0.07945205479452055,5,2025
2025-08-30,25,8.0,0.07945205479452055,5,2025
2025-08-30,24,6.0,0.07945205479452055,5,2025
2025-08-30,23,1.0,0.07945205479452055,5,2025
2025-08-30,26,29.0,0.07945205479452055,5,2025
2025-08-30,27,3.0,0.07945205479452055,5,2025
2025-08-30,29,6.0,0.07945205479452055,5,2025
2025-08-30,28,19.0,0.07945205479452055,5,2025
2025-08-30,30,3.0,0.07945205479452055,5,2025
2025-08-30,37,11.0,0.07945205479452055,5,2025
2025-08-30,38,1.0,0.07945205479452055,5,2025
2025-08-30,31,5.0,0.07945205479452055,5,2025
2025-08-30,33,2.0,0.07945205479452055,5,2025
2025-08-30,34,10.0,0.07945205479452055,5,2025
2025-08-30,35,1.0,0.07945205479452055,5,2025
2025-08-30,32,3.0,0.07945205479452055,5,2025
2025-08-30,36,17.0,0.07945205479452055,5,2025
2025-08-30,39,10.0,0.07945205479452055,5,2025
2025-08-30,40,4.0,0.07945205479452055,5,2025
2025-08-30,41,0.0,0.07945205479452055,5,2025
2025-08-30,42,93.0,0.07945205479452055,5,2025
2025-08-30,72,83.0,0.07945205479452055,5,2025
2025-08-30,44,0.0,0.07945205479452055,5,2025
2025-08-30,45,11.0,0.07945205479452055,5,2025
2025-08-30,46,2.0,0.07945205479452055,5,2025
2025-08-30,47,25.0,0.07945205479452055,5,2025
2025-08-30,48,96.0,0.07945205479452055,5,2025
2025-08-30,US,881.0,0.07945205479452055,5,2025
2025-08-30,49,4.0,0.07945205479452055,5,2025
2025-08-30,51,9.0,0.07945205479452055,5,2025
2025-08-30,50,1.0,0.07945205479452055,5,2025
2025-08-30,53,4.0,0.07945205479452055,5,2025
2025-08-30,55,4.0,0.07945205479452055,5,2025
2025-08-30,54,0.0,0.07945205479452055,5,2025
2025-08-30,56,1.0,0.07945205479452055,5,2025
2025-08-23,02,2.0,0.06027397260273973,4,2025
2025-08-23,01,24.0,0.06027397260273973,4,2025
2025-08-23,05,2.0,0.06027397260273973,4,2025
2025-08-23,04,6.0,0.06027397260273973,4,2025
2025-08-23,06,71.0,0.06027397260273973,4,2025
2025-08-23,08,0.0,0.06027397260273973,4,2025
2025-08-23,09,4.0,0.06027397260273973,4,2025
2025-08-23,11,0.0,0.06027397260273973,4,2025
2025-08-23,10,0.0,0.06027397260273973,4,2025
2025-08-23,12,120.0,0.06027397260273973,4,2025
2025-08-23,13,17.0,0.06027397260273973,4,2025
2025-08-23,15,0.0,0.06027397260273973,4,2025
2025-08-23,19,3.0,0.06027397260273973,4,2025
2025-08-23,16,1.0,0.06027397260273973,4,2025
2025-08-23,17,11.0,0.06027397260273973,4,2025
2025-08-23,18,9.0,0.06027397260273973,4,2025
2025-08-23,20,1.0,0.06027397260273973,4,2025
2025-08-23,21,4.0,0.06027397260273973,4,2025
2025-08-23,22,20.0,0.06027397260273973,4,2025
2025-08-23,25,6.0,0.06027397260273973,4,2025
2025-08-23,24,7.0,0.06027397260273973,4,2025
2025-08-23,23,1.0,0.06027397260273973,4,2025
2025-08-23,26,28.0,0.06027397260273973,4,2025
2025-08-23,27,2.0,0.06027397260273973,4,2025
2025-08-23,29,12.0,0.06027397260273973,4,2025
2025-08-23,28,16.0,0.06027397260273973,4,2025
2025-08-23,30,0.0,0.06027397260273973,4,2025
2025-08-23,37,11.0,0.06027397260273973,4,2025
2025-08-23,38,0.0,0.06027397260273973,4,2025
2025-08-23,31,2.0,0.06027397260273973,4,2025
2025-08-23,33,0.0,0.06027397260273973,4,2025
2025-08-23,34,11.0,0.06027397260273973,4,2025
2025-08-23,35,2.0,0.06027397260273973,4,2025
2025-08-23,32,3.0,0.06027397260273973,4,2025
2025-08-23,36,21.0,0.06027397260273973,4,2025
2025-08-23,39,10.0,0.06027397260273973,4,2025
2025-08-23,40,11.0,0.06027397260273973,4,2025
2025-08-23,41,5.0,0.06027397260273973,4,2025
2025-08-23,42,100.0,0.06027397260273973,4,2025
2025-08-23,72,84.0,0.06027397260273973,4,2025
2025-08-23,44,1.0,0.06027397260273973,4,2025
2025-08-23,45,8.0,0.06027397260273973,4,2025
2025-08-23,46,3.0,0.06027397260273973,4,2025
2025-08-23,47,25.0,0.06027397260273973,4,2025
2025-08-23,48,87.0,0.06027397260273973,4,2025
2025-08-23,US,777.0,0.06027397260273973,4,2025
2025-08-23,49,3.0,0.06027397260273973,4,2025
2025-08-23,51,8.0,0.06027397260273973,4,2025
2025-08-23,50,0.0,0.06027397260273973,4,2025
2025-08-23,53,10.0,0.06027397260273973,4,2025
2025-08-23,55,4.0,0.06027397260273973,4,2025
2025-08-23,54,0.0,0.06027397260273973,4,2025
2025-08-23,56,0.0,0.06027397260273973,4,2025
2025-08-16,02,4.0,0.0410958904109589,3,2025
2025-08-16,01,27.0,0.0410958904109589,3,2025
2025-08-16,05,4.0,0.0410958904109589,3,2025
2025-08-16,04,18.0,0.0410958904109589,3,2025
2025-08-16,06,73.0,0.0410958904109589,3,2025
2025-08-16,08,3.0,0.0410958904109589,3,2025
2025-08-16,09,7.0,0.0410958904109589,3,2025
2025-08-16,11,1.0,0.0410958904109589,3,2025
2025-08-16,10,0.0,0.0410958904109589,3,2025
2025-08-16,12,137.0,0.0410958904109589,3,2025
2025-08-16,13,19.0,0.0410958904109589,3,2025
2025-08-16,15,4.0,0.0410958904109589,3,2025
2025-08-16,19,2.0,0.0410958904109589,3,2025
2025-08-16,16,1.0,0.0410958904109589,3,2025
2025-08-16,17,16.0,0.0410958904109589,3,2025
2025-08-16,18,8.0,0.0410958904109589,3,2025
2025-08-16,20,0.0,0.0410958904109589,3,2025
2025-08-16,21,6.0,0.0410958904109589,3,2025
2025-08-16,22,21.0,0.0410958904109589,3,2025
2025-08-16,25,8.0,0.0410958904109589,3,2025
2025-08-16,24,6.0,0.0410958904109589,3,2025
2025-08-16,23,0.0,0.0410958904109589,3,2025
2025-08-16,26,24.0,0.0410958904109589,3,2025
2025-08-16,27,0.0,0.0410958904109589,3,2025
2025-08-16,29,8.0,0.0410958904109589,3,2025
2025-08-16,28,15.0,0.0410958904109589,3,2025
2025-08-16,30,1.0,0.0410958904109589,3,2025
2025-08-16,37,11.0,0.0410958904109589,3,2025
2025-08-16,38,3.0,0.0410958904109589,3,2025
2025-08-16,31,1.0,0.0410958904109589,3,2025
2025-08-16,33,5.0,0.0410958904109589,3,2025
2025-08-16,34,12.0,0.0410958904109589,3,2025
2025-08-16,35,1.0,0.0410958904109589,3,2025
2025-08-16,32,7.0,0.0410958904109589,3,2025
2025-08-16,36,14.0,0.0410958904109589,3,2025
2025-08-16,39,5.0,0.0410958904109589,3,2025
2025-08-16,40,5.0,0.0410958904109589,3,2025
2025-08-16,41,2.0,0.0410958904109589,3,2025
2025-08-16,42,105.0,0.0410958904109589,3,2025
2025-08-16,72,44.0,0.0410958904109589,3,2025
2025-08-16,44,1.0,0.0410958904109589,3,2025
2025-08-16,45,2.0,0.0410958904109589,3,2025
2025-08-16,46,1.0,0.0410958904109589,3,2025
2025-08-16,47,23.0,0.0410958904109589,3,2025
2025-08-16,48,90.0,0.0410958904109589,3,2025
2025-08-16,US,768.0,0.0410958904109589,3,2025
2025-08-16,49,3.0,0.0410958904109589,3,2025
2025-08-16,51,9.0,0.0410958904109589,3,2025
2025-08-16,50,0.0,0.0410958904109589,3,2025
2025-08-16,53,10.0,0.0410958904109589,3,2025
2025-08-16,55,1.0,0.0410958904109589,3,2025
2025-08-16,54,0.0,0.0410958904109589,3,2025
2025-08-16,56,0.0,0.0410958904109589,3,2025
2025-08-09,02,2.0,0.021917808219178082,2,2025
2025-08-09,01,17.0,0.021917808219178082,2,2025
2025-08-09,05,2.0,0.021917808219178082,2,2025
2025-08-09,04,11.0,0.021917808219178082,2,2025
2025-08-09,06,66.0,0.021917808219178082,2,2025
2025-08-09,08,5.0,0.021917808219178082,2,2025
2025-08-09,09,9.0,0.021917808219178082,2,2025
2025-08-09,11,2.0,0.021917808219178082,2,2025
2025-08-09,10,0.0,0.021917808219178082,2,2025
2025-08-09,12,125.0,0.021917808219178082,2,2025
2025-08-09,13,10.0,0.021917808219178082,2,2025
2025-08-09,15,6.0,0.021917808219178082,2,2025
2025-08-09,19,1.0,0.021917808219178082,2,2025
2025-08-09,16,2.0,0.021917808219178082,2,2025
2025-08-09,17,11.0,0.021917808219178082,2,2025
2025-08-09,18,12.0,0.021917808219178082,2,2025
2025-08-09,20,1.0,0.021917808219178082,2,2025
2025-08-09,21,2.0,0.021917808219178082,2,2025
2025-08-09,22,18.0,0.021917808219178082,2,2025
2025-08-09,25,6.0,0.021917808219178082,2,2025
2025-08-09,24,3.0,0.021917808219178082,2,2025
2025-08-09,23,0.0,0.021917808219178082,2,2025
2025-08-09,26,13.0,0.021917808219178082,2,2025
2025-08-09,27,1.0,0.021917808219178082,2,2025
2025-08-09,29,8.0,0.021917808219178082,2,2025
2025-08-09,28,12.0,0.021917808219178082,2,2025
2025-08-09,30,1.0,0.021917808219178082,2,2025
2025-08-09,37,12.0,0.021917808219178082,2,2025
2025-08-09,38,4.0,0.021917808219178082,2,2025
2025-08-09,31,0.0,0.021917808219178082,2,2025
2025-08-09,33,3.0,0.021917808219178082,2,2025
2025-08-09,34,9.0,0.021917808219178082,2,2025
2025-08-09,35,1.0,0.021917808219178082,2,2025
2025-08-09,32,4.0,0.021917808219178082,2,2025
2025-08-09,36,12.0,0.021917808219178082,2,2025
2025-08-09,39,2.0,0.021917808219178082,2,2025
2025-08-09,40,7.0,0.021917808219178082,2,2025
2025-08-09,41,4.0,0.021917808219178082,2,2025
2025-08-09,42,92.0,0.021917808219178082,2,2025
2025-08-09,72,99.0,0.021917808219178082,2,2025
2025-08-09,44,1.0,0.021917808219178082,2,2025
2025-08-09,45,5.0,0.021917808219178082,2,2025
2025-08-09,46,1.0,0.021917808219178082,2,2025
2025-08-09,47,32.0,0.021917808219178082,2,2025
2025-08-09,48,79.0,0.021917808219178082,2,2025
2025-08-09,US,745.0,0.021917808219178082,2,2025
2025-08-09,49,8.0,0.021917808219178082,2,2025
2025-08-09,51,10.0,0.021917808219178082,2,2025
2025-08-09,50,0.0,0.021917808219178082,2,2025
2025-08-09,53,7.0,0.021917808219178082,2,2025
2025-08-09,55,3.0,0.021917808219178082,2,2025
2025-08-09,54,2.0,0.021917808219178082,2,2025
2025-08-09,56,0.0,0.021917808219178082,2,2025
2025-08-02,02,2.0,0.0027397260273972603,1,2025
2025-08-02,01,19.0,0.0027397260273972603,1,2025
2025-08-02,05,2.0,0.0027397260273972603,1,2025
2025-08-02,04,5.0,0.0027397260273972603,1,2025
2025-08-02,06,71.0,0.0027397260273972603,1,2025
2025-08-02,08,3.0,0.0027397260273972603,1,2025
2025-08-02,09,5.0,0.0027397260273972603,1,2025
2025-08-02,11,0.0,0.0027397260273972603,1,2025
2025-08-02,10,0.0,0.0027397260273972603,1,2025
2025-08-02,12,149.0,0.0027397260273972603,1,2025
2025-08-02,13,22.0,0.0027397260273972603,1,2025
2025-08-02,15,4.0,0.0027397260273972603,1,2025
2025-08-02,19,2.0,0.0027397260273972603,1,2025
2025-08-02,16,2.0,0.0027397260273972603,1,2025
2025-08-02,17,14.0,0.0027397260273972603,1,2025
2025-08-02,18,7.0,0.0027397260273972603,1,2025
2025-08-02,20,3.0,0.0027397260273972603,1,2025
2025-08-02,21,5.0,0.0027397260273972603,1,2025
2025-08-02,22,24.0,0.0027397260273972603,1,2025
2025-08-02,25,8.0,0.0027397260273972603,1,2025
2025-08-02,24,6.0,0.0027397260273972603,1,2025
2025-08-02,23,0.0,0.0027397260273972603,1,2025
2025-08-02,26,16.0,0.0027397260273972603,1,2025
2025-08-02,27,3.0,0.0027397260273972603,1,2025
2025-08-02,29,8.0,0.0027397260273972603,1,2025
2025-08-02,28,5.0,0.0027397260273972603,1,2025
2025-08-02,30,0.0,0.0027397260273972603,1,2025
2025-08-02,37,12.0,0.0027397260273972603,1,2025
2025-08-02,38,2.0,0.0027397260273972603,1,2025
2025-08-02,31,1.0,0.0027397260273972603,1,2025
2025-08-02,33,3.0,0.0027397260273972603,1,2025
2025-08-02,34,7.0,0.0027397260273972603,1,2025
2025-08-02,35,1.0,0.0027397260273972603,1,2025
2025-08-02,32,14.0,0.0027397260273972603,1,2025
2025-08-02,36,13.0,0.0027397260273972603,1,2025
2025-08-02,39,16.0,0.0027397260273972603,1,2025
2025-08-02,40,5.0,0.0027397260273972603,1,2025
2025-08-02,41,4.0,0.0027397260273972603,1,2025
2025-08-02,42,92.0,0.0027397260273972603,1,2025
2025-08-02,72,101.0,0.0027397260273972603,1,2025
2025-08-02,44,1.0,0.0027397260273972603,1,2025
2025-08-02,45,6.0,0.0027397260273972603,1,2025
2025-08-02,46,2.0,0.0027397260273972603,1,2025
2025-08-02,47,17.0,0.0027397260273972603,1,2025
2025-08-02,48,84.0,0.0027397260273972603,1,2025
2025-08-02,US,792.0,0.0027397260273972603,1,2025
2025-08-02,49,1.0,0.0027397260273972603,1,2025
2025-08-02,51,10.0,0.0027397260273972603,1,2025
2025-08-02,50,0.0,0.0027397260273972603,1,2025
2025-08-02,53,4.0,0.0027397260273972603,1,2025
2025-08-02,55,5.0,0.0027397260273972603,1,2025
2025-08-02,54,1.0,0.0027397260273972603,1,2025
2025-08-02,56,2.0,0.0027397260273972603,1,2025
2025-07-26,02,4.0,0.9835616438356164,52,2024
2025-07-26,01,16.0,0.9835616438356164,52,2024
2025-07-26,05,4.0,0.9835616438356164,52,2024
2025-07-26,04,6.0,0.9835616438356164,52,2024
2025-07-26,06,67.0,0.9835616438356164,52,2024
2025-07-26,08,2.0,0.9835616438356164,52,2024
2025-07-26,09,4.0,0.9835616438356164,52,2024
2025-07-26,11,0.0,0.9835616438356164,52,2024
2025-07-26,10,0.0,0.9835616438356164,52,2024
2025-07-26,12,167.0,0.9835616438356164,52,2024
2025-07-26,13,14.0,0.9835616438356164,52,2024
2025-07-26,15,6.0,0.9835616438356164,52,2024
2025-07-26,19,0.0,0.9835616438356164,52,2024
2025-07-26,16,2.0,0.9835616438356164,52,2024
2025-07-26,17,7.0,0.9835616438356164,52,2024
2025-07-26,18,6.0,0.9835616438356164,52,2024
2025-07-26,20,3.0,0.9835616438356164,52,2024
2025-07-26,21,16.0,0.9835616438356164,52,2024
2025-07-26,22,16.0,0.9835616438356164,52,2024
2025-07-26,25,4.0,0.9835616438356164,52,2024
2025-07-26,24,18.0,0.9835616438356164,52,2024
2025-07-26,23,1.0,0.9835616438356164,52,2024
2025-07-26,26,18.0,0.9835616438356164,52,2024
2025-07-26,27,4.0,0.9835616438356164,52,2024
2025-07-26,29,13.0,0.9835616438356164,52,2024
2025-07-26,28,12.0,0.9835616438356164,52,2024
2025-07-26,30,0.0,0.9835616438356164,52,2024
2025-07-26,37,14.0,0.9835616438356164,52,2024
2025-07-26,38,0.0,0.9835616438356164,52,2024
2025-07-26,31,2.0,0.9835616438356164,52,2024
2025-07-26,33,3.0,0.9835616438356164,52,2024
2025-07-26,34,10.0,0.9835616438356164,52,2024
2025-07-26,35,3.0,0.9835616438356164,52,2024
2025-07-26,32,6.0,0.9835616438356164,52,2024
2025-07-26,36,19.0,0.9835616438356164,52,2024
2025-07-26,39,19.0,0.9835616438356164,52,2024
2025-07-26,40,10.0,0.9835616438356164,52,2024
2025-07-26,41,9.0,0.9835616438356164,52,2024
2025-07-26,42,119.0,0.9835616438356164,52,2024
2025-07-26,72,110.0,0.9835616438356164,52,2024
2025-07-26,44,0.0,0.9835616438356164,52,2024
2025-07-26,45,5.0,0.9835616438356164,52,2024
2025-07-26,46,4.0,0.9835616438356164,52,2024
2025-07-26,47,23.0,0.9835616438356164,52,2024
2025-07-26,48,87.0,0.9835616438356164,52,2024
2025-07-26,US,878.0,0.9835616438356164,52,2024
2025-07-26,49,4.0,0.9835616438356164,52,2024
2025-07-26,51,12.0,0.9835616438356164,52,2024
2025-07-26,50,0.0,0.9835616438356164,52,2024
2025-07-26,53,6.0,0.9835616438356164,52,2024
2025-07-26,55,3.0,0.9835616438356164,52,2024
2025-07-26,54,0.0,0.9835616438356164,52,2024
2025-07-26,56,0.0,0.9835616438356164,52,2024
2025-07-19,02,6.0,0.9643835616438357,51,2024
2025-07-19,01,13.0,0.9643835616438357,51,2024
2025-07-19,05,4.0,0.9643835616438357,51,2024
2025-07-19,04,10.0,0.9643835616438357,51,2024
2025-07-19,06,73.0,0.9643835616438357,51,2024
2025-07-19,08,4.0,0.9643835616438357,51,2024
2025-07-19,09,4.0,0.9643835616438357,51,2024
2025-07-19,11,2.0,0.9643835616438357,51,2024
2025-07-19,10,1.0,0.9643835616438357,51,2024
2025-07-19,12,167.0,0.9643835616438357,51,2024
2025-07-19,13,21.0,0.9643835616438357,51,2024
2025-07-19,15,3.0,0.9643835616438357,51,2024
2025-07-19,19,3.0,0.9643835616438357,51,2024
2025-07-19,16,2.0,0.9643835616438357,51,2024
2025-07-19,17,11.0,0.9643835616438357,51,2024
2025-07-19,18,7.0,0.9643835616438357,51,2024
2025-07-19,20,3.0,0.9643835616438357,51,2024
2025-07-19,21,9.0,0.9643835616438357,51,2024
2025-07-19,22,20.0,0.9643835616438357,51,2024
2025-07-19,25,10.0,0.9643835616438357,51,2024
2025-07-19,24,4.0,0.9643835616438357,51,2024
2025-07-19,23,1.0,0.9643835616438357,51,2024
2025-07-19,26,14.0,0.9643835616438357,51,2024
2025-07-19,27,4.0,0.9643835616438357,51,2024
2025-07-19,29,12.0,0.9643835616438357,51,2024
2025-07-19,28,12.0,0.9643835616438357,51,2024
2025-07-19,30,2.0,0.9643835616438357,51,2024
2025-07-19,37,12.0,0.9643835616438357,51,2024
2025-07-19,38,1.0,0.9643835616438357,51,2024
2025-07-19,31,2.0,0.9643835616438357,51,2024
2025-07-19,33,1.0,0.9643835616438357,51,2024
2025-07-19,34,13.0,0.9643835616438357,51,2024
2025-07-19,35,3.0,0.9643835616438357,51,2024
2025-07-19,32,9.0,0.9643835616438357,51,2024
2025-07-19,36,19.0,0.9643835616438357,51,2024
2025-07-19,39,15.0,0.9643835616438357,51,2024
2025-07-19,40,4.0,0.9643835616438357,51,2024
2025-07-19,41,7.0,0.9643835616438357,51,2024
2025-07-19,42,106.0,0.9643835616438357,51,2024
2025-07-19,72,99.0,0.9643835616438357,51,2024
2025-07-19,44,0.0,0.9643835616438357,51,2024
2025-07-19,45,3.0,0.9643835616438357,51,2024
2025-07-19,46,0.0,0.9643835616438357,51,2024
2025-07-19,47,34.0,0.9643835616438357,51,2024
2025-07-19,48,82.0,0.9643835616438357,51,2024
2025-07-19,US,854.0,0.9643835616438357,51,2024
2025-07-19,49,4.0,0.9643835616438357,51,2024
2025-07-19,51,5.0,0.9643835616438357,51,2024
2025-07-19,50,0.0,0.9643835616438357,51,2024
2025-07-19,53,5.0,0.9643835616438357,51,2024
2025-07-19,55,7.0,0.9643835616438357,51,2024
2025-07-19,54,0.0,0.9643835616438357,51,2024
2025-07-19,56,0.0,0.9643835616438357,51,2024
2025-07-12,02,2.0,0.9452054794520548,50,2024
2025-07-12,01,11.0,0.9452054794520548,50,2024
2025-07-12,05,8.0,0.9452054794520548,50,2024
2025-07-12,04,15.0,0.9452054794520548,50,2024
2025-07-12,06,105.0,0.9452054794520548,50,2024
2025-07-12,08,8.0,0.9452054794520548,50,2024
2025-07-12,09,5.0,0.9452054794520548,50,2024
2025-07-12,11,0.0,0.9452054794520548,50,2024
2025-07-12,10,2.0,0.9452054794520548,50,2024
2025-07-12,12,177.0,0.9452054794520548,50,2024
2025-07-12,13,17.0,0.9452054794520548,50,2024
2025-07-12,15,4.0,0.9452054794520548,50,2024
2025-07-12,19,0.0,0.9452054794520548,50,2024
2025-07-12,16,4.0,0.9452054794520548,50,2024
2025-07-12,17,30.0,0.9452054794520548,50,2024
2025-07-12,18,4.0,0.9452054794520548,50,2024
2025-07-12,20,2.0,0.9452054794520548,50,2024
2025-07-12,21,8.0,0.9452054794520548,50,2024
2025-07-12,22,19.0,0.9452054794520548,50,2024
2025-07-12,25,14.0,0.9452054794520548,50,2024
2025-07-12,24,4.0,0.9452054794520548,50,2024
2025-07-12,23,1.0,0.9452054794520548,50,2024
2025-07-12,26,17.0,0.9452054794520548,50,2024
2025-07-12,27,7.0,0.9452054794520548,50,2024
2025-07-12,29,12.0,0.9452054794520548,50,2024
2025-07-12,28,15.0,0.9452054794520548,50,2024
2025-07-12,30,3.0,0.9452054794520548,50,2024
2025-07-12,37,12.0,0.9452054794520548,50,2024
2025-07-12,38,0.0,0.9452054794520548,50,2024
2025-07-12,31,1.0,0.9452054794520548,50,2024
2025-07-12,33,3.0,0.9452054794520548,50,2024
2025-07-12,34,18.0,0.9452054794520548,50,2024
2025-07-12,35,3.0,0.9452054794520548,50,2024
2025-07-12,32,4.0,0.9452054794520548,50,2024
2025-07-12,36,24.0,0.9452054794520548,50,2024
2025-07-12,39,11.0,0.9452054794520548,50,2024
2025-07-12,40,2.0,0.9452054794520548,50,2024
2025-07-12,41,7.0,0.9452054794520548,50,2024
2025-07-12,42,127.0,0.9452054794520548,50,2024
2025-07-12,72,104.0,0.9452054794520548,50,2024
2025-07-12,44,1.0,0.9452054794520548,50,2024
2025-07-12,45,4.0,0.9452054794520548,50,2024
2025-07-12,46,0.0,0.9452054794520548,50,2024
2025-07-12,47,33.0,0.9452054794520548,50,2024
2025-07-12,48,87.0,0.9452054794520548,50,2024
2025-07-12,US,965.0,0.9452054794520548,50,2024
2025-07-12,49,7.0,0.9452054794520548,50,2024
2025-07-12,51,10.0,0.9452054794520548,50,2024
2025-07-12,50,0.0,0.9452054794520548,50,2024
2025-07-12,53,8.0,0.9452054794520548,50,2024
2025-07-12,55,1.0,0.9452054794520548,50,2024
2025-07-12,54,3.0,0.9452054794520548,50,2024
2025-07-12,56,1.0,0.9452054794520548,50,2024
2025-07-05,02,4.0,0.9260273972602739,49,2024
2025-07-05,01,15.0,0.9260273972602739,49,2024
2025-07-05,05,5.0,0.9260273972602739,49,2024
2025-07-05,04,24.0,0.9260273972602739,49,2024
2025-07-05,06,86.0,0.9260273972602739,49,2024
2025-07-05,08,5.0,0.9260273972602739,49,2024
2025-07-05,09,2.0,0.9260273972602739,49,2024
2025-07-05,11,0.0,0.9260273972602739,49,2024
2025-07-05,10,3.0,0.9260273972602739,49,2024
2025-07-05,12,181.0,0.9260273972602739,49,2024
2025-07-05,13,9.0,0.9260273972602739,49,2024
2025-07-05,15,9.0,0.9260273972602739,49,2024
2025-07-05,19,2.0,0.9260273972602739,49,2024
2025-07-05,16,5.0,0.9260273972602739,49,2024
2025-07-05,17,42.0,0.9260273972602739,49,2024
2025-07-05,18,10.0,0.9260273972602739,49,2024
2025-07-05,20,3.0,0.9260273972602739,49,2024
2025-07-05,21,11.0,0.9260273972602739,49,2024
2025-07-05,22,21.0,0.9260273972602739,49,2024
2025-07-05,25,17.0,0.9260273972602739,49,2024
2025-07-05,24,7.0,0.9260273972602739,49,2024
2025-07-05,23,1.0,0.9260273972602739,49,2024
2025-07-05,26,19.0,0.9260273972602739,49,2024
2025-07-05,27,4.0,0.9260273972602739,49,2024
2025-07-05,29,11.0,0.9260273972602739,49,2024
2025-07-05,28,10.0,0.9260273972602739,49,2024
2025-07-05,30,2.0,0.9260273972602739,49,2024
2025-07-05,37,15.0,0.9260273972602739,49,2024
2025-07-05,38,4.0,0.9260273972602739,49,2024
2025-07-05,31,1.0,0.9260273972602739,49,2024
2025-07-05,33,1.0,0.9260273972602739,49,2024
2025-07-05,34,23.0,0.9260273972602739,49,2024
2025-07-05,35,4.0,0.9260273972602739,49,2024
2025-07-05,32,8.0,0.9260273972602739,49,2024
2025-07-05,36,22.0,0.9260273972602739,49,2024
2025-07-05,39,18.0,0.9260273972602739,49,2024
2025-07-05,40,8.0,0.9260273972602739,49,2024
2025-07-05,41,13.0,0.9260273972602739,49,2024
2025-07-05,42,104.0,0.9260273972602739,49,2024
2025-07-05,72,126.0,0.9260273972602739,49,2024
2025-07-05,44,0.0,0.9260273972602739,49,2024
2025-07-05,45,11.0,0.9260273972602739,49,2024
2025-07-05,46,1.0,0.9260273972602739,49,2024
2025-07-05,47,13.0,0.9260273972602739,49,2024
2025-07-05,48,78.0,0.9260273972602739,49,2024
2025-07-05,US,996.0,0.9260273972602739,49,2024
2025-07-05,49,6.0,0.9260273972602739,49,2024
2025-07-05,51,14.0,0.9260273972602739,49,2024
2025-07-05,50,0.0,0.9260273972602739,49,2024
2025-07-05,53,14.0,0.9260273972602739,49,2024
2025-07-05,55,2.0,0.9260273972602739,49,2024
2025-07-05,54,1.0,0.9260273972602739,49,2024
2025-07-05,56,1.0,0.9260273972602739,49,2024
2025-06-28,02,5.0,0.9068493150684932,48,2024
2025-06-28,01,27.0,0.9068493150684932,48,2024
2025-06-28,05,20.0,0.9068493150684932,48,2024
2025-06-28,04,11.0,0.9068493150684932,48,2024
2025-06-28,06,98.0,0.9068493150684932,48,2024
2025-06-28,08,4.0,0.9068493150684932,48,2024
2025-06-28,09,1.0,0.9068493150684932,48,2024
2025-06-28,11,2.0,0.9068493150684932,48,2024
2025-06-28,10,1.0,0.9068493150684932,48,2024
2025-06-28,12,193.0,0.9068493150684932,48,2024
2025-06-28,13,24.0,0.9068493150684932,48,2024
2025-06-28,15,8.0,0.9068493150684932,48,2024
2025-06-28,19,2.0,0.9068493150684932,48,2024
2025-06-28,16,1.0,0.9068493150684932,48,2024
2025-06-28,17,33.0,0.9068493150684932,48,2024
2025-06-28,18,15.0,0.9068493150684932,48,2024
2025-06-28,20,6.0,0.9068493150684932,48,2024
2025-06-28,21,12.0,0.9068493150684932,48,2024
2025-06-28,22,25.0,0.9068493150684932,48,2024
2025-06-28,25,17.0,0.9068493150684932,48,2024
2025-06-28,24,6.0,0.9068493150684932,48,2024
2025-06-28,23,0.0,0.9068493150684932,48,2024
2025-06-28,26,32.0,0.9068493150684932,48,2024
2025-06-28,27,3.0,0.9068493150684932,48,2024
2025-06-28,29,33.0,0.9068493150684932,48,2024
2025-06-28,28,12.0,0.9068493150684932,48,2024
2025-06-28,30,1.0,0.9068493150684932,48,2024
2025-06-28,37,23.0,0.9068493150684932,48,2024
2025-06-28,38,1.0,0.9068493150684932,48,2024
2025-06-28,31,0.0,0.9068493150684932,48,2024
2025-06-28,33,0.0,0.9068493150684932,48,2024
2025-06-28,34,25.0,0.9068493150684932,48,2024
2025-06-28,35,3.0,0.9068493150684932,48,2024
2025-06-28,32,10.0,0.9068493150684932,48,2024
2025-06-28,36,22.0,0.9068493150684932,48,2024
2025-06-28,39,14.0,0.9068493150684932,48,2024
2025-06-28,40,14.0,0.9068493150684932,48,2024
2025-06-28,41,12.0,0.9068493150684932,48,2024
2025-06-28,42,144.0,0.9068493150684932,48,2024
2025-06-28,72,114.0,0.9068493150684932,48,2024
2025-06-28,44,0.0,0.9068493150684932,48,2024
2025-06-28,45,16.0,0.9068493150684932,48,2024
2025-06-28,46,2.0,0.9068493150684932,48,2024
2025-06-28,47,19.0,0.9068493150684932,48,2024
2025-06-28,48,104.0,0.9068493150684932,48,2024
2025-06-28,US,1149.0,0.9068493150684932,48,2024
2025-06-28,49,3.0,0.9068493150684932,48,2024
2025-06-28,51,12.0,0.9068493150684932,48,2024
2025-06-28,50,0.0,0.9068493150684932,48,2024
2025-06-28,53,13.0,0.9068493150684932,48,2024
2025-06-28,55,3.0,0.9068493150684932,48,2024
2025-06-28,54,1.0,0.9068493150684932,48,2024
2025-06-28,56,1.0,0.9068493150684932,48,2024
2025-06-21,02,17.0,0.8876712328767123,47,2024
2025-06-21,01,22.0,0.8876712328767123,47,2024
2025-06-21,05,14.0,0.8876712328767123,47,2024
2025-06-21,04,18.0,0.8876712328767123,47,2024
2025-06-21,06,122.0,0.8876712328767123,47,2024
2025-06-21,08,4.0,0.8876712328767123,47,2024
2025-06-21,09,4.0,0.8876712328767123,47,2024
2025-06-21,11,1.0,0.8876712328767123,47,2024
2025-06-21,10,3.0,0.8876712328767123,47,2024
2025-06-21,12,217.0,0.8876712328767123,47,2024
2025-06-21,13,18.0,0.8876712328767123,47,2024
2025-06-21,15,5.0,0.8876712328767123,47,2024
2025-06-21,19,3.0,0.8876712328767123,47,2024
2025-06-21,16,7.0,0.8876712328767123,47,2024
2025-06-21,17,23.0,0.8876712328767123,47,2024
2025-06-21,18,11.0,0.8876712328767123,47,2024
2025-06-21,20,5.0,0.8876712328767123,47,2024
2025-06-21,21,13.0,0.8876712328767123,47,2024
2025-06-21,22,36.0,0.8876712328767123,47,2024
2025-06-21,25,8.0,0.8876712328767123,47,2024
2025-06-21,24,6.0,0.8876712328767123,47,2024
2025-06-21,23,2.0,0.8876712328767123,47,2024
2025-06-21,26,27.0,0.8876712328767123,47,2024
2025-06-21,27,7.0,0.8876712328767123,47,2024
2025-06-21,29,39.0,0.8876712328767123,47,2024
2025-06-21,28,18.0,0.8876712328767123,47,2024
2025-06-21,30,2.0,0.8876712328767123,47,2024
2025-06-21,37,22.0,0.8876712328767123,47,2024
2025-06-21,38,3.0,0.8876712328767123,47,2024
2025-06-21,31,0.0,0.8876712328767123,47,2024
2025-06-21,33,2.0,0.8876712328767123,47,2024
2025-06-21,34,20.0,0.8876712328767123,47,2024
2025-06-21,35,8.0,0.8876712328767123,47,2024
2025-06-21,32,12.0,0.8876712328767123,47,2024
2025-06-21,36,27.0,0.8876712328767123,47,2024
2025-06-21,39,16.0,0.8876712328767123,47,2024
2025-06-21,40,11.0,0.8876712328767123,47,2024
2025-06-21,41,11.0,0.8876712328767123,47,2024
2025-06-21,42,153.0,0.8876712328767123,47,2024
2025-06-21,72,209.0,0.8876712328767123,47,2024
2025-06-21,44,0.0,0.8876712328767123,47,2024
2025-06-21,45,10.0,0.8876712328767123,47,2024
2025-06-21,46,6.0,0.8876712328767123,47,2024
2025-06-21,47,33.0,0.8876712328767123,47,2024
2025-06-21,48,120.0,0.8876712328767123,47,2024
2025-06-21,US,1351.0,0.8876712328767123,47,2024
2025-06-21,49,1.0,0.8876712328767123,47,2024
2025-06-21,51,11.0,0.8876712328767123,47,2024
2025-06-21,50,0.0,0.8876712328767123,47,2024
2025-06-21,53,14.0,0.8876712328767123,47,2024
2025-06-21,55,6.0,0.8876712328767123,47,2024
2025-06-21,54,2.0,0.8876712328767123,47,2024
2025-06-21,56,2.0,0.8876712328767123,47,2024
2025-06-14,02,11.0,0.8684931506849315,46,2024
2025-06-14,01,18.0,0.8684931506849315,46,2024
2025-06-14,05,12.0,0.8684931506849315,46,2024
2025-06-14,04,35.0,0.8684931506849315,46,2024
2025-06-14,06,158.0,0.8684931506849315,46,2024
2025-06-14,08,17.0,0.8684931506849315,46,2024
2025-06-14,09,4.0,0.8684931506849315,46,2024
2025-06-14,11,2.0,0.8684931506849315,46,2024
2025-06-14,10,5.0,0.8684931506849315,46,2024
2025-06-14,12,227.0,0.8684931506849315,46,2024
2025-06-14,13,31.0,0.8684931506849315,46,2024
2025-06-14,15,14.0,0.8684931506849315,46,2024
2025-06-14,19,1.0,0.8684931506849315,46,2024
2025-06-14,16,9.0,0.8684931506849315,46,2024
2025-06-14,17,24.0,0.8684931506849315,46,2024
2025-06-14,18,5.0,0.8684931506849315,46,2024
2025-06-14,20,1.0,0.8684931506849315,46,2024
2025-06-14,21,19.0,0.8684931506849315,46,2024
2025-06-14,22,33.0,0.8684931506849315,46,2024
2025-06-14,25,23.0,0.8684931506849315,46,2024
2025-06-14,24,13.0,0.8684931506849315,46,2024
2025-06-14,23,2.0,0.8684931506849315,46,2024
2025-06-14,26,30.0,0.8684931506849315,46,2024
2025-06-14,27,10.0,0.8684931506849315,46,2024
2025-06-14,29,41.0,0.8684931506849315,46,2024
2025-06-14,28,17.0,0.8684931506849315,46,2024
2025-06-14,30,1.0,0.8684931506849315,46,2024
2025-06-14,37,18.0,0.8684931506849315,46,2024
2025-06-14,38,4.0,0.8684931506849315,46,2024
2025-06-14,31,0.0,0.8684931506849315,46,2024
2025-06-14,33,2.0,0.8684931506849315,46,2024
2025-06-14,34,24.0,0.8684931506849315,46,2024
2025-06-14,35,6.0,0.8684931506849315,46,2024
2025-06-14,32,16.0,0.8684931506849315,46,2024
2025-06-14,36,29.0,0.8684931506849315,46,2024
2025-06-14,39,15.0,0.8684931506849315,46,2024
2025-06-14,40,12.0,0.8684931506849315,46,2024
2025-06-14,41,17.0,0.8684931506849315,46,2024
2025-06-14,42,156.0,0.8684931506849315,46,2024
2025-06-14,72,187.0,0.8684931506849315,46,2024
2025-06-14,44,0.0,0.8684931506849315,46,2024
2025-06-14,45,8.0,0.8684931506849315,46,2024
2025-06-14,46,7.0,0.8684931506849315,46,2024
2025-06-14,47,45.0,0.8684931506849315,46,2024
2025-06-14,48,133.0,0.8684931506849315,46,2024
2025-06-14,US,1502.0,0.8684931506849315,46,2024
2025-06-14,49,9.0,0.8684931506849315,46,2024
2025-06-14,51,19.0,0.8684931506849315,46,2024
2025-06-14,50,0.0,0.8684931506849315,46,2024
2025-06-14,53,23.0,0.8684931506849315,46,2024
2025-06-14,55,4.0,0.8684931506849315,46,2024
2025-06-14,54,0.0,0.8684931506849315,46,2024
2025-06-14,56,1.0,0.8684931506849315,46,2024
2025-06-07,02,11.0,0.8493150684931506,45,2024
2025-06-07,01,14.0,0.8493150684931506,45,2024
2025-06-07,05,14.0,0.8493150684931506,45,2024
2025-06-07,04,32.0,0.8493150684931506,45,2024
2025-06-07,06,149.0,0.8493150684931506,45,2024
2025-06-07,08,20.0,0.8493150684931506,45,2024
2025-06-07,09,8.0,0.8493150684931506,45,2024
2025-06-07,11,4.0,0.8493150684931506,45,2024
2025-06-07,10,0.0,0.8493150684931506,45,2024
2025-06-07,12,212.0,0.8493150684931506,45,2024
2025-06-07,13,28.0,0.8493150684931506,45,2024
2025-06-07,15,10.0,0.8493150684931506,45,2024
2025-06-07,19,6.0,0.8493150684931506,45,2024
2025-06-07,16,7.0,0.8493150684931506,45,2024
2025-06-07,17,28.0,0.8493150684931506,45,2024
2025-06-07,18,15.0,0.8493150684931506,45,2024
2025-06-07,20,2.0,0.8493150684931506,45,2024
2025-06-07,21,20.0,0.8493150684931506,45,2024
2025-06-07,22,32.0,0.8493150684931506,45,2024
2025-06-07,25,19.0,0.8493150684931506,45,2024
2025-06-07,24,34.0,0.8493150684931506,45,2024
2025-06-07,23,0.0,0.8493150684931506,45,2024
2025-06-07,26,30.0,0.8493150684931506,45,2024
2025-06-07,27,6.0,0.8493150684931506,45,2024
2025-06-07,29,33.0,0.8493150684931506,45,2024
2025-06-07,28,17.0,0.8493150684931506,45,2024
2025-06-07,30,2.0,0.8493150684931506,45,2024
2025-06-07,37,25.0,0.8493150684931506,45,2024
2025-06-07,38,5.0,0.8493150684931506,45,2024
2025-06-07,31,4.0,0.8493150684931506,45,2024
2025-06-07,33,1.0,0.8493150684931506,45,2024
2025-06-07,34,26.0,0.8493150684931506,45,2024
2025-06-07,35,10.0,0.8493150684931506,45,2024
2025-06-07,32,12.0,0.8493150684931506,45,2024
2025-06-07,36,27.0,0.8493150684931506,45,2024
2025-06-07,39,20.0,0.8493150684931506,45,2024
2025-06-07,40,12.0,0.8493150684931506,45,2024
2025-06-07,41,16.0,0.8493150684931506,45,2024
2025-06-07,42,162.0,0.8493150684931506,45,2024
2025-06-07,72,178.0,0.8493150684931506,45,2024
2025-06-07,44,3.0,0.8493150684931506,45,2024
2025-06-07,45,9.0,0.8493150684931506,45,2024
2025-06-07,46,3.0,0.8493150684931506,45,2024
2025-06-07,47,35.0,0.8493150684931506,45,2024
2025-06-07,48,147.0,0.8493150684931506,45,2024
2025-06-07,US,1519.0,0.8493150684931506,45,2024
2025-06-07,49,7.0,0.8493150684931506,45,2024
2025-06-07,51,20.0,0.8493150684931506,45,2024
2025-06-07,50,0.0,0.8493150684931506,45,2024
2025-06-07,53,31.0,0.8493150684931506,45,2024
2025-06-07,55,2.0,0.8493150684931506,45,2024
2025-06-07,54,7.0,0.8493150684931506,45,2024
2025-06-07,56,2.0,0.8493150684931506,45,2024
2025-05-31,02,8.0,0.8301369863013699,44,2024
2025-05-31,01,11.0,0.8301369863013699,44,2024
2025-05-31,05,14.0,0.8301369863013699,44,2024
2025-05-31,04,55.0,0.8301369863013699,44,2024
2025-05-31,06,190.0,0.8301369863013699,44,2024
2025-05-31,08,19.0,0.8301369863013699,44,2024
2025-05-31,09,16.0,0.8301369863013699,44,2024
2025-05-31,11,5.0,0.8301369863013699,44,2024
2025-05-31,10,0.0,0.8301369863013699,44,2024
2025-05-31,12,232.0,0.8301369863013699,44,2024
2025-05-31,13,26.0,0.8301369863013699,44,2024
2025-05-31,15,19.0,0.8301369863013699,44,2024
2025-05-31,19,4.0,0.8301369863013699,44,2024
2025-05-31,16,5.0,0.8301369863013699,44,2024
2025-05-31,17,56.0,0.8301369863013699,44,2024
2025-05-31,18,20.0,0.8301369863013699,44,2024
2025-05-31,20,9.0,0.8301369863013699,44,2024
2025-05-31,21,21.0,0.8301369863013699,44,2024
2025-05-31,22,33.0,0.8301369863013699,44,2024
2025-05-31,25,26.0,0.8301369863013699,44,2024
2025-05-31,24,38.0,0.8301369863013699,44,2024
2025-05-31,23,1.0,0.8301369863013699,44,2024
2025-05-31,26,51.0,0.8301369863013699,44,2024
2025-05-31,27,12.0,0.8301369863013699,44,2024
2025-05-31,29,44.0,0.8301369863013699,44,2024
2025-05-31,28,18.0,0.8301369863013699,44,2024
2025-05-31,30,4.0,0.8301369863013699,44,2024
2025-05-31,37,18.0,0.8301369863013699,44,2024
2025-05-31,38,1.0,0.8301369863013699,44,2024
2025-05-31,31,2.0,0.8301369863013699,44,2024
2025-05-31,33,3.0,0.8301369863013699,44,2024
2025-05-31,34,30.0,0.8301369863013699,44,2024
2025-05-31,35,7.0,0.8301369863013699,44,2024
2025-05-31,32,15.0,0.8301369863013699,44,2024
2025-05-31,36,41.0,0.8301369863013699,44,2024
2025-05-31,39,19.0,0.8301369863013699,44,2024
2025-05-31,40,8.0,0.8301369863013699,44,2024
2025-05-31,41,14.0,0.8301369863013699,44,2024
2025-05-31,42,187.0,0.8301369863013699,44,2024
2025-05-31,72,255.0,0.8301369863013699,44,2024
2025-05-31,44,2.0,0.8301369863013699,44,2024
2025-05-31,45,18.0,0.8301369863013699,44,2024
2025-05-31,46,5.0,0.8301369863013699,44,2024
2025-05-31,47,35.0,0.8301369863013699,44,2024
2025-05-31,48,164.0,0.8301369863013699,44,2024
2025-05-31,US,1838.0,0.8301369863013699,44,2024
2025-05-31,49,13.0,0.8301369863013699,44,2024
2025-05-31,51,27.0,0.8301369863013699,44,2024
2025-05-31,50,1.0,0.8301369863013699,44,2024
2025-05-31,53,26.0,0.8301369863013699,44,2024
2025-05-31,55,4.0,0.8301369863013699,44,2024
2025-05-31,54,1.0,0.8301369863013699,44,2024
2025-05-31,56,3.0,0.8301369863013699,44,2024
2025-05-24,02,10.0,0.810958904109589,43,2024
2025-05-24,01,28.0,0.810958904109589,43,2024
2025-05-24,05,14.0,0.810958904109589,43,2024
2025-05-24,04,38.0,0.810958904109589,43,2024
2025-05-24,06,185.0,0.810958904109589,43,2024
2025-05-24,08,15.0,0.810958904109589,43,2024
2025-05-24,09,14.0,0.810958904109589,43,2024
2025-05-24,11,2.0,0.810958904109589,43,2024
2025-05-24,10,1.0,0.810958904109589,43,2024
2025-05-24,12,215.0,0.810958904109589,43,2024
2025-05-24,13,21.0,0.810958904109589,43,2024
2025-05-24,15,18.0,0.810958904109589,43,2024
2025-05-24,19,5.0,0.810958904109589,43,2024
2025-05-24,16,11.0,0.810958904109589,43,2024
2025-05-24,17,74.0,0.810958904109589,43,2024
2025-05-24,18,18.0,0.810958904109589,43,2024
2025-05-24,20,11.0,0.810958904109589,43,2024
2025-05-24,21,18.0,0.810958904109589,43,2024
2025-05-24,22,29.0,0.810958904109589,43,2024
2025-05-24,25,29.0,0.810958904109589,43,2024
2025-05-24,24,26.0,0.810958904109589,43,2024
2025-05-24,23,2.0,0.810958904109589,43,2024
2025-05-24,26,51.0,0.810958904109589,43,2024
2025-05-24,27,9.0,0.810958904109589,43,2024
2025-05-24,29,42.0,0.810958904109589,43,2024
2025-05-24,28,13.0,0.810958904109589,43,2024
2025-05-24,30,2.0,0.810958904109589,43,2024
2025-05-24,37,19.0,0.810958904109589,43,2024
2025-05-24,38,3.0,0.810958904109589,43,2024
2025-05-24,31,2.0,0.810958904109589,43,2024
2025-05-24,33,1.0,0.810958904109589,43,2024
2025-05-24,34,25.0,0.810958904109589,43,2024
2025-05-24,35,14.0,0.810958904109589,43,2024
2025-05-24,32,26.0,0.810958904109589,43,2024
2025-05-24,36,50.0,0.810958904109589,43,2024
2025-05-24,39,20.0,0.810958904109589,43,2024
2025-05-24,40,13.0,0.810958904109589,43,2024
2025-05-24,41,20.0,0.810958904109589,43,2024
2025-05-24,42,172.0,0.810958904109589,43,2024
2025-05-24,72,174.0,0.810958904109589,43,2024
2025-05-24,44,2.0,0.810958904109589,43,2024
2025-05-24,45,17.0,0.810958904109589,43,2024
2025-05-24,46,7.0,0.810958904109589,43,2024
2025-05-24,47,36.0,0.810958904109589,43,2024
2025-05-24,48,141.0,0.810958904109589,43,2024
2025-05-24,US,1734.0,0.810958904109589,43,2024
2025-05-24,49,14.0,0.810958904109589,43,2024
2025-05-24,51,33.0,0.810958904109589,43,2024
2025-05-24,50,1.0,0.810958904109589,43,2024
2025-05-24,53,29.0,0.810958904109589,43,2024
2025-05-24,55,10.0,0.810958904109589,43,2024
2025-05-24,54,1.0,0.810958904109589,43,2024
2025-05-24,56,3.0,0.810958904109589,43,2024
2025-05-17,02,6.0,0.7917808219178082,42,2024
2025-05-17,01,37.0,0.7917808219178082,42,2024
2025-05-17,05,13.0,0.7917808219178082,42,2024
2025-05-17,04,69.0,0.7917808219178082,42,2024
2025-05-17,06,171.0,0.7917808219178082,42,2024
2025-05-17,08,19.0,0.7917808219178082,42,2024
2025-05-17,09,17.0,0.7917808219178082,42,2024
2025-05-17,11,2.0,0.7917808219178082,42,2024
2025-05-17,10,0.0,0.7917808219178082,42,2024
2025-05-17,12,219.0,0.7917808219178082,42,2024
2025-05-17,13,34.0,0.7917808219178082,42,2024
2025-05-17,15,25.0,0.7917808219178082,42,2024
2025-05-17,19,1.0,0.7917808219178082,42,2024
2025-05-17,16,11.0,0.7917808219178082,42,2024
2025-05-17,17,52.0,0.7917808219178082,42,2024
2025-05-17,18,25.0,0.7917808219178082,42,2024
2025-05-17,20,8.0,0.7917808219178082,42,2024
2025-05-17,21,15.0,0.7917808219178082,42,2024
2025-05-17,22,40.0,0.7917808219178082,42,2024
2025-05-17,25,30.0,0.7917808219178082,42,2024
2025-05-17,24,10.0,0.7917808219178082,42,2024
2025-05-17,23,2.0,0.7917808219178082,42,2024
2025-05-17,26,62.0,0.7917808219178082,42,2024
2025-05-17,27,7.0,0.7917808219178082,42,2024
2025-05-17,29,53.0,0.7917808219178082,42,2024
2025-05-17,28,16.0,0.7917808219178082,42,2024
2025-05-17,30,0.0,0.7917808219178082,42,2024
2025-05-17,37,18.0,0.7917808219178082,42,2024
2025-05-17,38,7.0,0.7917808219178082,42,2024
2025-05-17,31,5.0,0.7917808219178082,42,2024
2025-05-17,33,3.0,0.7917808219178082,42,2024
2025-05-17,34,43.0,0.7917808219178082,42,2024
2025-05-17,35,11.0,0.7917808219178082,42,2024
2025-05-17,32,16.0,0.7917808219178082,42,2024
2025-05-17,36,63.0,0.7917808219178082,42,2024
2025-05-17,39,25.0,0.7917808219178082,42,2024
2025-05-17,40,19.0,0.7917808219178082,42,2024
2025-05-17,41,19.0,0.7917808219178082,42,2024
2025-05-17,42,173.0,0.7917808219178082,42,2024
2025-05-17,72,202.0,0.7917808219178082,42,2024
2025-05-17,44,2.0,0.7917808219178082,42,2024
2025-05-17,45,15.0,0.7917808219178082,42,2024
2025-05-17,46,5.0,0.7917808219178082,42,2024
2025-05-17,47,50.0,0.7917808219178082,42,2024
2025-05-17,48,202.0,0.7917808219178082,42,2024
2025-05-17,US,1893.0,0.7917808219178082,42,2024
2025-05-17,49,12.0,0.7917808219178082,42,2024
2025-05-17,51,16.0,0.7917808219178082,42,2024
2025-05-17,50,2.0,0.7917808219178082,42,2024
2025-05-17,53,16.0,0.7917808219178082,42,2024
2025-05-17,55,15.0,0.7917808219178082,42,2024
2025-05-17,54,5.0,0.7917808219178082,42,2024
2025-05-17,56,3.0,0.7917808219178082,42,2024
2025-05-10,02,5.0,0.7726027397260274,41,2024
2025-05-10,01,33.0,0.7726027397260274,41,2024
2025-05-10,05,13.0,0.7726027397260274,41,2024
2025-05-10,04,53.0,0.7726027397260274,41,2024
2025-05-10,06,177.0,0.7726027397260274,41,2024
2025-05-10,08,36.0,0.7726027397260274,41,2024
2025-05-10,09,9.0,0.7726027397260274,41,2024
2025-05-10,11,6.0,0.7726027397260274,41,2024
2025-05-10,10,5.0,0.7726027397260274,41,2024
2025-05-10,12,239.0,0.7726027397260274,41,2024
2025-05-10,13,44.0,0.7726027397260274,41,2024
2025-05-10,15,30.0,0.7726027397260274,41,2024
2025-05-10,19,4.0,0.7726027397260274,41,2024
2025-05-10,16,11.0,0.7726027397260274,41,2024
2025-05-10,17,58.0,0.7726027397260274,41,2024
2025-05-10,18,27.0,0.7726027397260274,41,2024
2025-05-10,20,4.0,0.7726027397260274,41,2024
2025-05-10,21,19.0,0.7726027397260274,41,2024
2025-05-10,22,31.0,0.7726027397260274,41,2024
2025-05-10,25,39.0,0.7726027397260274,41,2024
2025-05-10,24,21.0,0.7726027397260274,41,2024
2025-05-10,23,3.0,0.7726027397260274,41,2024
2025-05-10,26,93.0,0.7726027397260274,41,2024
2025-05-10,27,22.0,0.7726027397260274,41,2024
2025-05-10,29,49.0,0.7726027397260274,41,2024
2025-05-10,28,18.0,0.7726027397260274,41,2024
2025-05-10,30,0.0,0.7726027397260274,41,2024
2025-05-10,37,28.0,0.7726027397260274,41,2024
2025-05-10,38,5.0,0.7726027397260274,41,2024
2025-05-10,31,10.0,0.7726027397260274,41,2024
2025-05-10,33,8.0,0.7726027397260274,41,2024
2025-05-10,34,40.0,0.7726027397260274,41,2024
2025-05-10,35,25.0,0.7726027397260274,41,2024
2025-05-10,32,20.0,0.7726027397260274,41,2024
2025-05-10,36,105.0,0.7726027397260274,41,2024
2025-05-10,39,32.0,0.7726027397260274,41,2024
2025-05-10,40,13.0,0.7726027397260274,41,2024
2025-05-10,41,27.0,0.7726027397260274,41,2024
2025-05-10,42,262.0,0.7726027397260274,41,2024
2025-05-10,72,210.0,0.7726027397260274,41,2024
2025-05-10,44,3.0,0.7726027397260274,41,2024
2025-05-10,45,13.0,0.7726027397260274,41,2024
2025-05-10,46,1.0,0.7726027397260274,41,2024
2025-05-10,47,32.0,0.7726027397260274,41,2024
2025-05-10,48,175.0,0.7726027397260274,41,2024
2025-05-10,US,2171.0,0.7726027397260274,41,2024
2025-05-10,49,14.0,0.7726027397260274,41,2024
2025-05-10,51,35.0,0.7726027397260274,41,2024
2025-05-10,50,1.0,0.7726027397260274,41,2024
2025-05-10,53,24.0,0.7726027397260274,41,2024
2025-05-10,55,27.0,0.7726027397260274,41,2024
2025-05-10,54,6.0,0.7726027397260274,41,2024
2025-05-10,56,4.0,0.7726027397260274,41,2024
2025-05-03,02,9.0,0.7534246575342466,40,2024
2025-05-03,01,27.0,0.7534246575342466,40,2024
2025-05-03,05,21.0,0.7534246575342466,40,2024
2025-05-03,04,80.0,0.7534246575342466,40,2024
2025-05-03,06,238.0,0.7534246575342466,40,2024
2025-05-03,08,30.0,0.7534246575342466,40,2024
2025-05-03,09,25.0,0.7534246575342466,40,2024
2025-05-03,11,4.0,0.7534246575342466,40,2024
2025-05-03,10,10.0,0.7534246575342466,40,2024
2025-05-03,12,241.0,0.7534246575342466,40,2024
2025-05-03,13,44.0,0.7534246575342466,40,2024
2025-05-03,15,34.0,0.7534246575342466,40,2024
2025-05-03,19,4.0,0.7534246575342466,40,2024
2025-05-03,16,16.0,0.7534246575342466,40,2024
2025-05-03,17,81.0,0.7534246575342466,40,2024
2025-05-03,18,34.0,0.7534246575342466,40,2024
2025-05-03,20,6.0,0.7534246575342466,40,2024
2025-05-03,21,21.0,0.7534246575342466,40,2024
2025-05-03,22,41.0,0.7534246575342466,40,2024
2025-05-03,25,73.0,0.7534246575342466,40,2024
2025-05-03,24,41.0,0.7534246575342466,40,2024
2025-05-03,23,10.0,0.7534246575342466,40,2024
2025-05-03,26,117.0,0.7534246575342466,40,2024
2025-05-03,27,28.0,0.7534246575342466,40,2024
2025-05-03,29,59.0,0.7534246575342466,40,2024
2025-05-03,28,14.0,0.7534246575342466,40,2024
2025-05-03,30,6.0,0.7534246575342466,40,2024
2025-05-03,37,39.0,0.7534246575342466,40,2024
2025-05-03,38,9.0,0.7534246575342466,40,2024
2025-05-03,31,3.0,0.7534246575342466,40,2024
2025-05-03,33,6.0,0.7534246575342466,40,2024
2025-05-03,34,70.0,0.7534246575342466,40,2024
2025-05-03,35,32.0,0.7534246575342466,40,2024
2025-05-03,32,19.0,0.7534246575342466,40,2024
2025-05-03,36,157.0,0.7534246575342466,40,2024
2025-05-03,39,45.0,0.7534246575342466,40,2024
2025-05-03,40,16.0,0.7534246575342466,40,2024
2025-05-03,41,36.0,0.7534246575342466,40,2024
2025-05-03,42,256.0,0.7534246575342466,40,2024
2025-05-03,72,138.0,0.7534246575342466,40,2024
2025-05-03,44,8.0,0.7534246575342466,40,2024
2025-05-03,45,16.0,0.7534246575342466,40,2024
2025-05-03,46,4.0,0.7534246575342466,40,2024
2025-05-03,47,46.0,0.7534246575342466,40,2024
2025-05-03,48,190.0,0.7534246575342466,40,2024
2025-05-03,US,2525.0,0.7534246575342466,40,2024
2025-05-03,49,17.0,0.7534246575342466,40,2024
2025-05-03,51,40.0,0.7534246575342466,40,2024
2025-05-03,50,3.0,0.7534246575342466,40,2024
2025-05-03,53,20.0,0.7534246575342466,40,2024
2025-05-03,55,30.0,0.7534246575342466,40,2024
2025-05-03,54,10.0,0.7534246575342466,40,2024
2025-05-03,56,1.0,0.7534246575342466,40,2024
2025-04-26,02,9.0,0.7342465753424657,39,2024
2025-04-26,01,35.0,0.7342465753424657,39,2024
2025-04-26,05,24.0,0.7342465753424657,39,2024
2025-04-26,04,77.0,0.7342465753424657,39,2024
2025-04-26,06,254.0,0.7342465753424657,39,2024
2025-04-26,08,42.0,0.7342465753424657,39,2024
2025-04-26,09,53.0,0.7342465753424657,39,2024
2025-04-26,11,7.0,0.7342465753424657,39,2024
2025-04-26,10,4.0,0.7342465753424657,39,2024
2025-04-26,12,268.0,0.7342465753424657,39,2024
2025-04-26,13,44.0,0.7342465753424657,39,2024
2025-04-26,15,24.0,0.7342465753424657,39,2024
2025-04-26,19,14.0,0.7342465753424657,39,2024
2025-04-26,16,21.0,0.7342465753424657,39,2024
2025-04-26,17,124.0,0.7342465753424657,39,2024
2025-04-26,18,43.0,0.7342465753424657,39,2024
2025-04-26,20,9.0,0.7342465753424657,39,2024
2025-04-26,21,39.0,0.7342465753424657,39,2024
2025-04-26,22,60.0,0.7342465753424657,39,2024
2025-04-26,25,84.0,0.7342465753424657,39,2024
2025-04-26,24,47.0,0.7342465753424657,39,2024
2025-04-26,23,16.0,0.7342465753424657,39,2024
2025-04-26,26,127.0,0.7342465753424657,39,2024
2025-04-26,27,25.0,0.7342465753424657,39,2024
2025-04-26,29,66.0,0.7342465753424657,39,2024
2025-04-26,28,21.0,0.7342465753424657,39,2024
2025-04-26,30,11.0,0.7342465753424657,39,2024
2025-04-26,37,50.0,0.7342465753424657,39,2024
2025-04-26,38,11.0,0.7342465753424657,39,2024
2025-04-26,31,12.0,0.7342465753424657,39,2024
2025-04-26,33,9.0,0.7342465753424657,39,2024
2025-04-26,34,72.0,0.7342465753424657,39,2024
2025-04-26,35,42.0,0.7342465753424657,39,2024
2025-04-26,32,29.0,0.7342465753424657,39,2024
2025-04-26,36,209.0,0.7342465753424657,39,2024
2025-04-26,39,87.0,0.7342465753424657,39,2024
2025-04-26,40,17.0,0.7342465753424657,39,2024
2025-04-26,41,33.0,0.7342465753424657,39,2024
2025-04-26,42,474.0,0.7342465753424657,39,2024
2025-04-26,72,185.0,0.7342465753424657,39,2024
2025-04-26,44,4.0,0.7342465753424657,39,2024
2025-04-26,45,33.0,0.7342465753424657,39,2024
2025-04-26,46,8.0,0.7342465753424657,39,2024
2025-04-26,47,65.0,0.7342465753424657,39,2024
2025-04-26,48,229.0,0.7342465753424657,39,2024
2025-04-26,US,3300.0,0.7342465753424657,39,2024
2025-04-26,49,19.0,0.7342465753424657,39,2024
2025-04-26,51,54.0,0.7342465753424657,39,2024
2025-04-26,50,13.0,0.7342465753424657,39,2024
2025-04-26,53,39.0,0.7342465753424657,39,2024
2025-04-26,55,33.0,0.7342465753424657,39,2024
2025-04-26,54,18.0,0.7342465753424657,39,2024
2025-04-26,56,6.0,0.7342465753424657,39,2024
2025-04-19,02,12.0,0.7150684931506849,38,2024
2025-04-19,01,50.0,0.7150684931506849,38,2024
2025-04-19,05,29.0,0.7150684931506849,38,2024
2025-04-19,04,88.0,0.7150684931506849,38,2024
2025-04-19,06,355.0,0.7150684931506849,38,2024
2025-04-19,08,40.0,0.7150684931506849,38,2024
2025-04-19,09,34.0,0.7150684931506849,38,2024
2025-04-19,11,7.0,0.7150684931506849,38,2024
2025-04-19,10,10.0,0.7150684931506849,38,2024
2025-04-19,12,343.0,0.7150684931506849,38,2024
2025-04-19,13,64.0,0.7150684931506849,38,2024
2025-04-19,15,24.0,0.7150684931506849,38,2024
2025-04-19,19,11.0,0.7150684931506849,38,2024
2025-04-19,16,13.0,0.7150684931506849,38,2024
2025-04-19,17,156.0,0.7150684931506849,38,2024
2025-04-19,18,52.0,0.7150684931506849,38,2024
2025-04-19,20,29.0,0.7150684931506849,38,2024
2025-04-19,21,49.0,0.7150684931506849,38,2024
2025-04-19,22,66.0,0.7150684931506849,38,2024
2025-04-19,25,86.0,0.7150684931506849,38,2024
2025-04-19,24,62.0,0.7150684931506849,38,2024
2025-04-19,23,23.0,0.7150684931506849,38,2024
2025-04-19,26,196.0,0.7150684931506849,38,2024
2025-04-19,27,38.0,0.7150684931506849,38,2024
2025-04-19,29,100.0,0.7150684931506849,38,2024
2025-04-19,28,28.0,0.7150684931506849,38,2024
2025-04-19,30,22.0,0.7150684931506849,38,2024
2025-04-19,37,60.0,0.7150684931506849,38,2024
2025-04-19,38,14.0,0.7150684931506849,38,2024
2025-04-19,31,13.0,0.7150684931506849,38,2024
2025-04-19,33,22.0,0.7150684931506849,38,2024
2025-04-19,34,137.0,0.7150684931506849,38,2024
2025-04-19,35,31.0,0.7150684931506849,38,2024
2025-04-19,32,41.0,0.7150684931506849,38,2024
2025-04-19,36,283.0,0.7150684931506849,38,2024
2025-04-19,39,107.0,0.7150684931506849,38,2024
2025-04-19,40,21.0,0.7150684931506849,38,2024
2025-04-19,41,43.0,0.7150684931506849,38,2024
2025-04-19,42,417.0,0.7150684931506849,38,2024
2025-04-19,72,187.0,0.7150684931506849,38,2024
2025-04-19,44,17.0,0.7150684931506849,38,2024
2025-04-19,45,34.0,0.7150684931506849,38,2024
2025-04-19,46,10.0,0.7150684931506849,38,2024
2025-04-19,47,59.0,0.7150684931506849,38,2024
2025-04-19,48,266.0,0.7150684931506849,38,2024
2025-04-19,US,3958.0,0.7150684931506849,38,2024
2025-04-19,49,27.0,0.7150684931506849,38,2024
2025-04-19,51,56.0,0.7150684931506849,38,2024
2025-04-19,50,12.0,0.7150684931506849,38,2024
2025-04-19,53,42.0,0.7150684931506849,38,2024
2025-04-19,55,40.0,0.7150684931506849,38,2024
2025-04-19,54,26.0,0.7150684931506849,38,2024
2025-04-19,56,3.0,0.7150684931506849,38,2024
2025-04-12,02,16.0,0.6958904109589041,37,2024
2025-04-12,01,54.0,0.6958904109589041,37,2024
2025-04-12,05,32.0,0.6958904109589041,37,2024
2025-04-12,04,93.0,0.6958904109589041,37,2024
2025-04-12,06,421.0,0.6958904109589041,37,2024
2025-04-12,08,62.0,0.6958904109589041,37,2024
2025-04-12,09,40.0,0.6958904109589041,37,2024
2025-04-12,11,8.0,0.6958904109589041,37,2024
2025-04-12,10,14.0,0.6958904109589041,37,2024
2025-04-12,12,409.0,0.6958904109589041,37,2024
2025-04-12,13,84.0,0.6958904109589041,37,2024
2025-04-12,15,24.0,0.6958904109589041,37,2024
2025-04-12,19,24.0,0.6958904109589041,37,2024
2025-04-12,16,27.0,0.6958904109589041,37,2024
2025-04-12,17,156.0,0.6958904109589041,37,2024
2025-04-12,18,87.0,0.6958904109589041,37,2024
2025-04-12,20,29.0,0.6958904109589041,37,2024
2025-04-12,21,88.0,0.6958904109589041,37,2024
2025-04-12,22,76.0,0.6958904109589041,37,2024
2025-04-12,25,119.0,0.6958904109589041,37,2024
2025-04-12,24,94.0,0.6958904109589041,37,2024
2025-04-12,23,40.0,0.6958904109589041,37,2024
2025-04-12,26,255.0,0.6958904109589041,37,2024
2025-04-12,27,53.0,0.6958904109589041,37,2024
2025-04-12,29,99.0,0.6958904109589041,37,2024
2025-04-12,28,43.0,0.6958904109589041,37,2024
2025-04-12,30,34.0,0.6958904109589041,37,2024
2025-04-12,37,98.0,0.6958904109589041,37,2024
2025-04-12,38,12.0,0.6958904109589041,37,2024
2025-04-12,31,16.0,0.6958904109589041,37,2024
2025-04-12,33,22.0,0.6958904109589041,37,2024
2025-04-12,34,161.0,0.6958904109589041,37,2024
2025-04-12,35,37.0,0.6958904109589041,37,2024
2025-04-12,32,48.0,0.6958904109589041,37,2024
2025-04-12,36,396.0,0.6958904109589041,37,2024
2025-04-12,39,166.0,0.6958904109589041,37,2024
2025-04-12,40,20.0,0.6958904109589041,37,2024
2025-04-12,41,50.0,0.6958904109589041,37,2024
2025-04-12,42,479.0,0.6958904109589041,37,2024
2025-04-12,72,274.0,0.6958904109589041,37,2024
2025-04-12,44,22.0,0.6958904109589041,37,2024
2025-04-12,45,43.0,0.6958904109589041,37,2024
2025-04-12,46,7.0,0.6958904109589041,37,2024
2025-04-12,47,100.0,0.6958904109589041,37,2024
2025-04-12,48,283.0,0.6958904109589041,37,2024
2025-04-12,US,5041.0,0.6958904109589041,37,2024
2025-04-12,49,33.0,0.6958904109589041,37,2024
2025-04-12,51,93.0,0.6958904109589041,37,2024
2025-04-12,50,8.0,0.6958904109589041,37,2024
2025-04-12,53,74.0,0.6958904109589041,37,2024
2025-04-12,55,66.0,0.6958904109589041,37,2024
2025-04-12,54,47.0,0.6958904109589041,37,2024
2025-04-12,56,4.0,0.6958904109589041,37,2024
2025-04-05,02,17.0,0.6767123287671233,36,2024
2025-04-05,01,85.0,0.6767123287671233,36,2024
2025-04-05,05,71.0,0.6767123287671233,36,2024
2025-04-05,04,111.0,0.6767123287671233,36,2024
2025-04-05,06,453.0,0.6767123287671233,36,2024
2025-04-05,08,86.0,0.6767123287671233,36,2024
2025-04-05,09,53.0,0.6767123287671233,36,2024
2025-04-05,11,28.0,0.6767123287671233,36,2024
2025-04-05,10,24.0,0.6767123287671233,36,2024
2025-04-05,12,591.0,0.6767123287671233,36,2024
2025-04-05,13,162.0,0.6767123287671233,36,2024
2025-04-05,15,39.0,0.6767123287671233,36,2024
2025-04-05,19,43.0,0.6767123287671233,36,2024
2025-04-05,16,27.0,0.6767123287671233,36,2024
2025-04-05,17,297.0,0.6767123287671233,36,2024
2025-04-05,18,126.0,0.6767123287671233,36,2024
2025-04-05,20,40.0,0.6767123287671233,36,2024
2025-04-05,21,175.0,0.6767123287671233,36,2024
2025-04-05,22,121.0,0.6767123287671233,36,2024
2025-04-05,25,143.0,0.6767123287671233,36,2024
2025-04-05,24,129.0,0.6767123287671233,36,2024
2025-04-05,23,55.0,0.6767123287671233,36,2024
2025-04-05,26,305.0,0.6767123287671233,36,2024
2025-04-05,27,59.0,0.6767123287671233,36,2024
2025-04-05,29,130.0,0.6767123287671233,36,2024
2025-04-05,28,48.0,0.6767123287671233,36,2024
2025-04-05,30,32.0,0.6767123287671233,36,2024
2025-04-05,37,188.0,0.6767123287671233,36,2024
2025-04-05,38,14.0,0.6767123287671233,36,2024
2025-04-05,31,14.0,0.6767123287671233,36,2024
2025-04-05,33,17.0,0.6767123287671233,36,2024
2025-04-05,34,248.0,0.6767123287671233,36,2024
2025-04-05,35,58.0,0.6767123287671233,36,2024
2025-04-05,32,41.0,0.6767123287671233,36,2024
2025-04-05,36,508.0,0.6767123287671233,36,2024
2025-04-05,39,269.0,0.6767123287671233,36,2024
2025-04-05,40,40.0,0.6767123287671233,36,2024
2025-04-05,41,85.0,0.6767123287671233,36,2024
2025-04-05,42,671.0,0.6767123287671233,36,2024
2025-04-05,72,194.0,0.6767123287671233,36,2024
2025-04-05,44,25.0,0.6767123287671233,36,2024
2025-04-05,45,80.0,0.6767123287671233,36,2024
2025-04-05,46,8.0,0.6767123287671233,36,2024
2025-04-05,47,150.0,0.6767123287671233,36,2024
2025-04-05,48,369.0,0.6767123287671233,36,2024
2025-04-05,US,6956.0,0.6767123287671233,36,2024
2025-04-05,49,54.0,0.6767123287671233,36,2024
2025-04-05,51,153.0,0.6767123287671233,36,2024
2025-04-05,50,28.0,0.6767123287671233,36,2024
2025-04-05,53,101.0,0.6767123287671233,36,2024
2025-04-05,55,77.0,0.6767123287671233,36,2024
2025-04-05,54,102.0,0.6767123287671233,36,2024
2025-04-05,56,12.0,0.6767123287671233,36,2024
2025-03-29,02,32.0,0.6575342465753424,35,2024
2025-03-29,01,169.0,0.6575342465753424,35,2024
2025-03-29,05,111.0,0.6575342465753424,35,2024
2025-03-29,04,238.0,0.6575342465753424,35,2024
2025-03-29,06,595.0,0.6575342465753424,35,2024
2025-03-29,08,121.0,0.6575342465753424,35,2024
2025-03-29,09,77.0,0.6575342465753424,35,2024
2025-03-29,11,69.0,0.6575342465753424,35,2024
2025-03-29,10,34.0,0.6575342465753424,35,2024
2025-03-29,12,727.0,0.6575342465753424,35,2024
2025-03-29,13,190.0,0.6575342465753424,35,2024
2025-03-29,15,31.0,0.6575342465753424,35,2024
2025-03-29,19,55.0,0.6575342465753424,35,2024
2025-03-29,16,50.0,0.6575342465753424,35,2024
2025-03-29,17,355.0,0.6575342465753424,35,2024
2025-03-29,18,237.0,0.6575342465753424,35,2024
2025-03-29,20,68.0,0.6575342465753424,35,2024
2025-03-29,21,267.0,0.6575342465753424,35,2024
2025-03-29,22,178.0,0.6575342465753424,35,2024
2025-03-29,25,223.0,0.6575342465753424,35,2024
2025-03-29,24,135.0,0.6575342465753424,35,2024
2025-03-29,23,59.0,0.6575342465753424,35,2024
2025-03-29,26,636.0,0.6575342465753424,35,2024
2025-03-29,27,81.0,0.6575342465753424,35,2024
2025-03-29,29,189.0,0.6575342465753424,35,2024
2025-03-29,28,51.0,0.6575342465753424,35,2024
2025-03-29,30,59.0,0.6575342465753424,35,2024
2025-03-29,37,301.0,0.6575342465753424,35,2024
2025-03-29,38,25.0,0.6575342465753424,35,2024
2025-03-29,31,37.0,0.6575342465753424,35,2024
2025-03-29,33,34.0,0.6575342465753424,35,2024
2025-03-29,34,282.0,0.6575342465753424,35,2024
2025-03-29,35,90.0,0.6575342465753424,35,2024
2025-03-29,32,70.0,0.6575342465753424,35,2024
2025-03-29,36,612.0,0.6575342465753424,35,2024
2025-03-29,39,451.0,0.6575342465753424,35,2024
2025-03-29,40,75.0,0.6575342465753424,35,2024
2025-03-29,41,95.0,0.6575342465753424,35,2024
2025-03-29,42,959.0,0.6575342465753424,35,2024
2025-03-29,72,212.0,0.6575342465753424,35,2024
2025-03-29,44,26.0,0.6575342465753424,35,2024
2025-03-29,45,137.0,0.6575342465753424,35,2024
2025-03-29,46,11.0,0.6575342465753424,35,2024
2025-03-29,47,219.0,0.6575342465753424,35,2024
2025-03-29,48,538.0,0.6575342465753424,35,2024
2025-03-29,US,9951.0,0.6575342465753424,35,2024
2025-03-29,49,54.0,0.6575342465753424,35,2024
2025-03-29,51,213.0,0.6575342465753424,35,2024
2025-03-29,50,26.0,0.6575342465753424,35,2024
2025-03-29,53,113.0,0.6575342465753424,35,2024
2025-03-29,55,136.0,0.6575342465753424,35,2024
2025-03-29,54,168.0,0.6575342465753424,35,2024
2025-03-29,56,23.0,0.6575342465753424,35,2024
2025-03-22,02,26.0,0.6383561643835617,34,2024
2025-03-22,01,193.0,0.6383561643835617,34,2024
2025-03-22,05,164.0,0.6383561643835617,34,2024
2025-03-22,04,346.0,0.6383561643835617,34,2024
2025-03-22,06,707.0,0.6383561643835617,34,2024
2025-03-22,08,162.0,0.6383561643835617,34,2024
2025-03-22,09,118.0,0.6383561643835617,34,2024
2025-03-22,11,67.0,0.6383561643835617,34,2024
2025-03-22,10,48.0,0.6383561643835617,34,2024
2025-03-22,12,925.0,0.6383561643835617,34,2024
2025-03-22,13,235.0,0.6383561643835617,34,2024
2025-03-22,15,42.0,0.6383561643835617,34,2024
2025-03-22,19,99.0,0.6383561643835617,34,2024
2025-03-22,16,83.0,0.6383561643835617,34,2024
2025-03-22,17,509.0,0.6383561643835617,34,2024
2025-03-22,18,392.0,0.6383561643835617,34,2024
2025-03-22,20,120.0,0.6383561643835617,34,2024
2025-03-22,21,372.0,0.6383561643835617,34,2024
2025-03-22,22,230.0,0.6383561643835617,34,2024
2025-03-22,25,320.0,0.6383561643835617,34,2024
2025-03-22,24,210.0,0.6383561643835617,34,2024
2025-03-22,23,83.0,0.6383561643835617,34,2024
2025-03-22,26,948.0,0.6383561643835617,34,2024
2025-03-22,27,182.0,0.6383561643835617,34,2024
2025-03-22,29,370.0,0.6383561643835617,34,2024
2025-03-22,28,102.0,0.6383561643835617,34,2024
2025-03-22,30,91.0,0.6383561643835617,34,2024
2025-03-22,37,434.0,0.6383561643835617,34,2024
2025-03-22,38,24.0,0.6383561643835617,34,2024
2025-03-22,31,58.0,0.6383561643835617,34,2024
2025-03-22,33,53.0,0.6383561643835617,34,2024
2025-03-22,34,345.0,0.6383561643835617,34,2024
2025-03-22,35,110.0,0.6383561643835617,34,2024
2025-03-22,32,81.0,0.6383561643835617,34,2024
2025-03-22,36,897.0,0.6383561643835617,34,2024
2025-03-22,39,788.0,0.6383561643835617,34,2024
2025-03-22,40,86.0,0.6383561643835617,34,2024
2025-03-22,41,126.0,0.6383561643835617,34,2024
2025-03-22,42,1347.0,0.6383561643835617,34,2024
2025-03-22,72,243.0,0.6383561643835617,34,2024
2025-03-22,44,43.0,0.6383561643835617,34,2024
2025-03-22,45,188.0,0.6383561643835617,34,2024
2025-03-22,46,16.0,0.6383561643835617,34,2024
2025-03-22,47,308.0,0.6383561643835617,34,2024
2025-03-22,48,605.0,0.6383561643835617,34,2024
2025-03-22,US,14005.0,0.6383561643835617,34,2024
2025-03-22,49,76.0,0.6383561643835617,34,2024
2025-03-22,51,339.0,0.6383561643835617,34,2024
2025-03-22,50,34.0,0.6383561643835617,34,2024
2025-03-22,53,165.0,0.6383561643835617,34,2024
2025-03-22,55,186.0,0.6383561643835617,34,2024
2025-03-22,54,275.0,0.6383561643835617,34,2024
2025-03-22,56,30.0,0.6383561643835617,34,2024
2025-03-15,02,31.0,0.6191780821917808,33,2024
2025-03-15,01,273.0,0.6191780821917808,33,2024
2025-03-15,05,229.0,0.6191780821917808,33,2024
2025-03-15,04,393.0,0.6191780821917808,33,2024
2025-03-15,06,997.0,0.6191780821917808,33,2024
2025-03-15,08,215.0,0.6191780821917808,33,2024
2025-03-15,09,153.0,0.6191780821917808,33,2024
2025-03-15,11,81.0,0.6191780821917808,33,2024
2025-03-15,10,64.0,0.6191780821917808,33,2024
2025-03-15,12,1111.0,0.6191780821917808,33,2024
2025-03-15,13,365.0,0.6191780821917808,33,2024
2025-03-15,15,56.0,0.6191780821917808,33,2024
2025-03-15,19,187.0,0.6191780821917808,33,2024
2025-03-15,16,99.0,0.6191780821917808,33,2024
2025-03-15,17,718.0,0.6191780821917808,33,2024
2025-03-15,18,599.0,0.6191780821917808,33,2024
2025-03-15,20,164.0,0.6191780821917808,33,2024
2025-03-15,21,494.0,0.6191780821917808,33,2024
2025-03-15,22,327.0,0.6191780821917808,33,2024
2025-03-15,25,446.0,0.6191780821917808,33,2024
2025-03-15,24,291.0,0.6191780821917808,33,2024
2025-03-15,23,115.0,0.6191780821917808,33,2024
2025-03-15,26,855.0,0.6191780821917808,33,2024
2025-03-15,27,158.0,0.6191780821917808,33,2024
2025-03-15,29,440.0,0.6191780821917808,33,2024
2025-03-15,28,190.0,0.6191780821917808,33,2024
2025-03-15,30,125.0,0.6191780821917808,33,2024
2025-03-15,37,667.0,0.6191780821917808,33,2024
2025-03-15,38,36.0,0.6191780821917808,33,2024
2025-03-15,31,80.0,0.6191780821917808,33,2024
2025-03-15,33,79.0,0.6191780821917808,33,2024
2025-03-15,34,465.0,0.6191780821917808,33,2024
2025-03-15,35,146.0,0.6191780821917808,33,2024
2025-03-15,32,88.0,0.6191780821917808,33,2024
2025-03-15,36,1111.0,0.6191780821917808,33,2024
2025-03-15,39,1352.0,0.6191780821917808,33,2024
2025-03-15,40,143.0,0.6191780821917808,33,2024
2025-03-15,41,184.0,0.6191780821917808,33,2024
2025-03-15,42,1648.0,0.6191780821917808,33,2024
2025-03-15,72,346.0,0.6191780821917808,33,2024
2025-03-15,44,68.0,0.6191780821917808,33,2024
2025-03-15,45,269.0,0.6191780821917808,33,2024
2025-03-15,46,26.0,0.6191780821917808,33,2024
2025-03-15,47,461.0,0.6191780821917808,33,2024
2025-03-15,48,905.0,0.6191780821917808,33,2024
2025-03-15,US,18822.0,0.6191780821917808,33,2024
2025-03-15,49,102.0,0.6191780821917808,33,2024
2025-03-15,51,514.0,0.6191780821917808,33,2024
2025-03-15,50,32.0,0.6191780821917808,33,2024
2025-03-15,53,201.0,0.6191780821917808,33,2024
2025-03-15,55,326.0,0.6191780821917808,33,2024
2025-03-15,54,347.0,0.6191780821917808,33,2024
2025-03-15,56,44.0,0.6191780821917808,33,2024
2025-03-08,02,62.0,0.6,32,2024
2025-03-08,01,315.0,0.6,32,2024
2025-03-08,05,325.0,0.6,32,2024
2025-03-08,04,499.0,0.6,32,2024
2025-03-08,06,1073.0,0.6,32,2024
2025-03-08,08,311.0,0.6,32,2024
2025-03-08,09,187.0,0.6,32,2024
2025-03-08,11,103.0,0.6,32,2024
2025-03-08,10,81.0,0.6,32,2024
2025-03-08,12,1324.0,0.6,32,2024
2025-03-08,13,396.0,0.6,32,2024
2025-03-08,15,63.0,0.6,32,2024
2025-03-08,19,271.0,0.6,32,2024
2025-03-08,16,95.0,0.6,32,2024
2025-03-08,17,960.0,0.6,32,2024
2025-03-08,18,900.0,0.6,32,2024
2025-03-08,20,251.0,0.6,32,2024
2025-03-08,21,633.0,0.6,32,2024
2025-03-08,22,398.0,0.6,32,2024
2025-03-08,25,749.0,0.6,32,2024
2025-03-08,24,379.0,0.6,32,2024
2025-03-08,23,200.0,0.6,32,2024
2025-03-08,26,1264.0,0.6,32,2024
2025-03-08,27,195.0,0.6,32,2024
2025-03-08,29,692.0,0.6,32,2024
2025-03-08,28,172.0,0.6,32,2024
2025-03-08,30,159.0,0.6,32,2024
2025-03-08,37,822.0,0.6,32,2024
2025-03-08,38,32.0,0.6,32,2024
2025-03-08,31,153.0,0.6,32,2024
2025-03-08,33,145.0,0.6,32,2024
2025-03-08,34,630.0,0.6,32,2024
2025-03-08,35,178.0,0.6,32,2024
2025-03-08,32,79.0,0.6,32,2024
2025-03-08,36,1282.0,0.6,32,2024
2025-03-08,39,1882.0,0.6,32,2024
2025-03-08,40,236.0,0.6,32,2024
2025-03-08,41,208.0,0.6,32,2024
2025-03-08,42,2429.0,0.6,32,2024
2025-03-08,72,283.0,0.6,32,2024
2025-03-08,44,79.0,0.6,32,2024
2025-03-08,45,408.0,0.6,32,2024
2025-03-08,46,59.0,0.6,32,2024
2025-03-08,47,479.0,0.6,32,2024
2025-03-08,48,1208.0,0.6,32,2024
2025-03-08,US,24643.0,0.6,32,2024
2025-03-08,49,127.0,0.6,32,2024
2025-03-08,51,556.0,0.6,32,2024
2025-03-08,50,43.0,0.6,32,2024
2025-03-08,53,253.0,0.6,32,2024
2025-03-08,55,501.0,0.6,32,2024
2025-03-08,54,458.0,0.6,32,2024
2025-03-08,56,53.0,0.6,32,2024
2025-03-01,02,57.0,0.5808219178082191,31,2024
2025-03-01,01,330.0,0.5808219178082191,31,2024
2025-03-01,05,363.0,0.5808219178082191,31,2024
2025-03-01,04,657.0,0.5808219178082191,31,2024
2025-03-01,06,1468.0,0.5808219178082191,31,2024
2025-03-01,08,381.0,0.5808219178082191,31,2024
2025-03-01,09,278.0,0.5808219178082191,31,2024
2025-03-01,11,120.0,0.5808219178082191,31,2024
2025-03-01,10,125.0,0.5808219178082191,31,2024
2025-03-01,12,1637.0,0.5808219178082191,31,2024
2025-03-01,13,437.0,0.5808219178082191,31,2024
2025-03-01,15,67.0,0.5808219178082191,31,2024
2025-03-01,19,355.0,0.5808219178082191,31,2024
2025-03-01,16,124.0,0.5808219178082191,31,2024
2025-03-01,17,1311.0,0.5808219178082191,31,2024
2025-03-01,18,1210.0,0.5808219178082191,31,2024
2025-03-01,20,308.0,0.5808219178082191,31,2024
2025-03-01,21,774.0,0.5808219178082191,31,2024
2025-03-01,22,359.0,0.5808219178082191,31,2024
2025-03-01,25,1246.0,0.5808219178082191,31,2024
2025-03-01,24,548.0,0.5808219178082191,31,2024
2025-03-01,23,205.0,0.5808219178082191,31,2024
2025-03-01,26,1669.0,0.5808219178082191,31,2024
2025-03-01,27,279.0,0.5808219178082191,31,2024
2025-03-01,29,861.0,0.5808219178082191,31,2024
2025-03-01,28,194.0,0.5808219178082191,31,2024
2025-03-01,30,191.0,0.5808219178082191,31,2024
2025-03-01,37,918.0,0.5808219178082191,31,2024
2025-03-01,38,47.0,0.5808219178082191,31,2024
2025-03-01,31,197.0,0.5808219178082191,31,2024
2025-03-01,33,190.0,0.5808219178082191,31,2024
2025-03-01,34,938.0,0.5808219178082191,31,2024
2025-03-01,35,184.0,0.5808219178082191,31,2024
2025-03-01,32,97.0,0.5808219178082191,31,2024
2025-03-01,36,1631.0,0.5808219178082191,31,2024
2025-03-01,39,2594.0,0.5808219178082191,31,2024
2025-03-01,40,334.0,0.5808219178082191,31,2024
2025-03-01,41,323.0,0.5808219178082191,31,2024
2025-03-01,42,3136.0,0.5808219178082191,31,2024
2025-03-01,72,315.0,0.5808219178082191,31,2024
2025-03-01,44,107.0,0.5808219178082191,31,2024
2025-03-01,45,446.0,0.5808219178082191,31,2024
2025-03-01,46,89.0,0.5808219178082191,31,2024
2025-03-01,47,526.0,0.5808219178082191,31,2024
2025-03-01,48,1548.0,0.5808219178082191,31,2024
2025-03-01,US,31864.0,0.5808219178082191,31,2024
2025-03-01,49,123.0,0.5808219178082191,31,2024
2025-03-01,51,727.0,0.5808219178082191,31,2024
2025-03-01,50,65.0,0.5808219178082191,31,2024
2025-03-01,53,422.0,0.5808219178082191,31,2024
2025-03-01,55,783.0,0.5808219178082191,31,2024
2025-03-01,54,511.0,0.5808219178082191,31,2024
2025-03-01,56,57.0,0.5808219178082191,31,2024
2025-02-22,02,52.0,0.5616438356164384,30,2024
2025-02-22,01,286.0,0.5616438356164384,30,2024
2025-02-22,05,392.0,0.5616438356164384,30,2024
2025-02-22,04,647.0,0.5616438356164384,30,2024
2025-02-22,06,2052.0,0.5616438356164384,30,2024
2025-02-22,08,484.0,0.5616438356164384,30,2024
2025-02-22,09,372.0,0.5616438356164384,30,2024
2025-02-22,11,102.0,0.5616438356164384,30,2024
2025-02-22,10,164.0,0.5616438356164384,30,2024
2025-02-22,12,2082.0,0.5616438356164384,30,2024
2025-02-22,13,461.0,0.5616438356164384,30,2024
2025-02-22,15,86.0,0.5616438356164384,30,2024
2025-02-22,19,404.0,0.5616438356164384,30,2024
2025-02-22,16,152.0,0.5616438356164384,30,2024
2025-02-22,17,1706.0,0.5616438356164384,30,2024
2025-02-22,18,1649.0,0.5616438356164384,30,2024
2025-02-22,20,413.0,0.5616438356164384,30,2024
2025-02-22,21,896.0,0.5616438356164384,30,2024
2025-02-22,22,330.0,0.5616438356164384,30,2024
2025-02-22,25,1381.0,0.5616438356164384,30,2024
2025-02-22,24,764.0,0.5616438356164384,30,2024
2025-02-22,23,266.0,0.5616438356164384,30,2024
2025-02-22,26,1789.0,0.5616438356164384,30,2024
2025-02-22,27,372.0,0.5616438356164384,30,2024
2025-02-22,29,1376.0,0.5616438356164384,30,2024
2025-02-22,28,209.0,0.5616438356164384,30,2024
2025-02-22,30,208.0,0.5616438356164384,30,2024
2025-02-22,37,1174.0,0.5616438356164384,30,2024
2025-02-22,38,65.0,0.5616438356164384,30,2024
2025-02-22,31,297.0,0.5616438356164384,30,2024
2025-02-22,33,212.0,0.5616438356164384,30,2024
2025-02-22,34,1205.0,0.5616438356164384,30,2024
2025-02-22,35,248.0,0.5616438356164384,30,2024
2025-02-22,32,123.0,0.5616438356164384,30,2024
2025-02-22,36,2040.0,0.5616438356164384,30,2024
2025-02-22,39,3240.0,0.5616438356164384,30,2024
2025-02-22,40,500.0,0.5616438356164384,30,2024
2025-02-22,41,486.0,0.5616438356164384,30,2024
2025-02-22,42,3749.0,0.5616438356164384,30,2024
2025-02-22,72,240.0,0.5616438356164384,30,2024
2025-02-22,44,160.0,0.5616438356164384,30,2024
2025-02-22,45,479.0,0.5616438356164384,30,2024
2025-02-22,46,110.0,0.5616438356164384,30,2024
2025-02-22,47,546.0,0.5616438356164384,30,2024
2025-02-22,48,1769.0,0.5616438356164384,30,2024
2025-02-22,US,39241.0,0.5616438356164384,30,2024
2025-02-22,49,183.0,0.5616438356164384,30,2024
2025-02-22,51,909.0,0.5616438356164384,30,2024
2025-02-22,50,107.0,0.5616438356164384,30,2024
2025-02-22,53,671.0,0.5616438356164384,30,2024
2025-02-22,55,892.0,0.5616438356164384,30,2024
2025-02-22,54,640.0,0.5616438356164384,30,2024
2025-02-22,56,99.0,0.5616438356164384,30,2024
2025-02-15,02,53.0,0.5424657534246575,29,2024
2025-02-15,01,415.0,0.5424657534246575,29,2024
2025-02-15,05,543.0,0.5424657534246575,29,2024
2025-02-15,04,711.0,0.5424657534246575,29,2024
2025-02-15,06,2801.0,0.5424657534246575,29,2024
2025-02-15,08,583.0,0.5424657534246575,29,2024
2025-02-15,09,499.0,0.5424657534246575,29,2024
2025-02-15,11,83.0,0.5424657534246575,29,2024
2025-02-15,10,230.0,0.5424657534246575,29,2024
2025-02-15,12,2619.0,0.5424657534246575,29,2024
2025-02-15,13,734.0,0.5424657534246575,29,2024
2025-02-15,15,79.0,0.5424657534246575,29,2024
2025-02-15,19,516.0,0.5424657534246575,29,2024
2025-02-15,16,152.0,0.5424657534246575,29,2024
2025-02-15,17,2064.0,0.5424657534246575,29,2024
2025-02-15,18,1717.0,0.5424657534246575,29,2024
2025-02-15,20,519.0,0.5424657534246575,29,2024
2025-02-15,21,1203.0,0.5424657534246575,29,2024
2025-02-15,22,387.0,0.5424657534246575,29,2024
2025-02-15,25,1522.0,0.5424657534246575,29,2024
2025-02-15,24,1081.0,0.5424657534246575,29,2024
2025-02-15,23,267.0,0.5424657534246575,29,2024
2025-02-15,26,1800.0,0.5424657534246575,29,2024
2025-02-15,27,486.0,0.5424657534246575,29,2024
2025-02-15,29,1424.0,0.5424657534246575,29,2024
2025-02-15,28,265.0,0.5424657534246575,29,2024
2025-02-15,30,159.0,0.5424657534246575,29,2024
2025-02-15,37,1694.0,0.5424657534246575,29,2024
2025-02-15,38,85.0,0.5424657534246575,29,2024
2025-02-15,31,311.0,0.5424657534246575,29,2024
2025-02-15,33,205.0,0.5424657534246575,29,2024
2025-02-15,34,1517.0,0.5424657534246575,29,2024
2025-02-15,35,248.0,0.5424657534246575,29,2024
2025-02-15,32,147.0,0.5424657534246575,29,2024
2025-02-15,36,2499.0,0.5424657534246575,29,2024
2025-02-15,39,3686.0,0.5424657534246575,29,2024
2025-02-15,40,787.0,0.5424657534246575,29,2024
2025-02-15,41,502.0,0.5424657534246575,29,2024
2025-02-15,42,4571.0,0.5424657534246575,29,2024
2025-02-15,72,355.0,0.5424657534246575,29,2024
2025-02-15,44,180.0,0.5424657534246575,29,2024
2025-02-15,45,690.0,0.5424657534246575,29,2024
2025-02-15,46,183.0,0.5424657534246575,29,2024
2025-02-15,47,699.0,0.5424657534246575,29,2024
2025-02-15,48,2510.0,0.5424657534246575,29,2024
2025-02-15,US,47749.0,0.5424657534246575,29,2024
2025-02-15,49,203.0,0.5424657534246575,29,2024
2025-02-15,51,1190.0,0.5424657534246575,29,2024
2025-02-15,50,115.0,0.5424657534246575,29,2024
2025-02-15,53,659.0,0.5424657534246575,29,2024
2025-02-15,55,1107.0,0.5424657534246575,29,2024
2025-02-15,54,617.0,0.5424657534246575,29,2024
2025-02-15,56,72.0,0.5424657534246575,29,2024
2025-02-08,02,26.0,0.5232876712328767,28,2024
2025-02-08,01,663.0,0.5232876712328767,28,2024
2025-02-08,05,752.0,0.5232876712328767,28,2024
2025-02-08,04,836.0,0.5232876712328767,28,2024
2025-02-08,06,3679.0,0.5232876712328767,28,2024
2025-02-08,08,622.0,0.5232876712328767,28,2024
2025-02-08,09,538.0,0.5232876712328767,28,2024
2025-02-08,11,259.0,0.5232876712328767,28,2024
2025-02-08,10,231.0,0.5232876712328767,28,2024
2025-02-08,12,3362.0,0.5232876712328767,28,2024
2025-02-08,13,1301.0,0.5232876712328767,28,2024
2025-02-08,15,83.0,0.5232876712328767,28,2024
2025-02-08,19,607.0,0.5232876712328767,28,2024
2025-02-08,16,175.0,0.5232876712328767,28,2024
2025-02-08,17,2369.0,0.5232876712328767,28,2024
2025-02-08,18,1711.0,0.5232876712328767,28,2024
2025-02-08,20,483.0,0.5232876712328767,28,2024
2025-02-08,21,1196.0,0.5232876712328767,28,2024
2025-02-08,22,494.0,0.5232876712328767,28,2024
2025-02-08,25,1637.0,0.5232876712328767,28,2024
2025-02-08,24,1086.0,0.5232876712328767,28,2024
2025-02-08,23,205.0,0.5232876712328767,28,2024
2025-02-08,26,1701.0,0.5232876712328767,28,2024
2025-02-08,27,689.0,0.5232876712328767,28,2024
2025-02-08,29,1332.0,0.5232876712328767,28,2024
2025-02-08,28,467.0,0.5232876712328767,28,2024
2025-02-08,30,161.0,0.5232876712328767,28,2024
2025-02-08,37,2280.0,0.5232876712328767,28,2024
2025-02-08,38,127.0,0.5232876712328767,28,2024
2025-02-08,31,319.0,0.5232876712328767,28,2024
2025-02-08,33,203.0,0.5232876712328767,28,2024
2025-02-08,34,1888.0,0.5232876712328767,28,2024
2025-02-08,35,215.0,0.5232876712328767,28,2024
2025-02-08,32,222.0,0.5232876712328767,28,2024
2025-02-08,36,2945.0,0.5232876712328767,28,2024
2025-02-08,39,3253.0,0.5232876712328767,28,2024
2025-02-08,40,1076.0,0.5232876712328767,28,2024
2025-02-08,41,566.0,0.5232876712328767,28,2024
2025-02-08,42,4358.0,0.5232876712328767,28,2024
2025-02-08,72,251.0,0.5232876712328767,28,2024
2025-02-08,44,202.0,0.5232876712328767,28,2024
2025-02-08,45,1241.0,0.5232876712328767,28,2024
2025-02-08,46,207.0,0.5232876712328767,28,2024
2025-02-08,47,1067.0,0.5232876712328767,28,2024
2025-02-08,48,4241.0,0.5232876712328767,28,2024
2025-02-08,US,55457.0,0.5232876712328767,28,2024
2025-02-08,49,218.0,0.5232876712328767,28,2024
2025-02-08,51,1315.0,0.5232876712328767,28,2024
2025-02-08,50,134.0,0.5232876712328767,28,2024
2025-02-08,53,747.0,0.5232876712328767,28,2024
2025-02-08,55,1153.0,0.5232876712328767,28,2024
2025-02-08,54,458.0,0.5232876712328767,28,2024
2025-02-08,56,106.0,0.5232876712328767,28,2024
2025-02-01,02,30.0,0.5041095890410959,27,2024
2025-02-01,01,742.0,0.5041095890410959,27,2024
2025-02-01,05,551.0,0.5041095890410959,27,2024
2025-02-01,04,836.0,0.5041095890410959,27,2024
2025-02-01,06,4593.0,0.5041095890410959,27,2024
2025-02-01,08,543.0,0.5041095890410959,27,2024
2025-02-01,09,493.0,0.5041095890410959,27,2024
2025-02-01,11,197.0,0.5041095890410959,27,2024
2025-02-01,10,198.0,0.5041095890410959,27,2024
2025-02-01,12,3800.0,0.5041095890410959,27,2024
2025-02-01,13,1373.0,0.5041095890410959,27,2024
2025-02-01,15,70.0,0.5041095890410959,27,2024
2025-02-01,19,457.0,0.5041095890410959,27,2024
2025-02-01,16,162.0,0.5041095890410959,27,2024
2025-02-01,17,2146.0,0.5041095890410959,27,2024
2025-02-01,18,1295.0,0.5041095890410959,27,2024
2025-02-01,20,390.0,0.5041095890410959,27,2024
2025-02-01,21,741.0,0.5041095890410959,27,2024
2025-02-01,22,620.0,0.5041095890410959,27,2024
2025-02-01,25,1347.0,0.5041095890410959,27,2024
2025-02-01,24,810.0,0.5041095890410959,27,2024
2025-02-01,23,151.0,0.5041095890410959,27,2024
2025-02-01,26,1379.0,0.5041095890410959,27,2024
2025-02-01,27,884.0,0.5041095890410959,27,2024
2025-02-01,29,1039.0,0.5041095890410959,27,2024
2025-02-01,28,537.0,0.5041095890410959,27,2024
2025-02-01,30,109.0,0.5041095890410959,27,2024
2025-02-01,37,2082.0,0.5041095890410959,27,2024
2025-02-01,38,104.0,0.5041095890410959,27,2024
2025-02-01,31,308.0,0.5041095890410959,27,2024
2025-02-01,33,174.0,0.5041095890410959,27,2024
2025-02-01,34,1794.0,0.5041095890410959,27,2024
2025-02-01,35,214.0,0.5041095890410959,27,2024
2025-02-01,32,178.0,0.5041095890410959,27,2024
2025-02-01,36,3128.0,0.5041095890410959,27,2024
2025-02-01,39,2510.0,0.5041095890410959,27,2024
2025-02-01,40,1114.0,0.5041095890410959,27,2024
2025-02-01,41,500.0,0.5041095890410959,27,2024
2025-02-01,42,3853.0,0.5041095890410959,27,2024
2025-02-01,72,348.0,0.5041095890410959,27,2024
2025-02-01,44,173.0,0.5041095890410959,27,2024
2025-02-01,45,1287.0,0.5041095890410959,27,2024
2025-02-01,46,139.0,0.5041095890410959,27,2024
2025-02-01,47,944.0,0.5041095890410959,27,2024
2025-02-01,48,4715.0,0.5041095890410959,27,2024
2025-02-01,US,52465.0,0.5041095890410959,27,2024
2025-02-01,49,195.0,0.5041095890410959,27,2024
2025-02-01,51,1083.0,0.5041095890410959,27,2024
2025-02-01,50,84.0,0.5041095890410959,27,2024
2025-02-01,53,602.0,0.5041095890410959,27,2024
2025-02-01,55,1068.0,0.5041095890410959,27,2024
2025-02-01,54,267.0,0.5041095890410959,27,2024
2025-02-01,56,102.0,0.5041095890410959,27,2024
2025-01-25,02,29.0,0.4849315068493151,26,2024
2025-01-25,01,632.0,0.4849315068493151,26,2024
2025-01-25,05,388.0,0.4849315068493151,26,2024
2025-01-25,04,999.0,0.4849315068493151,26,2024
2025-01-25,06,4094.0,0.4849315068493151,26,2024
2025-01-25,08,456.0,0.4849315068493151,26,2024
2025-01-25,09,385.0,0.4849315068493151,26,2024
2025-01-25,11,207.0,0.4849315068493151,26,2024
2025-01-25,10,117.0,0.4849315068493151,26,2024
2025-01-25,12,3255.0,0.4849315068493151,26,2024
2025-01-25,13,1195.0,0.4849315068493151,26,2024
2025-01-25,15,88.0,0.4849315068493151,26,2024
2025-01-25,19,304.0,0.4849315068493151,26,2024
2025-01-25,16,105.0,0.4849315068493151,26,2024
2025-01-25,17,1728.0,0.4849315068493151,26,2024
2025-01-25,18,788.0,0.4849315068493151,26,2024
2025-01-25,20,216.0,0.4849315068493151,26,2024
2025-01-25,21,439.0,0.4849315068493151,26,2024
2025-01-25,22,521.0,0.4849315068493151,26,2024
2025-01-25,25,991.0,0.4849315068493151,26,2024
2025-01-25,24,611.0,0.4849315068493151,26,2024
2025-01-25,23,109.0,0.4849315068493151,26,2024
2025-01-25,26,992.0,0.4849315068493151,26,2024
2025-01-25,27,928.0,0.4849315068493151,26,2024
2025-01-25,29,655.0,0.4849315068493151,26,2024
2025-01-25,28,323.0,0.4849315068493151,26,2024
2025-01-25,30,68.0,0.4849315068493151,26,2024
2025-01-25,37,1582.0,0.4849315068493151,26,2024
2025-01-25,38,89.0,0.4849315068493151,26,2024
2025-01-25,31,182.0,0.4849315068493151,26,2024
2025-01-25,33,144.0,0.4849315068493151,26,2024
2025-01-25,34,1591.0,0.4849315068493151,26,2024
2025-01-25,35,196.0,0.4849315068493151,26,2024
2025-01-25,32,196.0,0.4849315068493151,26,2024
2025-01-25,36,2931.0,0.4849315068493151,26,2024
2025-01-25,39,1727.0,0.4849315068493151,26,2024
2025-01-25,40,692.0,0.4849315068493151,26,2024
2025-01-25,41,277.0,0.4849315068493151,26,2024
2025-01-25,42,3182.0,0.4849315068493151,26,2024
2025-01-25,72,505.0,0.4849315068493151,26,2024
2025-01-25,44,114.0,0.4849315068493151,26,2024
2025-01-25,45,833.0,0.4849315068493151,26,2024
2025-01-25,46,88.0,0.4849315068493151,26,2024
2025-01-25,47,646.0,0.4849315068493151,26,2024
2025-01-25,48,3307.0,0.4849315068493151,26,2024
2025-01-25,US,41361.0,0.4849315068493151,26,2024
2025-01-25,49,185.0,0.4849315068493151,26,2024
2025-01-25,51,685.0,0.4849315068493151,26,2024
2025-01-25,50,58.0,0.4849315068493151,26,2024
2025-01-25,53,417.0,0.4849315068493151,26,2024
2025-01-25,55,857.0,0.4849315068493151,26,2024
2025-01-25,54,160.0,0.4849315068493151,26,2024
2025-01-25,56,89.0,0.4849315068493151,26,2024
2025-01-18,02,33.0,0.4657534246575342,25,2024
2025-01-18,01,490.0,0.4657534246575342,25,2024
2025-01-18,05,223.0,0.4657534246575342,25,2024
2025-01-18,04,1077.0,0.4657534246575342,25,2024
2025-01-18,06,3659.0,0.4657534246575342,25,2024
2025-01-18,08,441.0,0.4657534246575342,25,2024
2025-01-18,09,251.0,0.4657534246575342,25,2024
2025-01-18,11,58.0,0.4657534246575342,25,2024
2025-01-18,10,94.0,0.4657534246575342,25,2024
2025-01-18,12,2718.0,0.4657534246575342,25,2024
2025-01-18,13,992.0,0.4657534246575342,25,2024
2025-01-18,15,91.0,0.4657534246575342,25,2024
2025-01-18,19,246.0,0.4657534246575342,25,2024
2025-01-18,16,125.0,0.4657534246575342,25,2024
2025-01-18,17,1383.0,0.4657534246575342,25,2024
2025-01-18,18,542.0,0.4657534246575342,25,2024
2025-01-18,20,200.0,0.4657534246575342,25,2024
2025-01-18,21,397.0,0.4657534246575342,25,2024
2025-01-18,22,477.0,0.4657534246575342,25,2024
2025-01-18,25,757.0,0.4657534246575342,25,2024
2025-01-18,24,466.0,0.4657534246575342,25,2024
2025-01-18,23,86.0,0.4657534246575342,25,2024
2025-01-18,26,613.0,0.4657534246575342,25,2024
2025-01-18,27,927.0,0.4657534246575342,25,2024
2025-01-18,29,559.0,0.4657534246575342,25,2024
2025-01-18,28,229.0,0.4657534246575342,25,2024
2025-01-18,30,80.0,0.4657534246575342,25,2024
2025-01-18,37,1109.0,0.4657534246575342,25,2024
2025-01-18,38,61.0,0.4657534246575342,25,2024
2025-01-18,31,128.0,0.4657534246575342,25,2024
2025-01-18,33,86.0,0.4657534246575342,25,2024
2025-01-18,34,1259.0,0.4657534246575342,25,2024
2025-01-18,35,251.0,0.4657534246575342,25,2024
2025-01-18,32,189.0,0.4657534246575342,25,2024
2025-01-18,36,2617.0,0.4657534246575342,25,2024
2025-01-18,39,1146.0,0.4657534246575342,25,2024
2025-01-18,40,439.0,0.4657534246575342,25,2024
2025-01-18,41,290.0,0.4657534246575342,25,2024
2025-01-18,42,2483.0,0.4657534246575342,25,2024
2025-01-18,72,643.0,0.4657534246575342,25,2024
2025-01-18,44,107.0,0.4657534246575342,25,2024
2025-01-18,45,642.0,0.4657534246575342,25,2024
2025-01-18,46,55.0,0.4657534246575342,25,2024
2025-01-18,47,570.0,0.4657534246575342,25,2024
2025-01-18,48,2435.0,0.4657534246575342,25,2024
2025-01-18,US,33631.0,0.4657534246575342,25,2024
2025-01-18,49,199.0,0.4657534246575342,25,2024
2025-01-18,51,493.0,0.4657534246575342,25,2024
2025-01-18,50,41.0,0.4657534246575342,25,2024
2025-01-18,53,360.0,0.4657534246575342,25,2024
2025-01-18,55,593.0,0.4657534246575342,25,2024
2025-01-18,54,133.0,0.4657534246575342,25,2024
2025-01-18,56,84.0,0.4657534246575342,25,2024
2025-01-11,02,45.0,0.4465753424657534,24,2024
2025-01-11,01,477.0,0.4465753424657534,24,2024
2025-01-11,05,158.0,0.4465753424657534,24,2024
2025-01-11,04,1483.0,0.4465753424657534,24,2024
2025-01-11,06,3259.0,0.4465753424657534,24,2024
2025-01-11,08,499.0,0.4465753424657534,24,2024
2025-01-11,09,258.0,0.4465753424657534,24,2024
2025-01-11,11,44.0,0.4465753424657534,24,2024
2025-01-11,10,108.0,0.4465753424657534,24,2024
2025-01-11,12,2458.0,0.4465753424657534,24,2024
2025-01-11,13,823.0,0.4465753424657534,24,2024
2025-01-11,15,113.0,0.4465753424657534,24,2024
2025-01-11,19,266.0,0.4465753424657534,24,2024
2025-01-11,16,136.0,0.4465753424657534,24,2024
2025-01-11,17,1410.0,0.4465753424657534,24,2024
2025-01-11,18,523.0,0.4465753424657534,24,2024
2025-01-11,20,236.0,0.4465753424657534,24,2024
2025-01-11,21,463.0,0.4465753424657534,24,2024
2025-01-11,22,446.0,0.4465753424657534,24,2024
2025-01-11,25,594.0,0.4465753424657534,24,2024
2025-01-11,24,372.0,0.4465753424657534,24,2024
2025-01-11,23,92.0,0.4465753424657534,24,2024
2025-01-11,26,747.0,0.4465753424657534,24,2024
2025-01-11,27,896.0,0.4465753424657534,24,2024
2025-01-11,29,647.0,0.4465753424657534,24,2024
2025-01-11,28,219.0,0.4465753424657534,24,2024
2025-01-11,30,65.0,0.4465753424657534,24,2024
2025-01-11,37,833.0,0.4465753424657534,24,2024
2025-01-11,38,38.0,0.4465753424657534,24,2024
2025-01-11,31,171.0,0.4465753424657534,24,2024
2025-01-11,33,90.0,0.4465753424657534,24,2024
2025-01-11,34,1074.0,0.4465753424657534,24,2024
2025-01-11,35,252.0,0.4465753424657534,24,2024
2025-01-11,32,260.0,0.4465753424657534,24,2024
2025-01-11,36,2249.0,0.4465753424657534,24,2024
2025-01-11,39,1043.0,0.4465753424657534,24,2024
2025-01-11,40,285.0,0.4465753424657534,24,2024
2025-01-11,41,321.0,0.4465753424657534,24,2024
2025-01-11,42,2060.0,0.4465753424657534,24,2024
2025-01-11,72,1249.0,0.4465753424657534,24,2024
2025-01-11,44,69.0,0.4465753424657534,24,2024
2025-01-11,45,443.0,0.4465753424657534,24,2024
2025-01-11,46,50.0,0.4465753424657534,24,2024
2025-01-11,47,684.0,0.4465753424657534,24,2024
2025-01-11,48,2040.0,0.4465753424657534,24,2024
2025-01-11,US,31793.0,0.4465753424657534,24,2024
2025-01-11,49,256.0,0.4465753424657534,24,2024
2025-01-11,51,464.0,0.4465753424657534,24,2024
2025-01-11,50,35.0,0.4465753424657534,24,2024
2025-01-11,53,392.0,0.4465753424657534,24,2024
2025-01-11,55,388.0,0.4465753424657534,24,2024
2025-01-11,54,144.0,0.4465753424657534,24,2024
2025-01-11,56,62.0,0.4465753424657534,24,2024
2025-01-04,02,64.0,0.4273972602739726,23,2024
2025-01-04,01,690.0,0.4273972602739726,23,2024
2025-01-04,05,212.0,0.4273972602739726,23,2024
2025-01-04,04,2846.0,0.4273972602739726,23,2024
2025-01-04,06,4011.0,0.4273972602739726,23,2024
2025-01-04,08,760.0,0.4273972602739726,23,2024
2025-01-04,09,306.0,0.4273972602739726,23,2024
2025-01-04,11,96.0,0.4273972602739726,23,2024
2025-01-04,10,185.0,0.4273972602739726,23,2024
2025-01-04,12,2880.0,0.4273972602739726,23,2024
2025-01-04,13,1144.0,0.4273972602739726,23,2024
2025-01-04,15,125.0,0.4273972602739726,23,2024
2025-01-04,19,190.0,0.4273972602739726,23,2024
2025-01-04,16,252.0,0.4273972602739726,23,2024
2025-01-04,17,1595.0,0.4273972602739726,23,2024
2025-01-04,18,829.0,0.4273972602739726,23,2024
2025-01-04,20,353.0,0.4273972602739726,23,2024
2025-01-04,21,678.0,0.4273972602739726,23,2024
2025-01-04,22,713.0,0.4273972602739726,23,2024
2025-01-04,25,576.0,0.4273972602739726,23,2024
2025-01-04,24,457.0,0.4273972602739726,23,2024
2025-01-04,23,88.0,0.4273972602739726,23,2024
2025-01-04,26,644.0,0.4273972602739726,23,2024
2025-01-04,27,952.0,0.4273972602739726,23,2024
2025-01-04,29,827.0,0.4273972602739726,23,2024
2025-01-04,28,273.0,0.4273972602739726,23,2024
2025-01-04,30,71.0,0.4273972602739726,23,2024
2025-01-04,37,942.0,0.4273972602739726,23,2024
2025-01-04,38,56.0,0.4273972602739726,23,2024
2025-01-04,31,211.0,0.4273972602739726,23,2024
2025-01-04,33,108.0,0.4273972602739726,23,2024
2025-01-04,34,1326.0,0.4273972602739726,23,2024
2025-01-04,35,320.0,0.4273972602739726,23,2024
2025-01-04,32,387.0,0.4273972602739726,23,2024
2025-01-04,36,2594.0,0.4273972602739726,23,2024
2025-01-04,39,1302.0,0.4273972602739726,23,2024
2025-01-04,40,404.0,0.4273972602739726,23,2024
2025-01-04,41,539.0,0.4273972602739726,23,2024
2025-01-04,42,2032.0,0.4273972602739726,23,2024
2025-01-04,72,1010.0,0.4273972602739726,23,2024
2025-01-04,44,93.0,0.4273972602739726,23,2024
2025-01-04,45,520.0,0.4273972602739726,23,2024
2025-01-04,46,47.0,0.4273972602739726,23,2024
2025-01-04,47,1063.0,0.4273972602739726,23,2024
2025-01-04,48,2514.0,0.4273972602739726,23,2024
2025-01-04,US,39615.0,0.4273972602739726,23,2024
2025-01-04,49,388.0,0.4273972602739726,23,2024
2025-01-04,51,669.0,0.4273972602739726,23,2024
2025-01-04,50,35.0,0.4273972602739726,23,2024
2025-01-04,53,531.0,0.4273972602739726,23,2024
2025-01-04,55,389.0,0.4273972602739726,23,2024
2025-01-04,54,199.0,0.4273972602739726,23,2024
2025-01-04,56,116.0,0.4273972602739726,23,2024
2024-12-28,02,35.0,0.40821917808219177,22,2024
2024-12-28,01,667.0,0.40821917808219177,22,2024
2024-12-28,05,127.0,0.40821917808219177,22,2024
2024-12-28,04,2340.0,0.40821917808219177,22,2024
2024-12-28,06,3856.0,0.40821917808219177,22,2024
2024-12-28,08,475.0,0.40821917808219177,22,2024
2024-12-28,09,148.0,0.40821917808219177,22,2024
2024-12-28,11,38.0,0.40821917808219177,22,2024
2024-12-28,10,96.0,0.40821917808219177,22,2024
2024-12-28,12,2091.0,0.40821917808219177,22,2024
2024-12-28,13,800.0,0.40821917808219177,22,2024
2024-12-28,15,57.0,0.40821917808219177,22,2024
2024-12-28,19,118.0,0.40821917808219177,22,2024
2024-12-28,16,333.0,0.40821917808219177,22,2024
2024-12-28,17,1143.0,0.40821917808219177,22,2024
2024-12-28,18,590.0,0.40821917808219177,22,2024
2024-12-28,20,225.0,0.40821917808219177,22,2024
2024-12-28,21,515.0,0.40821917808219177,22,2024
2024-12-28,22,590.0,0.40821917808219177,22,2024
2024-12-28,25,287.0,0.40821917808219177,22,2024
2024-12-28,24,195.0,0.40821917808219177,22,2024
2024-12-28,23,31.0,0.40821917808219177,22,2024
2024-12-28,26,489.0,0.40821917808219177,22,2024
2024-12-28,27,545.0,0.40821917808219177,22,2024
2024-12-28,29,611.0,0.40821917808219177,22,2024
2024-12-28,28,212.0,0.40821917808219177,22,2024
2024-12-28,30,60.0,0.40821917808219177,22,2024
2024-12-28,37,611.0,0.40821917808219177,22,2024
2024-12-28,38,22.0,0.40821917808219177,22,2024
2024-12-28,31,131.0,0.40821917808219177,22,2024
2024-12-28,33,53.0,0.40821917808219177,22,2024
2024-12-28,34,723.0,0.40821917808219177,22,2024
2024-12-28,35,234.0,0.40821917808219177,22,2024
2024-12-28,32,255.0,0.40821917808219177,22,2024
2024-12-28,36,1528.0,0.40821917808219177,22,2024
2024-12-28,39,719.0,0.40821917808219177,22,2024
2024-12-28,40,282.0,0.40821917808219177,22,2024
2024-12-28,41,558.0,0.40821917808219177,22,2024
2024-12-28,42,1210.0,0.40821917808219177,22,2024
2024-12-28,72,707.0,0.40821917808219177,22,2024
2024-12-28,44,65.0,0.40821917808219177,22,2024
2024-12-28,45,327.0,0.40821917808219177,22,2024
2024-12-28,46,33.0,0.40821917808219177,22,2024
2024-12-28,47,747.0,0.40821917808219177,22,2024
2024-12-28,48,2076.0,0.40821917808219177,22,2024
2024-12-28,US,28633.0,0.40821917808219177,22,2024
2024-12-28,49,295.0,0.40821917808219177,22,2024
2024-12-28,51,374.0,0.40821917808219177,22,2024
2024-12-28,50,19.0,0.40821917808219177,22,2024
2024-12-28,53,541.0,0.40821917808219177,22,2024
2024-12-28,55,253.0,0.40821917808219177,22,2024
2024-12-28,54,108.0,0.40821917808219177,22,2024
2024-12-28,56,84.0,0.40821917808219177,22,2024
2024-12-21,02,22.0,0.38904109589041097,21,2024
2024-12-21,01,437.0,0.38904109589041097,21,2024
2024-12-21,05,59.0,0.38904109589041097,21,2024
2024-12-21,04,1534.0,0.38904109589041097,21,2024
2024-12-21,06,2560.0,0.38904109589041097,21,2024
2024-12-21,08,179.0,0.38904109589041097,21,2024
2024-12-21,09,45.0,0.38904109589041097,21,2024
2024-12-21,11,16.0,0.38904109589041097,21,2024
2024-12-21,10,43.0,0.38904109589041097,21,2024
2024-12-21,12,1264.0,0.38904109589041097,21,2024
2024-12-21,13,397.0,0.38904109589041097,21,2024
2024-12-21,15,42.0,0.38904109589041097,21,2024
2024-12-21,19,42.0,0.38904109589041097,21,2024
2024-12-21,16,188.0,0.38904109589041097,21,2024
2024-12-21,17,489.0,0.38904109589041097,21,2024
2024-12-21,18,288.0,0.38904109589041097,21,2024
2024-12-21,20,120.0,0.38904109589041097,21,2024
2024-12-21,21,200.0,0.38904109589041097,21,2024
2024-12-21,22,423.0,0.38904109589041097,21,2024
2024-12-21,25,142.0,0.38904109589041097,21,2024
2024-12-21,24,131.0,0.38904109589041097,21,2024
2024-12-21,23,10.0,0.38904109589041097,21,2024
2024-12-21,26,296.0,0.38904109589041097,21,2024
2024-12-21,27,227.0,0.38904109589041097,21,2024
2024-12-21,29,250.0,0.38904109589041097,21,2024
2024-12-21,28,100.0,0.38904109589041097,21,2024
2024-12-21,30,27.0,0.38904109589041097,21,2024
2024-12-21,37,292.0,0.38904109589041097,21,2024
2024-12-21,38,8.0,0.38904109589041097,21,2024
2024-12-21,31,78.0,0.38904109589041097,21,2024
2024-12-21,33,24.0,0.38904109589041097,21,2024
2024-12-21,34,335.0,0.38904109589041097,21,2024
2024-12-21,35,207.0,0.38904109589041097,21,2024
2024-12-21,32,208.0,0.38904109589041097,21,2024
2024-12-21,36,736.0,0.38904109589041097,21,2024
2024-12-21,39,304.0,0.38904109589041097,21,2024
2024-12-21,40,106.0,0.38904109589041097,21,2024
2024-12-21,41,392.0,0.38904109589041097,21,2024
2024-12-21,42,632.0,0.38904109589041097,21,2024
2024-12-21,72,553.0,0.38904109589041097,21,2024
2024-12-21,44,29.0,0.38904109589041097,21,2024
2024-12-21,45,160.0,0.38904109589041097,21,2024
2024-12-21,46,14.0,0.38904109589041097,21,2024
2024-12-21,47,372.0,0.38904109589041097,21,2024
2024-12-21,48,1169.0,0.38904109589041097,21,2024
2024-12-21,US,16106.0,0.38904109589041097,21,2024
2024-12-21,49,163.0,0.38904109589041097,21,2024
2024-12-21,51,192.0,0.38904109589041097,21,2024
2024-12-21,50,8.0,0.38904109589041097,21,2024
2024-12-21,53,418.0,0.38904109589041097,21,2024
2024-12-21,55,120.0,0.38904109589041097,21,2024
2024-12-21,54,37.0,0.38904109589041097,21,2024
2024-12-21,56,18.0,0.38904109589041097,21,2024
2024-12-14,02,27.0,0.3698630136986301,20,2024
2024-12-14,01,193.0,0.3698630136986301,20,2024
2024-12-14,05,42.0,0.3698630136986301,20,2024
2024-12-14,04,1023.0,0.3698630136986301,20,2024
2024-12-14,06,1515.0,0.3698630136986301,20,2024
2024-12-14,08,129.0,0.3698630136986301,20,2024
2024-12-14,09,24.0,0.3698630136986301,20,2024
2024-12-14,11,4.0,0.3698630136986301,20,2024
2024-12-14,10,15.0,0.3698630136986301,20,2024
2024-12-14,12,893.0,0.3698630136986301,20,2024
2024-12-14,13,215.0,0.3698630136986301,20,2024
2024-12-14,15,34.0,0.3698630136986301,20,2024
2024-12-14,19,23.0,0.3698630136986301,20,2024
2024-12-14,16,110.0,0.3698630136986301,20,2024
2024-12-14,17,242.0,0.3698630136986301,20,2024
2024-12-14,18,142.0,0.3698630136986301,20,2024
2024-12-14,20,90.0,0.3698630136986301,20,2024
2024-12-14,21,79.0,0.3698630136986301,20,2024
2024-12-14,22,252.0,0.3698630136986301,20,2024
2024-12-14,25,133.0,0.3698630136986301,20,2024
2024-12-14,24,73.0,0.3698630136986301,20,2024
2024-12-14,23,2.0,0.3698630136986301,20,2024
2024-12-14,26,172.0,0.3698630136986301,20,2024
2024-12-14,27,92.0,0.3698630136986301,20,2024
2024-12-14,29,88.0,0.3698630136986301,20,2024
2024-12-14,28,62.0,0.3698630136986301,20,2024
2024-12-14,30,6.0,0.3698630136986301,20,2024
2024-12-14,37,173.0,0.3698630136986301,20,2024
2024-12-14,38,5.0,0.3698630136986301,20,2024
2024-12-14,31,19.0,0.3698630136986301,20,2024
2024-12-14,33,22.0,0.3698630136986301,20,2024
2024-12-14,34,174.0,0.3698630136986301,20,2024
2024-12-14,35,108.0,0.3698630136986301,20,2024
2024-12-14,32,113.0,0.3698630136986301,20,2024
2024-12-14,36,432.0,0.3698630136986301,20,2024
2024-12-14,39,151.0,0.3698630136986301,20,2024
2024-12-14,40,56.0,0.3698630136986301,20,2024
2024-12-14,41,242.0,0.3698630136986301,20,2024
2024-12-14,42,349.0,0.3698630136986301,20,2024
2024-12-14,72,470.0,0.3698630136986301,20,2024
2024-12-14,44,28.0,0.3698630136986301,20,2024
2024-12-14,45,80.0,0.3698630136986301,20,2024
2024-12-14,46,8.0,0.3698630136986301,20,2024
2024-12-14,47,217.0,0.3698630136986301,20,2024
2024-12-14,48,701.0,0.3698630136986301,20,2024
2024-12-14,US,9580.0,0.3698630136986301,20,2024
2024-12-14,49,90.0,0.3698630136986301,20,2024
2024-12-14,51,140.0,0.3698630136986301,20,2024
2024-12-14,50,8.0,0.3698630136986301,20,2024
2024-12-14,53,188.0,0.3698630136986301,20,2024
2024-12-14,55,66.0,0.3698630136986301,20,2024
2024-12-14,54,21.0,0.3698630136986301,20,2024
2024-12-14,56,33.0,0.3698630136986301,20,2024
2024-12-07,02,18.0,0.3506849315068493,19,2024
2024-12-07,01,102.0,0.3506849315068493,19,2024
2024-12-07,05,32.0,0.3506849315068493,19,2024
2024-12-07,04,882.0,0.3506849315068493,19,2024
2024-12-07,06,1124.0,0.3506849315068493,19,2024
2024-12-07,08,90.0,0.3506849315068493,19,2024
2024-12-07,09,13.0,0.3506849315068493,19,2024
2024-12-07,11,2.0,0.3506849315068493,19,2024
2024-12-07,10,15.0,0.3506849315068493,19,2024
2024-12-07,12,717.0,0.3506849315068493,19,2024
2024-12-07,13,88.0,0.3506849315068493,19,2024
2024-12-07,15,20.0,0.3506849315068493,19,2024
2024-12-07,19,13.0,0.3506849315068493,19,2024
2024-12-07,16,78.0,0.3506849315068493,19,2024
2024-12-07,17,107.0,0.3506849315068493,19,2024
2024-12-07,18,65.0,0.3506849315068493,19,2024
2024-12-07,20,36.0,0.3506849315068493,19,2024
2024-12-07,21,53.0,0.3506849315068493,19,2024
2024-12-07,22,163.0,0.3506849315068493,19,2024
2024-12-07,25,95.0,0.3506849315068493,19,2024
2024-12-07,24,37.0,0.3506849315068493,19,2024
2024-12-07,23,2.0,0.3506849315068493,19,2024
2024-12-07,26,94.0,0.3506849315068493,19,2024
2024-12-07,27,40.0,0.3506849315068493,19,2024
2024-12-07,29,54.0,0.3506849315068493,19,2024
2024-12-07,28,39.0,0.3506849315068493,19,2024
2024-12-07,30,2.0,0.3506849315068493,19,2024
2024-12-07,37,65.0,0.3506849315068493,19,2024
2024-12-07,38,2.0,0.3506849315068493,19,2024
2024-12-07,31,13.0,0.3506849315068493,19,2024
2024-12-07,33,16.0,0.3506849315068493,19,2024
2024-12-07,34,109.0,0.3506849315068493,19,2024
2024-12-07,35,103.0,0.3506849315068493,19,2024
2024-12-07,32,81.0,0.3506849315068493,19,2024
2024-12-07,36,275.0,0.3506849315068493,19,2024
2024-12-07,39,90.0,0.3506849315068493,19,2024
2024-12-07,40,40.0,0.3506849315068493,19,2024
2024-12-07,41,119.0,0.3506849315068493,19,2024
2024-12-07,42,208.0,0.3506849315068493,19,2024
2024-12-07,72,457.0,0.3506849315068493,19,2024
2024-12-07,44,10.0,0.3506849315068493,19,2024
2024-12-07,45,40.0,0.3506849315068493,19,2024
2024-12-07,46,1.0,0.3506849315068493,19,2024
2024-12-07,47,115.0,0.3506849315068493,19,2024
2024-12-07,48,526.0,0.3506849315068493,19,2024
2024-12-07,US,6507.0,0.3506849315068493,19,2024
2024-12-07,49,64.0,0.3506849315068493,19,2024
2024-12-07,51,69.0,0.3506849315068493,19,2024
2024-12-07,50,0.0,0.3506849315068493,19,2024
2024-12-07,53,78.0,0.3506849315068493,19,2024
2024-12-07,55,27.0,0.3506849315068493,19,2024
2024-12-07,54,13.0,0.3506849315068493,19,2024
2024-12-07,56,5.0,0.3506849315068493,19,2024
2024-11-30,02,10.0,0.3315068493150685,18,2024
2024-11-30,01,65.0,0.3315068493150685,18,2024
2024-11-30,05,12.0,0.3315068493150685,18,2024
2024-11-30,04,558.0,0.3315068493150685,18,2024
2024-11-30,06,703.0,0.3315068493150685,18,2024
2024-11-30,08,67.0,0.3315068493150685,18,2024
2024-11-30,09,11.0,0.3315068493150685,18,2024
2024-11-30,11,5.0,0.3315068493150685,18,2024
2024-11-30,10,5.0,0.3315068493150685,18,2024
2024-11-30,12,614.0,0.3315068493150685,18,2024
2024-11-30,13,56.0,0.3315068493150685,18,2024
2024-11-30,15,14.0,0.3315068493150685,18,2024
2024-11-30,19,4.0,0.3315068493150685,18,2024
2024-11-30,16,63.0,0.3315068493150685,18,2024
2024-11-30,17,83.0,0.3315068493150685,18,2024
2024-11-30,18,41.0,0.3315068493150685,18,2024
2024-11-30,20,20.0,0.3315068493150685,18,2024
2024-11-30,21,24.0,0.3315068493150685,18,2024
2024-11-30,22,135.0,0.3315068493150685,18,2024
2024-11-30,25,72.0,0.3315068493150685,18,2024
2024-11-30,24,21.0,0.3315068493150685,18,2024
2024-11-30,23,2.0,0.3315068493150685,18,2024
2024-11-30,26,65.0,0.3315068493150685,18,2024
2024-11-30,27,18.0,0.3315068493150685,18,2024
2024-11-30,29,41.0,0.3315068493150685,18,2024
2024-11-30,28,28.0,0.3315068493150685,18,2024
2024-11-30,30,2.0,0.3315068493150685,18,2024
2024-11-30,37,43.0,0.3315068493150685,18,2024
2024-11-30,38,1.0,0.3315068493150685,18,2024
2024-11-30,31,11.0,0.3315068493150685,18,2024
2024-11-30,33,14.0,0.3315068493150685,18,2024
2024-11-30,34,67.0,0.3315068493150685,18,2024
2024-11-30,35,55.0,0.3315068493150685,18,2024
2024-11-30,32,61.0,0.3315068493150685,18,2024
2024-11-30,36,145.0,0.3315068493150685,18,2024
2024-11-30,39,53.0,0.3315068493150685,18,2024
2024-11-30,40,40.0,0.3315068493150685,18,2024
2024-11-30,41,83.0,0.3315068493150685,18,2024
2024-11-30,42,116.0,0.3315068493150685,18,2024
2024-11-30,72,368.0,0.3315068493150685,18,2024
2024-11-30,44,6.0,0.3315068493150685,18,2024
2024-11-30,45,18.0,0.3315068493150685,18,2024
2024-11-30,46,5.0,0.3315068493150685,18,2024
2024-11-30,47,60.0,0.3315068493150685,18,2024
2024-11-30,48,402.0,0.3315068493150685,18,2024
2024-11-30,US,4428.0,0.3315068493150685,18,2024
2024-11-30,49,20.0,0.3315068493150685,18,2024
2024-11-30,51,46.0,0.3315068493150685,18,2024
2024-11-30,50,3.0,0.3315068493150685,18,2024
2024-11-30,53,46.0,0.3315068493150685,18,2024
2024-11-30,55,12.0,0.3315068493150685,18,2024
2024-11-30,54,3.0,0.3315068493150685,18,2024
2024-11-30,56,7.0,0.3315068493150685,18,2024
2024-11-23,02,7.0,0.31232876712328766,17,2024
2024-11-23,01,50.0,0.31232876712328766,17,2024
2024-11-23,05,8.0,0.31232876712328766,17,2024
2024-11-23,04,488.0,0.31232876712328766,17,2024
2024-11-23,06,524.0,0.31232876712328766,17,2024
2024-11-23,08,31.0,0.31232876712328766,17,2024
2024-11-23,09,4.0,0.31232876712328766,17,2024
2024-11-23,11,8.0,0.31232876712328766,17,2024
2024-11-23,10,7.0,0.31232876712328766,17,2024
2024-11-23,12,445.0,0.31232876712328766,17,2024
2024-11-23,13,48.0,0.31232876712328766,17,2024
2024-11-23,15,8.0,0.31232876712328766,17,2024
2024-11-23,19,5.0,0.31232876712328766,17,2024
2024-11-23,16,32.0,0.31232876712328766,17,2024
2024-11-23,17,86.0,0.31232876712328766,17,2024
2024-11-23,18,32.0,0.31232876712328766,17,2024
2024-11-23,20,17.0,0.31232876712328766,17,2024
2024-11-23,21,20.0,0.31232876712328766,17,2024
2024-11-23,22,77.0,0.31232876712328766,17,2024
2024-11-23,25,50.0,0.31232876712328766,17,2024
2024-11-23,24,16.0,0.31232876712328766,17,2024
2024-11-23,23,0.0,0.31232876712328766,17,2024
2024-11-23,26,67.0,0.31232876712328766,17,2024
2024-11-23,27,11.0,0.31232876712328766,17,2024
2024-11-23,29,42.0,0.31232876712328766,17,2024
2024-11-23,28,36.0,0.31232876712328766,17,2024
2024-11-23,30,1.0,0.31232876712328766,17,2024
2024-11-23,37,31.0,0.31232876712328766,17,2024
2024-11-23,38,3.0,0.31232876712328766,17,2024
2024-11-23,31,5.0,0.31232876712328766,17,2024
2024-11-23,33,11.0,0.31232876712328766,17,2024
2024-11-23,34,47.0,0.31232876712328766,17,2024
2024-11-23,35,29.0,0.31232876712328766,17,2024
2024-11-23,32,48.0,0.31232876712328766,17,2024
2024-11-23,36,103.0,0.31232876712328766,17,2024
2024-11-23,39,40.0,0.31232876712328766,17,2024
2024-11-23,40,14.0,0.31232876712328766,17,2024
2024-11-23,41,63.0,0.31232876712328766,17,2024
2024-11-23,42,134.0,0.31232876712328766,17,2024
2024-11-23,72,160.0,0.31232876712328766,17,2024
2024-11-23,44,2.0,0.31232876712328766,17,2024
2024-11-23,45,13.0,0.31232876712328766,17,2024
2024-11-23,46,0.0,0.31232876712328766,17,2024
2024-11-23,47,59.0,0.31232876712328766,17,2024
2024-11-23,48,272.0,0.31232876712328766,17,2024
2024-11-23,US,3272.0,0.31232876712328766,17,2024
2024-11-23,49,20.0,0.31232876712328766,17,2024
2024-11-23,51,35.0,0.31232876712328766,17,2024
2024-11-23,50,0.0,0.31232876712328766,17,2024
2024-11-23,53,29.0,0.31232876712328766,17,2024
2024-11-23,55,18.0,0.31232876712328766,17,2024
2024-11-23,54,4.0,0.31232876712328766,17,2024
2024-11-23,56,9.0,0.31232876712328766,17,2024
2024-11-16,02,9.0,0.29315068493150687,16,2024
2024-11-16,01,44.0,0.29315068493150687,16,2024
2024-11-16,05,13.0,0.29315068493150687,16,2024
2024-11-16,04,356.0,0.29315068493150687,16,2024
2024-11-16,06,321.0,0.29315068493150687,16,2024
2024-11-16,08,29.0,0.29315068493150687,16,2024
2024-11-16,09,5.0,0.29315068493150687,16,2024
2024-11-16,11,1.0,0.29315068493150687,16,2024
2024-11-16,10,4.0,0.29315068493150687,16,2024
2024-11-16,12,386.0,0.29315068493150687,16,2024
2024-11-16,13,44.0,0.29315068493150687,16,2024
2024-11-16,15,15.0,0.29315068493150687,16,2024
2024-11-16,19,5.0,0.29315068493150687,16,2024
2024-11-16,16,12.0,0.29315068493150687,16,2024
2024-11-16,17,34.0,0.29315068493150687,16,2024
2024-11-16,18,26.0,0.29315068493150687,16,2024
2024-11-16,20,11.0,0.29315068493150687,16,2024
2024-11-16,21,18.0,0.29315068493150687,16,2024
2024-11-16,22,79.0,0.29315068493150687,16,2024
2024-11-16,25,16.0,0.29315068493150687,16,2024
2024-11-16,24,11.0,0.29315068493150687,16,2024
2024-11-16,23,0.0,0.29315068493150687,16,2024
2024-11-16,26,46.0,0.29315068493150687,16,2024
2024-11-16,27,8.0,0.29315068493150687,16,2024
2024-11-16,29,29.0,0.29315068493150687,16,2024
2024-11-16,28,24.0,0.29315068493150687,16,2024
2024-11-16,30,4.0,0.29315068493150687,16,2024
2024-11-16,37,38.0,0.29315068493150687,16,2024
2024-11-16,38,1.0,0.29315068493150687,16,2024
2024-11-16,31,6.0,0.29315068493150687,16,2024
2024-11-16,33,6.0,0.29315068493150687,16,2024
2024-11-16,34,37.0,0.29315068493150687,16,2024
2024-11-16,35,21.0,0.29315068493150687,16,2024
2024-11-16,32,43.0,0.29315068493150687,16,2024
2024-11-16,36,63.0,0.29315068493150687,16,2024
2024-11-16,39,38.0,0.29315068493150687,16,2024
2024-11-16,40,13.0,0.29315068493150687,16,2024
2024-11-16,41,36.0,0.29315068493150687,16,2024
2024-11-16,42,111.0,0.29315068493150687,16,2024
2024-11-16,72,228.0,0.29315068493150687,16,2024
2024-11-16,44,0.0,0.29315068493150687,16,2024
2024-11-16,45,13.0,0.29315068493150687,16,2024
2024-11-16,46,0.0,0.29315068493150687,16,2024
2024-11-16,47,94.0,0.29315068493150687,16,2024
2024-11-16,48,223.0,0.29315068493150687,16,2024
2024-11-16,US,2599.0,0.29315068493150687,16,2024
2024-11-16,49,10.0,0.29315068493150687,16,2024
2024-11-16,51,26.0,0.29315068493150687,16,2024
2024-11-16,50,3.0,0.29315068493150687,16,2024
2024-11-16,53,22.0,0.29315068493150687,16,2024
2024-11-16,55,6.0,0.29315068493150687,16,2024
2024-11-16,54,4.0,0.29315068493150687,16,2024
2024-11-16,56,4.0,0.29315068493150687,16,2024
2024-11-09,02,6.0,0.273972602739726,15,2024
2024-11-09,01,32.0,0.273972602739726,15,2024
2024-11-09,05,11.0,0.273972602739726,15,2024
2024-11-09,04,272.0,0.273972602739726,15,2024
2024-11-09,06,177.0,0.273972602739726,15,2024
2024-11-09,08,20.0,0.273972602739726,15,2024
2024-11-09,09,4.0,0.273972602739726,15,2024
2024-11-09,11,2.0,0.273972602739726,15,2024
2024-11-09,10,1.0,0.273972602739726,15,2024
2024-11-09,12,365.0,0.273972602739726,15,2024
2024-11-09,13,42.0,0.273972602739726,15,2024
2024-11-09,15,7.0,0.273972602739726,15,2024
2024-11-09,19,4.0,0.273972602739726,15,2024
2024-11-09,16,8.0,0.273972602739726,15,2024
2024-11-09,17,36.0,0.273972602739726,15,2024
2024-11-09,18,28.0,0.273972602739726,15,2024
2024-11-09,20,7.0,0.273972602739726,15,2024
2024-11-09,21,16.0,0.273972602739726,15,2024
2024-11-09,22,83.0,0.273972602739726,15,2024
2024-11-09,25,39.0,0.273972602739726,15,2024
2024-11-09,24,9.0,0.273972602739726,15,2024
2024-11-09,23,1.0,0.273972602739726,15,2024
2024-11-09,26,36.0,0.273972602739726,15,2024
2024-11-09,27,17.0,0.273972602739726,15,2024
2024-11-09,29,30.0,0.273972602739726,15,2024
2024-11-09,28,23.0,0.273972602739726,15,2024
2024-11-09,30,0.0,0.273972602739726,15,2024
2024-11-09,37,27.0,0.273972602739726,15,2024
2024-11-09,38,0.0,0.273972602739726,15,2024
2024-11-09,31,4.0,0.273972602739726,15,2024
2024-11-09,33,5.0,0.273972602739726,15,2024
2024-11-09,34,30.0,0.273972602739726,15,2024
2024-11-09,35,16.0,0.273972602739726,15,2024
2024-11-09,32,25.0,0.273972602739726,15,2024
2024-11-09,36,55.0,0.273972602739726,15,2024
2024-11-09,39,22.0,0.273972602739726,15,2024
2024-11-09,40,13.0,0.273972602739726,15,2024
2024-11-09,41,25.0,0.273972602739726,15,2024
2024-11-09,42,142.0,0.273972602739726,15,2024
2024-11-09,72,137.0,0.273972602739726,15,2024
2024-11-09,44,3.0,0.273972602739726,15,2024
2024-11-09,45,21.0,0.273972602739726,15,2024
2024-11-09,46,2.0,0.273972602739726,15,2024
2024-11-09,47,96.0,0.273972602739726,15,2024
2024-11-09,48,182.0,0.273972602739726,15,2024
2024-11-09,US,2154.0,0.273972602739726,15,2024
2024-11-09,49,7.0,0.273972602739726,15,2024
2024-11-09,51,26.0,0.273972602739726,15,2024
2024-11-09,50,0.0,0.273972602739726,15,2024
2024-11-09,53,14.0,0.273972602739726,15,2024
2024-11-09,55,12.0,0.273972602739726,15,2024
2024-11-09,54,6.0,0.273972602739726,15,2024
2024-11-09,56,5.0,0.273972602739726,15,2024
2024-11-02,02,8.0,0.2547945205479452,14,2024
2024-11-02,01,13.0,0.2547945205479452,14,2024
2024-11-02,05,6.0,0.2547945205479452,14,2024
2024-11-02,04,141.0,0.2547945205479452,14,2024
2024-11-02,06,112.0,0.2547945205479452,14,2024
2024-11-02,08,25.0,0.2547945205479452,14,2024
2024-11-02,09,10.0,0.2547945205479452,14,2024
2024-11-02,11,1.0,0.2547945205479452,14,2024
2024-11-02,10,0.0,0.2547945205479452,14,2024
2024-11-02,12,114.0,0.2547945205479452,14,2024
2024-11-02,13,14.0,0.2547945205479452,14,2024
2024-11-02,15,3.0,0.2547945205479452,14,2024
2024-11-02,19,5.0,0.2547945205479452,14,2024
2024-11-02,16,6.0,0.2547945205479452,14,2024
2024-11-02,17,27.0,0.2547945205479452,14,2024
2024-11-02,18,14.0,0.2547945205479452,14,2024
2024-11-02,20,10.0,0.2547945205479452,14,2024
2024-11-02,21,7.0,0.2547945205479452,14,2024
2024-11-02,22,27.0,0.2547945205479452,14,2024
2024-11-02,25,3.0,0.2547945205479452,14,2024
2024-11-02,24,4.0,0.2547945205479452,14,2024
2024-11-02,23,0.0,0.2547945205479452,14,2024
2024-11-02,26,7.0,0.2547945205479452,14,2024
2024-11-02,27,4.0,0.2547945205479452,14,2024
2024-11-02,29,13.0,0.2547945205479452,14,2024
2024-11-02,28,15.0,0.2547945205479452,14,2024
2024-11-02,30,0.0,0.2547945205479452,14,2024
2024-11-02,37,14.0,0.2547945205479452,14,2024
2024-11-02,38,2.0,0.2547945205479452,14,2024
2024-11-02,31,2.0,0.2547945205479452,14,2024
2024-11-02,33,1.0,0.2547945205479452,14,2024
2024-11-02,34,28.0,0.2547945205479452,14,2024
2024-11-02,35,2.0,0.2547945205479452,14,2024
2024-11-02,32,11.0,0.2547945205479452,14,2024
2024-11-02,36,15.0,0.2547945205479452,14,2024
2024-11-02,39,15.0,0.2547945205479452,14,2024
2024-11-02,40,3.0,0.2547945205479452,14,2024
2024-11-02,41,7.0,0.2547945205479452,14,2024
2024-11-02,42,104.0,0.2547945205479452,14,2024
2024-11-02,72,15.0,0.2547945205479452,14,2024
2024-11-02,44,2.0,0.2547945205479452,14,2024
2024-11-02,45,11.0,0.2547945205479452,14,2024
2024-11-02,46,0.0,0.2547945205479452,14,2024
2024-11-02,47,45.0,0.2547945205479452,14,2024
2024-11-02,48,103.0,0.2547945205479452,14,2024
2024-11-02,US,1001.0,0.2547945205479452,14,2024
2024-11-02,49,2.0,0.2547945205479452,14,2024
2024-11-02,51,16.0,0.2547945205479452,14,2024
2024-11-02,50,0.0,0.2547945205479452,14,2024
2024-11-02,53,2.0,0.2547945205479452,14,2024
2024-11-02,55,5.0,0.2547945205479452,14,2024
2024-11-02,54,0.0,0.2547945205479452,14,2024
2024-11-02,56,0.0,0.2547945205479452,14,2024
2024-10-26,02,3.0,0.2356164383561644,13,2024
2024-10-26,01,9.0,0.2356164383561644,13,2024
2024-10-26,05,1.0,0.2356164383561644,13,2024
2024-10-26,04,187.0,0.2356164383561644,13,2024
2024-10-26,06,137.0,0.2356164383561644,13,2024
2024-10-26,08,14.0,0.2356164383561644,13,2024
2024-10-26,09,6.0,0.2356164383561644,13,2024
2024-10-26,11,0.0,0.2356164383561644,13,2024
2024-10-26,10,0.0,0.2356164383561644,13,2024
2024-10-26,12,114.0,0.2356164383561644,13,2024
2024-10-26,13,8.0,0.2356164383561644,13,2024
2024-10-26,15,2.0,0.2356164383561644,13,2024
2024-10-26,19,4.0,0.2356164383561644,13,2024
2024-10-26,16,1.0,0.2356164383561644,13,2024
2024-10-26,17,12.0,0.2356164383561644,13,2024
2024-10-26,18,3.0,0.2356164383561644,13,2024
2024-10-26,20,3.0,0.2356164383561644,13,2024
2024-10-26,21,4.0,0.2356164383561644,13,2024
2024-10-26,22,23.0,0.2356164383561644,13,2024
2024-10-26,25,0.0,0.2356164383561644,13,2024
2024-10-26,24,0.0,0.2356164383561644,13,2024
2024-10-26,23,0.0,0.2356164383561644,13,2024
2024-10-26,26,4.0,0.2356164383561644,13,2024
2024-10-26,27,0.0,0.2356164383561644,13,2024
2024-10-26,29,8.0,0.2356164383561644,13,2024
2024-10-26,28,0.0,0.2356164383561644,13,2024
2024-10-26,30,0.0,0.2356164383561644,13,2024
2024-10-26,37,47.0,0.2356164383561644,13,2024
2024-10-26,38,0.0,0.2356164383561644,13,2024
2024-10-26,31,1.0,0.2356164383561644,13,2024
2024-10-26,33,0.0,0.2356164383561644,13,2024
2024-10-26,34,2.0,0.2356164383561644,13,2024
2024-10-26,35,15.0,0.2356164383561644,13,2024
2024-10-26,32,5.0,0.2356164383561644,13,2024
2024-10-26,36,8.0,0.2356164383561644,13,2024
2024-10-26,39,229.0,0.2356164383561644,13,2024
2024-10-26,40,4.0,0.2356164383561644,13,2024
2024-10-26,41,7.0,0.2356164383561644,13,2024
2024-10-26,42,63.0,0.2356164383561644,13,2024
2024-10-26,72,14.0,0.2356164383561644,13,2024
2024-10-26,44,0.0,0.2356164383561644,13,2024
2024-10-26,45,8.0,0.2356164383561644,13,2024
2024-10-26,46,2.0,0.2356164383561644,13,2024
2024-10-26,47,31.0,0.2356164383561644,13,2024
2024-10-26,48,63.0,0.2356164383561644,13,2024
2024-10-26,US,1087.0,0.2356164383561644,13,2024
2024-10-26,49,5.0,0.2356164383561644,13,2024
2024-10-26,51,10.0,0.2356164383561644,13,2024
2024-10-26,50,0.0,0.2356164383561644,13,2024
2024-10-26,53,4.0,0.2356164383561644,13,2024
2024-10-26,55,7.0,0.2356164383561644,13,2024
2024-10-26,54,0.0,0.2356164383561644,13,2024
2024-10-26,56,7.0,0.2356164383561644,13,2024
2024-10-19,02,1.0,0.21643835616438356,12,2024
2024-10-19,01,6.0,0.21643835616438356,12,2024
2024-10-19,05,2.0,0.21643835616438356,12,2024
2024-10-19,04,14.0,0.21643835616438356,12,2024
2024-10-19,06,75.0,0.21643835616438356,12,2024
2024-10-19,08,2.0,0.21643835616438356,12,2024
2024-10-19,09,5.0,0.21643835616438356,12,2024
2024-10-19,11,0.0,0.21643835616438356,12,2024
2024-10-19,10,0.0,0.21643835616438356,12,2024
2024-10-19,12,134.0,0.21643835616438356,12,2024
2024-10-19,13,5.0,0.21643835616438356,12,2024
2024-10-19,15,1.0,0.21643835616438356,12,2024
2024-10-19,19,1.0,0.21643835616438356,12,2024
2024-10-19,16,6.0,0.21643835616438356,12,2024
2024-10-19,17,5.0,0.21643835616438356,12,2024
2024-10-19,18,3.0,0.21643835616438356,12,2024
2024-10-19,20,1.0,0.21643835616438356,12,2024
2024-10-19,21,2.0,0.21643835616438356,12,2024
2024-10-19,22,13.0,0.21643835616438356,12,2024
2024-10-19,25,0.0,0.21643835616438356,12,2024
2024-10-19,24,2.0,0.21643835616438356,12,2024
2024-10-19,23,0.0,0.21643835616438356,12,2024
2024-10-19,26,4.0,0.21643835616438356,12,2024
2024-10-19,27,88.0,0.21643835616438356,12,2024
2024-10-19,29,2.0,0.21643835616438356,12,2024
2024-10-19,28,4.0,0.21643835616438356,12,2024
2024-10-19,30,2.0,0.21643835616438356,12,2024
2024-10-19,37,48.0,0.21643835616438356,12,2024
2024-10-19,38,0.0,0.21643835616438356,12,2024
2024-10-19,31,0.0,0.21643835616438356,12,2024
2024-10-19,33,0.0,0.21643835616438356,12,2024
2024-10-19,34,0.0,0.21643835616438356,12,2024
2024-10-19,35,2.0,0.21643835616438356,12,2024
2024-10-19,32,5.0,0.21643835616438356,12,2024
2024-10-19,36,5.0,0.21643835616438356,12,2024
2024-10-19,39,10.0,0.21643835616438356,12,2024
2024-10-19,40,0.0,0.21643835616438356,12,2024
2024-10-19,41,4.0,0.21643835616438356,12,2024
2024-10-19,42,6.0,0.21643835616438356,12,2024
2024-10-19,72,6.0,0.21643835616438356,12,2024
2024-10-19,44,0.0,0.21643835616438356,12,2024
2024-10-19,45,8.0,0.21643835616438356,12,2024
2024-10-19,46,1.0,0.21643835616438356,12,2024
2024-10-19,47,8.0,0.21643835616438356,12,2024
2024-10-19,48,46.0,0.21643835616438356,12,2024
2024-10-19,US,554.0,0.21643835616438356,12,2024
2024-10-19,49,1.0,0.21643835616438356,12,2024
2024-10-19,51,15.0,0.21643835616438356,12,2024
2024-10-19,50,1.0,0.21643835616438356,12,2024
2024-10-19,53,1.0,0.21643835616438356,12,2024
2024-10-19,55,7.0,0.21643835616438356,12,2024
2024-10-19,54,0.0,0.21643835616438356,12,2024
2024-10-19,56,0.0,0.21643835616438356,12,2024
2024-10-12,02,1.0,0.19726027397260273,11,2024
2024-10-12,01,2.0,0.19726027397260273,11,2024
2024-10-12,05,0.0,0.19726027397260273,11,2024
2024-10-12,04,4.0,0.19726027397260273,11,2024
2024-10-12,06,30.0,0.19726027397260273,11,2024
2024-10-12,08,0.0,0.19726027397260273,11,2024
2024-10-12,09,0.0,0.19726027397260273,11,2024
2024-10-12,11,0.0,0.19726027397260273,11,2024
2024-10-12,10,0.0,0.19726027397260273,11,2024
2024-10-12,12,17.0,0.19726027397260273,11,2024
2024-10-12,13,0.0,0.19726027397260273,11,2024
2024-10-12,15,1.0,0.19726027397260273,11,2024
2024-10-12,19,0.0,0.19726027397260273,11,2024
2024-10-12,16,3.0,0.19726027397260273,11,2024
2024-10-12,17,1.0,0.19726027397260273,11,2024
2024-10-12,18,3.0,0.19726027397260273,11,2024
2024-10-12,20,0.0,0.19726027397260273,11,2024
2024-10-12,21,0.0,0.19726027397260273,11,2024
2024-10-12,22,0.0,0.19726027397260273,11,2024
2024-10-12,25,0.0,0.19726027397260273,11,2024
2024-10-12,24,0.0,0.19726027397260273,11,2024
2024-10-12,23,0.0,0.19726027397260273,11,2024
2024-10-12,26,2.0,0.19726027397260273,11,2024
2024-10-12,27,0.0,0.19726027397260273,11,2024
2024-10-12,29,1.0,0.19726027397260273,11,2024
2024-10-12,28,0.0,0.19726027397260273,11,2024
2024-10-12,30,0.0,0.19726027397260273,11,2024
2024-10-12,37,77.0,0.19726027397260273,11,2024
2024-10-12,38,1.0,0.19726027397260273,11,2024
2024-10-12,31,0.0,0.19726027397260273,11,2024
2024-10-12,33,0.0,0.19726027397260273,11,2024
2024-10-12,34,0.0,0.19726027397260273,11,2024
2024-10-12,35,2.0,0.19726027397260273,11,2024
2024-10-12,32,0.0,0.19726027397260273,11,2024
2024-10-12,36,0.0,0.19726027397260273,11,2024
2024-10-12,39,1.0,0.19726027397260273,11,2024
2024-10-12,40,0.0,0.19726027397260273,11,2024
2024-10-12,41,6.0,0.19726027397260273,11,2024
2024-10-12,42,26.0,0.19726027397260273,11,2024
2024-10-12,72,9.0,0.19726027397260273,11,2024
2024-10-12,44,0.0,0.19726027397260273,11,2024
2024-10-12,45,0.0,0.19726027397260273,11,2024
2024-10-12,46,1.0,0.19726027397260273,11,2024
2024-10-12,47,2.0,0.19726027397260273,11,2024
2024-10-12,48,79.0,0.19726027397260273,11,2024
2024-10-12,US,295.0,0.19726027397260273,11,2024
2024-10-12,49,0.0,0.19726027397260273,11,2024
2024-10-12,51,19.0,0.19726027397260273,11,2024
2024-10-12,50,0.0,0.19726027397260273,11,2024
2024-10-12,53,7.0,0.19726027397260273,11,2024
2024-10-12,55,0.0,0.19726027397260273,11,2024
2024-10-12,54,0.0,0.19726027397260273,11,2024
2024-10-12,56,0.0,0.19726027397260273,11,2024
2024-10-05,02,1.0,0.1780821917808219,10,2024
2024-10-05,01,0.0,0.1780821917808219,10,2024
2024-10-05,05,3.0,0.1780821917808219,10,2024
2024-10-05,04,40.0,0.1780821917808219,10,2024
2024-10-05,06,30.0,0.1780821917808219,10,2024
2024-10-05,08,3.0,0.1780821917808219,10,2024
2024-10-05,09,4.0,0.1780821917808219,10,2024
2024-10-05,11,0.0,0.1780821917808219,10,2024
2024-10-05,10,0.0,0.1780821917808219,10,2024
2024-10-05,12,53.0,0.1780821917808219,10,2024
2024-10-05,13,1.0,0.1780821917808219,10,2024
2024-10-05,15,0.0,0.1780821917808219,10,2024
2024-10-05,19,1.0,0.1780821917808219,10,2024
2024-10-05,16,0.0,0.1780821917808219,10,2024
2024-10-05,17,2.0,0.1780821917808219,10,2024
2024-10-05,18,4.0,0.1780821917808219,10,2024
2024-10-05,20,0.0,0.1780821917808219,10,2024
2024-10-05,21,0.0,0.1780821917808219,10,2024
2024-10-05,22,5.0,0.1780821917808219,10,2024
2024-10-05,25,,0.1780821917808219,10,2024
2024-10-05,24,1.0,0.1780821917808219,10,2024
2024-10-05,23,0.0,0.1780821917808219,10,2024
2024-10-05,26,12.0,0.1780821917808219,10,2024
2024-10-05,27,,0.1780821917808219,10,2024
2024-10-05,29,0.0,0.1780821917808219,10,2024
2024-10-05,28,10.0,0.1780821917808219,10,2024
2024-10-05,30,0.0,0.1780821917808219,10,2024
2024-10-05,37,0.0,0.1780821917808219,10,2024
2024-10-05,38,0.0,0.1780821917808219,10,2024
2024-10-05,31,0.0,0.1780821917808219,10,2024
2024-10-05,33,0.0,0.1780821917808219,10,2024
2024-10-05,34,17.0,0.1780821917808219,10,2024
2024-10-05,35,1.0,0.1780821917808219,10,2024
2024-10-05,32,1.0,0.1780821917808219,10,2024
2024-10-05,36,7.0,0.1780821917808219,10,2024
2024-10-05,39,0.0,0.1780821917808219,10,2024
2024-10-05,40,0.0,0.1780821917808219,10,2024
2024-10-05,41,0.0,0.1780821917808219,10,2024
2024-10-05,42,61.0,0.1780821917808219,10,2024
2024-10-05,72,3.0,0.1780821917808219,10,2024
2024-10-05,44,0.0,0.1780821917808219,10,2024
2024-10-05,45,1.0,0.1780821917808219,10,2024
2024-10-05,46,0.0,0.1780821917808219,10,2024
2024-10-05,47,4.0,0.1780821917808219,10,2024
2024-10-05,48,1.0,0.1780821917808219,10,2024
2024-10-05,US,286.0,0.1780821917808219,10,2024
2024-10-05,49,0.0,0.1780821917808219,10,2024
2024-10-05,51,6.0,0.1780821917808219,10,2024
2024-10-05,50,0.0,0.1780821917808219,10,2024
2024-10-05,53,10.0,0.1780821917808219,10,2024
2024-10-05,55,1.0,0.1780821917808219,10,2024
2024-10-05,54,,0.1780821917808219,10,2024
2024-10-05,56,2.0,0.1780821917808219,10,2024
2024-09-28,02,0.0,0.1589041095890411,9,2024
2024-09-28,01,0.0,0.1589041095890411,9,2024
2024-09-28,05,0.0,0.1589041095890411,9,2024
2024-09-28,04,14.0,0.1589041095890411,9,2024
2024-09-28,06,26.0,0.1589041095890411,9,2024
2024-09-28,08,3.0,0.1589041095890411,9,2024
2024-09-28,09,0.0,0.1589041095890411,9,2024
2024-09-28,11,2.0,0.1589041095890411,9,2024
2024-09-28,10,0.0,0.1589041095890411,9,2024
2024-09-28,12,46.0,0.1589041095890411,9,2024
2024-09-28,13,2.0,0.1589041095890411,9,2024
2024-09-28,15,1.0,0.1589041095890411,9,2024
2024-09-28,19,1.0,0.1589041095890411,9,2024
2024-09-28,16,0.0,0.1589041095890411,9,2024
2024-09-28,17,4.0,0.1589041095890411,9,2024
2024-09-28,18,3.0,0.1589041095890411,9,2024
2024-09-28,20,1.0,0.1589041095890411,9,2024
2024-09-28,21,1.0,0.1589041095890411,9,2024
2024-09-28,22,4.0,0.1589041095890411,9,2024
2024-09-28,25,,0.1589041095890411,9,2024
2024-09-28,24,1.0,0.1589041095890411,9,2024
2024-09-28,23,3.0,0.1589041095890411,9,2024
2024-09-28,26,9.0,0.1589041095890411,9,2024
2024-09-28,27,0.0,0.1589041095890411,9,2024
2024-09-28,29,4.0,0.1589041095890411,9,2024
2024-09-28,28,7.0,0.1589041095890411,9,2024
2024-09-28,30,1.0,0.1589041095890411,9,2024
2024-09-28,37,0.0,0.1589041095890411,9,2024
2024-09-28,38,1.0,0.1589041095890411,9,2024
2024-09-28,31,1.0,0.1589041095890411,9,2024
2024-09-28,33,0.0,0.1589041095890411,9,2024
2024-09-28,34,8.0,0.1589041095890411,9,2024
2024-09-28,35,0.0,0.1589041095890411,9,2024
2024-09-28,32,1.0,0.1589041095890411,9,2024
2024-09-28,36,5.0,0.1589041095890411,9,2024
2024-09-28,39,1.0,0.1589041095890411,9,2024
2024-09-28,40,5.0,0.1589041095890411,9,2024
2024-09-28,41,1.0,0.1589041095890411,9,2024
2024-09-28,42,45.0,0.1589041095890411,9,2024
2024-09-28,72,3.0,0.1589041095890411,9,2024
2024-09-28,44,0.0,0.1589041095890411,9,2024
2024-09-28,45,2.0,0.1589041095890411,9,2024
2024-09-28,46,0.0,0.1589041095890411,9,2024
2024-09-28,47,5.0,0.1589041095890411,9,2024
2024-09-28,48,1.0,0.1589041095890411,9,2024
2024-09-28,US,223.0,0.1589041095890411,9,2024
2024-09-28,49,0.0,0.1589041095890411,9,2024
2024-09-28,51,4.0,0.1589041095890411,9,2024
2024-09-28,50,0.0,0.1589041095890411,9,2024
2024-09-28,53,6.0,0.1589041095890411,9,2024
2024-09-28,55,1.0,0.1589041095890411,9,2024
2024-09-28,54,,0.1589041095890411,9,2024
2024-09-28,56,0.0,0.1589041095890411,9,2024
2024-09-21,02,3.0,0.13972602739726028,8,2024
2024-09-21,01,0.0,0.13972602739726028,8,2024
2024-09-21,05,3.0,0.13972602739726028,8,2024
2024-09-21,04,18.0,0.13972602739726028,8,2024
2024-09-21,06,17.0,0.13972602739726028,8,2024
2024-09-21,08,0.0,0.13972602739726028,8,2024
2024-09-21,09,0.0,0.13972602739726028,8,2024
2024-09-21,11,0.0,0.13972602739726028,8,2024
2024-09-21,10,0.0,0.13972602739726028,8,2024
2024-09-21,12,44.0,0.13972602739726028,8,2024
2024-09-21,13,5.0,0.13972602739726028,8,2024
2024-09-21,15,1.0,0.13972602739726028,8,2024
2024-09-21,19,0.0,0.13972602739726028,8,2024
2024-09-21,16,1.0,0.13972602739726028,8,2024
2024-09-21,17,7.0,0.13972602739726028,8,2024
2024-09-21,18,6.0,0.13972602739726028,8,2024
2024-09-21,20,2.0,0.13972602739726028,8,2024
2024-09-21,21,2.0,0.13972602739726028,8,2024
2024-09-21,22,4.0,0.13972602739726028,8,2024
2024-09-21,25,,0.13972602739726028,8,2024
2024-09-21,24,5.0,0.13972602739726028,8,2024
2024-09-21,23,1.0,0.13972602739726028,8,2024
2024-09-21,26,11.0,0.13972602739726028,8,2024
2024-09-21,27,,0.13972602739726028,8,2024
2024-09-21,29,1.0,0.13972602739726028,8,2024
2024-09-21,28,16.0,0.13972602739726028,8,2024
2024-09-21,30,0.0,0.13972602739726028,8,2024
2024-09-21,37,0.0,0.13972602739726028,8,2024
2024-09-21,38,0.0,0.13972602739726028,8,2024
2024-09-21,31,1.0,0.13972602739726028,8,2024
2024-09-21,33,0.0,0.13972602739726028,8,2024
2024-09-21,34,27.0,0.13972602739726028,8,2024
2024-09-21,35,0.0,0.13972602739726028,8,2024
2024-09-21,32,0.0,0.13972602739726028,8,2024
2024-09-21,36,3.0,0.13972602739726028,8,2024
2024-09-21,39,3.0,0.13972602739726028,8,2024
2024-09-21,40,5.0,0.13972602739726028,8,2024
2024-09-21,41,2.0,0.13972602739726028,8,2024
2024-09-21,42,83.0,0.13972602739726028,8,2024
2024-09-21,72,6.0,0.13972602739726028,8,2024
2024-09-21,44,0.0,0.13972602739726028,8,2024
2024-09-21,45,1.0,0.13972602739726028,8,2024
2024-09-21,46,2.0,0.13972602739726028,8,2024
2024-09-21,47,2.0,0.13972602739726028,8,2024
2024-09-21,48,1.0,0.13972602739726028,8,2024
2024-09-21,US,293.0,0.13972602739726028,8,2024
2024-09-21,49,0.0,0.13972602739726028,8,2024
2024-09-21,51,4.0,0.13972602739726028,8,2024
2024-09-21,50,0.0,0.13972602739726028,8,2024
2024-09-21,53,6.0,0.13972602739726028,8,2024
2024-09-21,55,0.0,0.13972602739726028,8,2024
2024-09-21,54,,0.13972602739726028,8,2024
2024-09-21,56,0.0,0.13972602739726028,8,2024
2024-09-14,02,2.0,0.12054794520547946,7,2024
2024-09-14,01,0.0,0.12054794520547946,7,2024
2024-09-14,05,2.0,0.12054794520547946,7,2024
2024-09-14,04,24.0,0.12054794520547946,7,2024
2024-09-14,06,25.0,0.12054794520547946,7,2024
2024-09-14,08,0.0,0.12054794520547946,7,2024
2024-09-14,09,2.0,0.12054794520547946,7,2024
2024-09-14,11,1.0,0.12054794520547946,7,2024
2024-09-14,10,0.0,0.12054794520547946,7,2024
2024-09-14,12,79.0,0.12054794520547946,7,2024
2024-09-14,13,3.0,0.12054794520547946,7,2024
2024-09-14,15,1.0,0.12054794520547946,7,2024
2024-09-14,19,2.0,0.12054794520547946,7,2024
2024-09-14,16,0.0,0.12054794520547946,7,2024
2024-09-14,17,6.0,0.12054794520547946,7,2024
2024-09-14,18,4.0,0.12054794520547946,7,2024
2024-09-14,20,0.0,0.12054794520547946,7,2024
2024-09-14,21,0.0,0.12054794520547946,7,2024
2024-09-14,22,1.0,0.12054794520547946,7,2024
2024-09-14,25,,0.12054794520547946,7,2024
2024-09-14,24,3.0,0.12054794520547946,7,2024
2024-09-14,23,0.0,0.12054794520547946,7,2024
2024-09-14,26,16.0,0.12054794520547946,7,2024
2024-09-14,27,0.0,0.12054794520547946,7,2024
2024-09-14,29,3.0,0.12054794520547946,7,2024
2024-09-14,28,19.0,0.12054794520547946,7,2024
2024-09-14,30,2.0,0.12054794520547946,7,2024
2024-09-14,37,0.0,0.12054794520547946,7,2024
2024-09-14,38,0.0,0.12054794520547946,7,2024
2024-09-14,31,0.0,0.12054794520547946,7,2024
2024-09-14,33,0.0,0.12054794520547946,7,2024
2024-09-14,34,21.0,0.12054794520547946,7,2024
2024-09-14,35,0.0,0.12054794520547946,7,2024
2024-09-14,32,0.0,0.12054794520547946,7,2024
2024-09-14,36,2.0,0.12054794520547946,7,2024
2024-09-14,39,4.0,0.12054794520547946,7,2024
2024-09-14,40,1.0,0.12054794520547946,7,2024
2024-09-14,41,3.0,0.12054794520547946,7,2024
2024-09-14,42,54.0,0.12054794520547946,7,2024
2024-09-14,72,0.0,0.12054794520547946,7,2024
2024-09-14,44,0.0,0.12054794520547946,7,2024
2024-09-14,45,2.0,0.12054794520547946,7,2024
2024-09-14,46,1.0,0.12054794520547946,7,2024
2024-09-14,47,6.0,0.12054794520547946,7,2024
2024-09-14,48,1.0,0.12054794520547946,7,2024
2024-09-14,US,319.0,0.12054794520547946,7,2024
2024-09-14,49,0.0,0.12054794520547946,7,2024
2024-09-14,51,24.0,0.12054794520547946,7,2024
2024-09-14,50,0.0,0.12054794520547946,7,2024
2024-09-14,53,5.0,0.12054794520547946,7,2024
2024-09-14,55,0.0,0.12054794520547946,7,2024
2024-09-14,54,,0.12054794520547946,7,2024
2024-09-14,56,0.0,0.12054794520547946,7,2024
2024-09-07,02,1.0,0.10136986301369863,6,2024
2024-09-07,01,0.0,0.10136986301369863,6,2024
2024-09-07,05,7.0,0.10136986301369863,6,2024
2024-09-07,04,14.0,0.10136986301369863,6,2024
2024-09-07,06,15.0,0.10136986301369863,6,2024
2024-09-07,08,1.0,0.10136986301369863,6,2024
2024-09-07,09,2.0,0.10136986301369863,6,2024
2024-09-07,11,0.0,0.10136986301369863,6,2024
2024-09-07,10,1.0,0.10136986301369863,6,2024
2024-09-07,12,55.0,0.10136986301369863,6,2024
2024-09-07,13,0.0,0.10136986301369863,6,2024
2024-09-07,15,2.0,0.10136986301369863,6,2024
2024-09-07,19,1.0,0.10136986301369863,6,2024
2024-09-07,16,0.0,0.10136986301369863,6,2024
2024-09-07,17,1.0,0.10136986301369863,6,2024
2024-09-07,18,0.0,0.10136986301369863,6,2024
2024-09-07,20,2.0,0.10136986301369863,6,2024
2024-09-07,21,0.0,0.10136986301369863,6,2024
2024-09-07,22,3.0,0.10136986301369863,6,2024
2024-09-07,25,,0.10136986301369863,6,2024
2024-09-07,24,0.0,0.10136986301369863,6,2024
2024-09-07,23,3.0,0.10136986301369863,6,2024
2024-09-07,26,9.0,0.10136986301369863,6,2024
2024-09-07,27,0.0,0.10136986301369863,6,2024
2024-09-07,29,1.0,0.10136986301369863,6,2024
2024-09-07,28,9.0,0.10136986301369863,6,2024
2024-09-07,30,0.0,0.10136986301369863,6,2024
2024-09-07,37,0.0,0.10136986301369863,6,2024
2024-09-07,38,0.0,0.10136986301369863,6,2024
2024-09-07,31,0.0,0.10136986301369863,6,2024
2024-09-07,33,0.0,0.10136986301369863,6,2024
2024-09-07,34,12.0,0.10136986301369863,6,2024
2024-09-07,35,0.0,0.10136986301369863,6,2024
2024-09-07,32,0.0,0.10136986301369863,6,2024
2024-09-07,36,0.0,0.10136986301369863,6,2024
2024-09-07,39,2.0,0.10136986301369863,6,2024
2024-09-07,40,0.0,0.10136986301369863,6,2024
2024-09-07,41,4.0,0.10136986301369863,6,2024
2024-09-07,42,43.0,0.10136986301369863,6,2024
2024-09-07,72,1.0,0.10136986301369863,6,2024
2024-09-07,44,0.0,0.10136986301369863,6,2024
2024-09-07,45,2.0,0.10136986301369863,6,2024
2024-09-07,46,0.0,0.10136986301369863,6,2024
2024-09-07,47,8.0,0.10136986301369863,6,2024
2024-09-07,48,1.0,0.10136986301369863,6,2024
2024-09-07,US,223.0,0.10136986301369863,6,2024
2024-09-07,49,0.0,0.10136986301369863,6,2024
2024-09-07,51,15.0,0.10136986301369863,6,2024
2024-09-07,50,0.0,0.10136986301369863,6,2024
2024-09-07,53,6.0,0.10136986301369863,6,2024
2024-09-07,55,1.0,0.10136986301369863,6,2024
2024-09-07,54,,0.10136986301369863,6,2024
2024-09-07,56,1.0,0.10136986301369863,6,2024
2024-08-31,02,0.0,0.0821917808219178,5,2024
2024-08-31,01,1.0,0.0821917808219178,5,2024
2024-08-31,05,5.0,0.0821917808219178,5,2024
2024-08-31,04,26.0,0.0821917808219178,5,2024
2024-08-31,06,20.0,0.0821917808219178,5,2024
2024-08-31,08,0.0,0.0821917808219178,5,2024
2024-08-31,09,0.0,0.0821917808219178,5,2024
2024-08-31,11,1.0,0.0821917808219178,5,2024
2024-08-31,10,0.0,0.0821917808219178,5,2024
2024-08-31,12,38.0,0.0821917808219178,5,2024
2024-08-31,13,3.0,0.0821917808219178,5,2024
2024-08-31,15,2.0,0.0821917808219178,5,2024
2024-08-31,19,2.0,0.0821917808219178,5,2024
2024-08-31,16,0.0,0.0821917808219178,5,2024
2024-08-31,17,3.0,0.0821917808219178,5,2024
2024-08-31,18,1.0,0.0821917808219178,5,2024
2024-08-31,20,0.0,0.0821917808219178,5,2024
2024-08-31,21,0.0,0.0821917808219178,5,2024
2024-08-31,22,1.0,0.0821917808219178,5,2024
2024-08-31,25,,0.0821917808219178,5,2024
2024-08-31,24,0.0,0.0821917808219178,5,2024
2024-08-31,23,3.0,0.0821917808219178,5,2024
2024-08-31,26,10.0,0.0821917808219178,5,2024
2024-08-31,27,,0.0821917808219178,5,2024
2024-08-31,29,2.0,0.0821917808219178,5,2024
2024-08-31,28,15.0,0.0821917808219178,5,2024
2024-08-31,30,0.0,0.0821917808219178,5,2024
2024-08-31,37,0.0,0.0821917808219178,5,2024
2024-08-31,38,0.0,0.0821917808219178,5,2024
2024-08-31,31,1.0,0.0821917808219178,5,2024
2024-08-31,33,0.0,0.0821917808219178,5,2024
2024-08-31,34,7.0,0.0821917808219178,5,2024
2024-08-31,35,1.0,0.0821917808219178,5,2024
2024-08-31,32,0.0,0.0821917808219178,5,2024
2024-08-31,36,0.0,0.0821917808219178,5,2024
2024-08-31,39,1.0,0.0821917808219178,5,2024
2024-08-31,40,1.0,0.0821917808219178,5,2024
2024-08-31,41,2.0,0.0821917808219178,5,2024
2024-08-31,42,63.0,0.0821917808219178,5,2024
2024-08-31,72,2.0,0.0821917808219178,5,2024
2024-08-31,44,0.0,0.0821917808219178,5,2024
2024-08-31,45,3.0,0.0821917808219178,5,2024
2024-08-31,46,1.0,0.0821917808219178,5,2024
2024-08-31,47,11.0,0.0821917808219178,5,2024
2024-08-31,48,2.0,0.0821917808219178,5,2024
2024-08-31,US,259.0,0.0821917808219178,5,2024
2024-08-31,49,0.0,0.0821917808219178,5,2024
2024-08-31,51,19.0,0.0821917808219178,5,2024
2024-08-31,50,0.0,0.0821917808219178,5,2024
2024-08-31,53,7.0,0.0821917808219178,5,2024
2024-08-31,55,0.0,0.0821917808219178,5,2024
2024-08-31,54,0.0,0.0821917808219178,5,2024
2024-08-31,56,3.0,0.0821917808219178,5,2024
2024-08-24,02,0.0,0.06301369863013699,4,2024
2024-08-24,01,0.0,0.06301369863013699,4,2024
2024-08-24,05,4.0,0.06301369863013699,4,2024
2024-08-24,04,25.0,0.06301369863013699,4,2024
2024-08-24,06,18.0,0.06301369863013699,4,2024
2024-08-24,08,0.0,0.06301369863013699,4,2024
2024-08-24,09,1.0,0.06301369863013699,4,2024
2024-08-24,11,0.0,0.06301369863013699,4,2024
2024-08-24,10,0.0,0.06301369863013699,4,2024
2024-08-24,12,41.0,0.06301369863013699,4,2024
2024-08-24,13,2.0,0.06301369863013699,4,2024
2024-08-24,15,1.0,0.06301369863013699,4,2024
2024-08-24,19,2.0,0.06301369863013699,4,2024
2024-08-24,16,0.0,0.06301369863013699,4,2024
2024-08-24,17,3.0,0.06301369863013699,4,2024
2024-08-24,18,2.0,0.06301369863013699,4,2024
2024-08-24,20,0.0,0.06301369863013699,4,2024
2024-08-24,21,3.0,0.06301369863013699,4,2024
2024-08-24,22,9.0,0.06301369863013699,4,2024
2024-08-24,25,,0.06301369863013699,4,2024
2024-08-24,24,2.0,0.06301369863013699,4,2024
2024-08-24,23,5.0,0.06301369863013699,4,2024
2024-08-24,26,12.0,0.06301369863013699,4,2024
2024-08-24,27,,0.06301369863013699,4,2024
2024-08-24,29,1.0,0.06301369863013699,4,2024
2024-08-24,28,8.0,0.06301369863013699,4,2024
2024-08-24,30,0.0,0.06301369863013699,4,2024
2024-08-24,37,0.0,0.06301369863013699,4,2024
2024-08-24,38,0.0,0.06301369863013699,4,2024
2024-08-24,31,1.0,0.06301369863013699,4,2024
2024-08-24,33,0.0,0.06301369863013699,4,2024
2024-08-24,34,12.0,0.06301369863013699,4,2024
2024-08-24,35,1.0,0.06301369863013699,4,2024
2024-08-24,32,0.0,0.06301369863013699,4,2024
2024-08-24,36,2.0,0.06301369863013699,4,2024
2024-08-24,39,3.0,0.06301369863013699,4,2024
2024-08-24,40,0.0,0.06301369863013699,4,2024
2024-08-24,41,2.0,0.06301369863013699,4,2024
2024-08-24,42,55.0,0.06301369863013699,4,2024
2024-08-24,72,3.0,0.06301369863013699,4,2024
2024-08-24,44,0.0,0.06301369863013699,4,2024
2024-08-24,45,24.0,0.06301369863013699,4,2024
2024-08-24,46,0.0,0.06301369863013699,4,2024
2024-08-24,47,8.0,0.06301369863013699,4,2024
2024-08-24,48,2.0,0.06301369863013699,4,2024
2024-08-24,US,274.0,0.06301369863013699,4,2024
2024-08-24,49,0.0,0.06301369863013699,4,2024
2024-08-24,51,14.0,0.06301369863013699,4,2024
2024-08-24,50,0.0,0.06301369863013699,4,2024
2024-08-24,53,5.0,0.06301369863013699,4,2024
2024-08-24,55,2.0,0.06301369863013699,4,2024
2024-08-24,54,0.0,0.06301369863013699,4,2024
2024-08-24,56,1.0,0.06301369863013699,4,2024
2024-08-17,02,4.0,0.043835616438356165,3,2024
2024-08-17,01,0.0,0.043835616438356165,3,2024
2024-08-17,05,4.0,0.043835616438356165,3,2024
2024-08-17,04,17.0,0.043835616438356165,3,2024
2024-08-17,06,32.0,0.043835616438356165,3,2024
2024-08-17,08,0.0,0.043835616438356165,3,2024
2024-08-17,09,2.0,0.043835616438356165,3,2024
2024-08-17,11,0.0,0.043835616438356165,3,2024
2024-08-17,10,0.0,0.043835616438356165,3,2024
2024-08-17,12,45.0,0.043835616438356165,3,2024
2024-08-17,13,2.0,0.043835616438356165,3,2024
2024-08-17,15,1.0,0.043835616438356165,3,2024
2024-08-17,19,1.0,0.043835616438356165,3,2024
2024-08-17,16,0.0,0.043835616438356165,3,2024
2024-08-17,17,1.0,0.043835616438356165,3,2024
2024-08-17,18,3.0,0.043835616438356165,3,2024
2024-08-17,20,1.0,0.043835616438356165,3,2024
2024-08-17,21,3.0,0.043835616438356165,3,2024
2024-08-17,22,8.0,0.043835616438356165,3,2024
2024-08-17,25,,0.043835616438356165,3,2024
2024-08-17,24,2.0,0.043835616438356165,3,2024
2024-08-17,23,1.0,0.043835616438356165,3,2024
2024-08-17,26,9.0,0.043835616438356165,3,2024
2024-08-17,27,,0.043835616438356165,3,2024
2024-08-17,29,3.0,0.043835616438356165,3,2024
2024-08-17,28,7.0,0.043835616438356165,3,2024
2024-08-17,30,0.0,0.043835616438356165,3,2024
2024-08-17,37,0.0,0.043835616438356165,3,2024
2024-08-17,38,0.0,0.043835616438356165,3,2024
2024-08-17,31,0.0,0.043835616438356165,3,2024
2024-08-17,33,0.0,0.043835616438356165,3,2024
2024-08-17,34,10.0,0.043835616438356165,3,2024
2024-08-17,35,0.0,0.043835616438356165,3,2024
2024-08-17,32,0.0,0.043835616438356165,3,2024
2024-08-17,36,1.0,0.043835616438356165,3,2024
2024-08-17,39,5.0,0.043835616438356165,3,2024
2024-08-17,40,0.0,0.043835616438356165,3,2024
2024-08-17,41,0.0,0.043835616438356165,3,2024
2024-08-17,42,53.0,0.043835616438356165,3,2024
2024-08-17,72,3.0,0.043835616438356165,3,2024
2024-08-17,44,0.0,0.043835616438356165,3,2024
2024-08-17,45,16.0,0.043835616438356165,3,2024
2024-08-17,46,1.0,0.043835616438356165,3,2024
2024-08-17,47,9.0,0.043835616438356165,3,2024
2024-08-17,48,2.0,0.043835616438356165,3,2024
2024-08-17,US,273.0,0.043835616438356165,3,2024
2024-08-17,49,0.0,0.043835616438356165,3,2024
2024-08-17,51,14.0,0.043835616438356165,3,2024
2024-08-17,50,0.0,0.043835616438356165,3,2024
2024-08-17,53,8.0,0.043835616438356165,3,2024
2024-08-17,55,3.0,0.043835616438356165,3,2024
2024-08-17,54,0.0,0.043835616438356165,3,2024
2024-08-17,56,1.0,0.043835616438356165,3,2024
2024-08-10,02,0.0,0.024657534246575342,2,2024
2024-08-10,01,0.0,0.024657534246575342,2,2024
2024-08-10,05,6.0,0.024657534246575342,2,2024
2024-08-10,04,25.0,0.024657534246575342,2,2024
2024-08-10,06,19.0,0.024657534246575342,2,2024
2024-08-10,08,5.0,0.024657534246575342,2,2024
2024-08-10,09,0.0,0.024657534246575342,2,2024
2024-08-10,11,1.0,0.024657534246575342,2,2024
2024-08-10,10,0.0,0.024657534246575342,2,2024
2024-08-10,12,42.0,0.024657534246575342,2,2024
2024-08-10,13,2.0,0.024657534246575342,2,2024
2024-08-10,15,3.0,0.024657534246575342,2,2024
2024-08-10,19,0.0,0.024657534246575342,2,2024
2024-08-10,16,0.0,0.024657534246575342,2,2024
2024-08-10,17,6.0,0.024657534246575342,2,2024
2024-08-10,18,0.0,0.024657534246575342,2,2024
2024-08-10,20,0.0,0.024657534246575342,2,2024
2024-08-10,21,0.0,0.024657534246575342,2,2024
2024-08-10,22,5.0,0.024657534246575342,2,2024
2024-08-10,25,,0.024657534246575342,2,2024
2024-08-10,24,0.0,0.024657534246575342,2,2024
2024-08-10,23,3.0,0.024657534246575342,2,2024
2024-08-10,26,5.0,0.024657534246575342,2,2024
2024-08-10,27,,0.024657534246575342,2,2024
2024-08-10,29,3.0,0.024657534246575342,2,2024
2024-08-10,28,16.0,0.024657534246575342,2,2024
2024-08-10,30,0.0,0.024657534246575342,2,2024
2024-08-10,37,1.0,0.024657534246575342,2,2024
2024-08-10,38,0.0,0.024657534246575342,2,2024
2024-08-10,31,0.0,0.024657534246575342,2,2024
2024-08-10,33,0.0,0.024657534246575342,2,2024
2024-08-10,34,15.0,0.024657534246575342,2,2024
2024-08-10,35,0.0,0.024657534246575342,2,2024
2024-08-10,32,0.0,0.024657534246575342,2,2024
2024-08-10,36,3.0,0.024657534246575342,2,2024
2024-08-10,39,4.0,0.024657534246575342,2,2024
2024-08-10,40,1.0,0.024657534246575342,2,2024
2024-08-10,41,2.0,0.024657534246575342,2,2024
2024-08-10,42,44.0,0.024657534246575342,2,2024
2024-08-10,72,5.0,0.024657534246575342,2,2024
2024-08-10,44,0.0,0.024657534246575342,2,2024
2024-08-10,45,15.0,0.024657534246575342,2,2024
2024-08-10,46,0.0,0.024657534246575342,2,2024
2024-08-10,47,9.0,0.024657534246575342,2,2024
2024-08-10,48,3.0,0.024657534246575342,2,2024
2024-08-10,US,275.0,0.024657534246575342,2,2024
2024-08-10,49,0.0,0.024657534246575342,2,2024
2024-08-10,51,24.0,0.024657534246575342,2,2024
2024-08-10,50,0.0,0.024657534246575342,2,2024
2024-08-10,53,4.0,0.024657534246575342,2,2024
2024-08-10,55,2.0,0.024657534246575342,2,2024
2024-08-10,54,0.0,0.024657534246575342,2,2024
2024-08-10,56,2.0,0.024657534246575342,2,2024
2024-08-03,02,0.0,0.005479452054794521,1,2024
2024-08-03,01,1.0,0.005479452054794521,1,2024
2024-08-03,05,4.0,0.005479452054794521,1,2024
2024-08-03,04,10.0,0.005479452054794521,1,2024
2024-08-03,06,31.0,0.005479452054794521,1,2024
2024-08-03,08,6.0,0.005479452054794521,1,2024
2024-08-03,09,3.0,0.005479452054794521,1,2024
2024-08-03,11,1.0,0.005479452054794521,1,2024
2024-08-03,10,0.0,0.005479452054794521,1,2024
2024-08-03,12,54.0,0.005479452054794521,1,2024
2024-08-03,13,3.0,0.005479452054794521,1,2024
2024-08-03,15,3.0,0.005479452054794521,1,2024
2024-08-03,19,0.0,0.005479452054794521,1,2024
2024-08-03,16,0.0,0.005479452054794521,1,2024
2024-08-03,17,4.0,0.005479452054794521,1,2024
2024-08-03,18,1.0,0.005479452054794521,1,2024
2024-08-03,20,1.0,0.005479452054794521,1,2024
2024-08-03,21,0.0,0.005479452054794521,1,2024
2024-08-03,22,7.0,0.005479452054794521,1,2024
2024-08-03,25,,0.005479452054794521,1,2024
2024-08-03,24,1.0,0.005479452054794521,1,2024
2024-08-03,23,2.0,0.005479452054794521,1,2024
2024-08-03,26,2.0,0.005479452054794521,1,2024
2024-08-03,27,,0.005479452054794521,1,2024
2024-08-03,29,1.0,0.005479452054794521,1,2024
2024-08-03,28,14.0,0.005479452054794521,1,2024
2024-08-03,30,0.0,0.005479452054794521,1,2024
2024-08-03,37,0.0,0.005479452054794521,1,2024
2024-08-03,38,0.0,0.005479452054794521,1,2024
2024-08-03,31,0.0,0.005479452054794521,1,2024
2024-08-03,33,0.0,0.005479452054794521,1,2024
2024-08-03,34,12.0,0.005479452054794521,1,2024
2024-08-03,35,0.0,0.005479452054794521,1,2024
2024-08-03,32,0.0,0.005479452054794521,1,2024
2024-08-03,36,0.0,0.005479452054794521,1,2024
2024-08-03,39,2.0,0.005479452054794521,1,2024
2024-08-03,40,1.0,0.005479452054794521,1,2024
2024-08-03,41,0.0,0.005479452054794521,1,2024
2024-08-03,42,55.0,0.005479452054794521,1,2024
2024-08-03,72,6.0,0.005479452054794521,1,2024
2024-08-03,44,0.0,0.005479452054794521,1,2024
2024-08-03,45,22.0,0.005479452054794521,1,2024
2024-08-03,46,0.0,0.005479452054794521,1,2024
2024-08-03,47,9.0,0.005479452054794521,1,2024
2024-08-03,48,2.0,0.005479452054794521,1,2024
2024-08-03,US,275.0,0.005479452054794521,1,2024
2024-08-03,49,0.0,0.005479452054794521,1,2024
2024-08-03,51,11.0,0.005479452054794521,1,2024
2024-08-03,50,0.0,0.005479452054794521,1,2024
2024-08-03,53,3.0,0.005479452054794521,1,2024
2024-08-03,55,1.0,0.005479452054794521,1,2024
2024-08-03,54,0.0,0.005479452054794521,1,2024
2024-08-03,56,2.0,0.005479452054794521,1,2024
2024-07-27,02,1.0,0.989041095890411,52,2023
2024-07-27,01,0.0,0.989041095890411,52,2023
2024-07-27,05,8.0,0.989041095890411,52,2023
2024-07-27,04,12.0,0.989041095890411,52,2023
2024-07-27,06,29.0,0.989041095890411,52,2023
2024-07-27,08,6.0,0.989041095890411,52,2023
2024-07-27,09,1.0,0.989041095890411,52,2023
2024-07-27,11,1.0,0.989041095890411,52,2023
2024-07-27,10,0.0,0.989041095890411,52,2023
2024-07-27,12,41.0,0.989041095890411,52,2023
2024-07-27,13,1.0,0.989041095890411,52,2023
2024-07-27,15,1.0,0.989041095890411,52,2023
2024-07-27,19,1.0,0.989041095890411,52,2023
2024-07-27,16,0.0,0.989041095890411,52,2023
2024-07-27,17,3.0,0.989041095890411,52,2023
2024-07-27,18,1.0,0.989041095890411,52,2023
2024-07-27,20,1.0,0.989041095890411,52,2023
2024-07-27,21,0.0,0.989041095890411,52,2023
2024-07-27,22,2.0,0.989041095890411,52,2023
2024-07-27,25,,0.989041095890411,52,2023
2024-07-27,24,0.0,0.989041095890411,52,2023
2024-07-27,23,0.0,0.989041095890411,52,2023
2024-07-27,26,7.0,0.989041095890411,52,2023
2024-07-27,27,,0.989041095890411,52,2023
2024-07-27,29,4.0,0.989041095890411,52,2023
2024-07-27,28,12.0,0.989041095890411,52,2023
2024-07-27,30,1.0,0.989041095890411,52,2023
2024-07-27,37,0.0,0.989041095890411,52,2023
2024-07-27,38,1.0,0.989041095890411,52,2023
2024-07-27,31,0.0,0.989041095890411,52,2023
2024-07-27,33,0.0,0.989041095890411,52,2023
2024-07-27,34,17.0,0.989041095890411,52,2023
2024-07-27,35,0.0,0.989041095890411,52,2023
2024-07-27,32,0.0,0.989041095890411,52,2023
2024-07-27,36,1.0,0.989041095890411,52,2023
2024-07-27,39,2.0,0.989041095890411,52,2023
2024-07-27,40,0.0,0.989041095890411,52,2023
2024-07-27,41,1.0,0.989041095890411,52,2023
2024-07-27,42,59.0,0.989041095890411,52,2023
2024-07-27,72,3.0,0.989041095890411,52,2023
2024-07-27,44,0.0,0.989041095890411,52,2023
2024-07-27,45,16.0,0.989041095890411,52,2023
2024-07-27,46,0.0,0.989041095890411,52,2023
2024-07-27,47,13.0,0.989041095890411,52,2023
2024-07-27,48,0.0,0.989041095890411,52,2023
2024-07-27,US,273.0,0.989041095890411,52,2023
2024-07-27,49,0.0,0.989041095890411,52,2023
2024-07-27,51,20.0,0.989041095890411,52,2023
2024-07-27,50,0.0,0.989041095890411,52,2023
2024-07-27,53,6.0,0.989041095890411,52,2023
2024-07-27,55,1.0,0.989041095890411,52,2023
2024-07-27,54,0.0,0.989041095890411,52,2023
2024-07-27,56,0.0,0.989041095890411,52,2023
2024-07-20,02,3.0,0.9698630136986301,51,2023
2024-07-20,01,0.0,0.9698630136986301,51,2023
2024-07-20,05,7.0,0.9698630136986301,51,2023
2024-07-20,04,16.0,0.9698630136986301,51,2023
2024-07-20,06,35.0,0.9698630136986301,51,2023
2024-07-20,08,3.0,0.9698630136986301,51,2023
2024-07-20,09,2.0,0.9698630136986301,51,2023
2024-07-20,11,2.0,0.9698630136986301,51,2023
2024-07-20,10,0.0,0.9698630136986301,51,2023
2024-07-20,12,59.0,0.9698630136986301,51,2023
2024-07-20,13,0.0,0.9698630136986301,51,2023
2024-07-20,15,6.0,0.9698630136986301,51,2023
2024-07-20,19,0.0,0.9698630136986301,51,2023
2024-07-20,16,0.0,0.9698630136986301,51,2023
2024-07-20,17,4.0,0.9698630136986301,51,2023
2024-07-20,18,0.0,0.9698630136986301,51,2023
2024-07-20,20,0.0,0.9698630136986301,51,2023
2024-07-20,21,0.0,0.9698630136986301,51,2023
2024-07-20,22,5.0,0.9698630136986301,51,2023
2024-07-20,25,0.0,0.9698630136986301,51,2023
2024-07-20,24,0.0,0.9698630136986301,51,2023
2024-07-20,23,2.0,0.9698630136986301,51,2023
2024-07-20,26,8.0,0.9698630136986301,51,2023
2024-07-20,27,0.0,0.9698630136986301,51,2023
2024-07-20,29,3.0,0.9698630136986301,51,2023
2024-07-20,28,7.0,0.9698630136986301,51,2023
2024-07-20,30,0.0,0.9698630136986301,51,2023
2024-07-20,37,2.0,0.9698630136986301,51,2023
2024-07-20,38,0.0,0.9698630136986301,51,2023
2024-07-20,31,0.0,0.9698630136986301,51,2023
2024-07-20,33,0.0,0.9698630136986301,51,2023
2024-07-20,34,17.0,0.9698630136986301,51,2023
2024-07-20,35,0.0,0.9698630136986301,51,2023
2024-07-20,32,0.0,0.9698630136986301,51,2023
2024-07-20,36,14.0,0.9698630136986301,51,2023
2024-07-20,39,3.0,0.9698630136986301,51,2023
2024-07-20,40,6.0,0.9698630136986301,51,2023
2024-07-20,41,3.0,0.9698630136986301,51,2023
2024-07-20,42,50.0,0.9698630136986301,51,2023
2024-07-20,72,9.0,0.9698630136986301,51,2023
2024-07-20,44,0.0,0.9698630136986301,51,2023
2024-07-20,45,15.0,0.9698630136986301,51,2023
2024-07-20,46,0.0,0.9698630136986301,51,2023
2024-07-20,47,10.0,0.9698630136986301,51,2023
2024-07-20,48,4.0,0.9698630136986301,51,2023
2024-07-20,US,324.0,0.9698630136986301,51,2023
2024-07-20,49,0.0,0.9698630136986301,51,2023
2024-07-20,51,16.0,0.9698630136986301,51,2023
2024-07-20,50,0.0,0.9698630136986301,51,2023
2024-07-20,53,6.0,0.9698630136986301,51,2023
2024-07-20,55,3.0,0.9698630136986301,51,2023
2024-07-20,54,0.0,0.9698630136986301,51,2023
2024-07-20,56,3.0,0.9698630136986301,51,2023
2024-07-13,02,1.0,0.9506849315068493,50,2023
2024-07-13,01,0.0,0.9506849315068493,50,2023
2024-07-13,05,5.0,0.9506849315068493,50,2023
2024-07-13,04,29.0,0.9506849315068493,50,2023
2024-07-13,06,39.0,0.9506849315068493,50,2023
2024-07-13,08,1.0,0.9506849315068493,50,2023
2024-07-13,09,3.0,0.9506849315068493,50,2023
2024-07-13,11,1.0,0.9506849315068493,50,2023
2024-07-13,10,0.0,0.9506849315068493,50,2023
2024-07-13,12,78.0,0.9506849315068493,50,2023
2024-07-13,13,0.0,0.9506849315068493,50,2023
2024-07-13,15,4.0,0.9506849315068493,50,2023
2024-07-13,19,1.0,0.9506849315068493,50,2023
2024-07-13,16,0.0,0.9506849315068493,50,2023
2024-07-13,17,5.0,0.9506849315068493,50,2023
2024-07-13,18,3.0,0.9506849315068493,50,2023
2024-07-13,20,4.0,0.9506849315068493,50,2023
2024-07-13,21,0.0,0.9506849315068493,50,2023
2024-07-13,22,0.0,0.9506849315068493,50,2023
2024-07-13,25,0.0,0.9506849315068493,50,2023
2024-07-13,24,0.0,0.9506849315068493,50,2023
2024-07-13,23,4.0,0.9506849315068493,50,2023
2024-07-13,26,9.0,0.9506849315068493,50,2023
2024-07-13,27,0.0,0.9506849315068493,50,2023
2024-07-13,29,1.0,0.9506849315068493,50,2023
2024-07-13,28,6.0,0.9506849315068493,50,2023
2024-07-13,30,1.0,0.9506849315068493,50,2023
2024-07-13,37,0.0,0.9506849315068493,50,2023
2024-07-13,38,0.0,0.9506849315068493,50,2023
2024-07-13,31,0.0,0.9506849315068493,50,2023
2024-07-13,33,0.0,0.9506849315068493,50,2023
2024-07-13,34,23.0,0.9506849315068493,50,2023
2024-07-13,35,0.0,0.9506849315068493,50,2023
2024-07-13,32,0.0,0.9506849315068493,50,2023
2024-07-13,36,1.0,0.9506849315068493,50,2023
2024-07-13,39,2.0,0.9506849315068493,50,2023
2024-07-13,40,0.0,0.9506849315068493,50,2023
2024-07-13,41,5.0,0.9506849315068493,50,2023
2024-07-13,42,58.0,0.9506849315068493,50,2023
2024-07-13,72,6.0,0.9506849315068493,50,2023
2024-07-13,44,0.0,0.9506849315068493,50,2023
2024-07-13,45,20.0,0.9506849315068493,50,2023
2024-07-13,46,0.0,0.9506849315068493,50,2023
2024-07-13,47,11.0,0.9506849315068493,50,2023
2024-07-13,48,1.0,0.9506849315068493,50,2023
2024-07-13,US,367.0,0.9506849315068493,50,2023
2024-07-13,49,0.0,0.9506849315068493,50,2023
2024-07-13,51,25.0,0.9506849315068493,50,2023
2024-07-13,50,0.0,0.9506849315068493,50,2023
2024-07-13,53,15.0,0.9506849315068493,50,2023
2024-07-13,55,3.0,0.9506849315068493,50,2023
2024-07-13,54,0.0,0.9506849315068493,50,2023
2024-07-13,56,1.0,0.9506849315068493,50,2023
2024-07-06,02,1.0,0.9315068493150684,49,2023
2024-07-06,01,0.0,0.9315068493150684,49,2023
2024-07-06,05,4.0,0.9315068493150684,49,2023
2024-07-06,04,29.0,0.9315068493150684,49,2023
2024-07-06,06,37.0,0.9315068493150684,49,2023
2024-07-06,08,3.0,0.9315068493150684,49,2023
2024-07-06,09,7.0,0.9315068493150684,49,2023
2024-07-06,11,0.0,0.9315068493150684,49,2023
2024-07-06,10,0.0,0.9315068493150684,49,2023
2024-07-06,12,56.0,0.9315068493150684,49,2023
2024-07-06,13,4.0,0.9315068493150684,49,2023
2024-07-06,15,3.0,0.9315068493150684,49,2023
2024-07-06,19,0.0,0.9315068493150684,49,2023
2024-07-06,16,0.0,0.9315068493150684,49,2023
2024-07-06,17,8.0,0.9315068493150684,49,2023
2024-07-06,18,3.0,0.9315068493150684,49,2023
2024-07-06,20,0.0,0.9315068493150684,49,2023
2024-07-06,21,2.0,0.9315068493150684,49,2023
2024-07-06,22,5.0,0.9315068493150684,49,2023
2024-07-06,25,0.0,0.9315068493150684,49,2023
2024-07-06,24,1.0,0.9315068493150684,49,2023
2024-07-06,23,0.0,0.9315068493150684,49,2023
2024-07-06,26,7.0,0.9315068493150684,49,2023
2024-07-06,27,0.0,0.9315068493150684,49,2023
2024-07-06,29,0.0,0.9315068493150684,49,2023
2024-07-06,28,3.0,0.9315068493150684,49,2023
2024-07-06,30,0.0,0.9315068493150684,49,2023
2024-07-06,37,1.0,0.9315068493150684,49,2023
2024-07-06,38,0.0,0.9315068493150684,49,2023
2024-07-06,31,0.0,0.9315068493150684,49,2023
2024-07-06,33,0.0,0.9315068493150684,49,2023
2024-07-06,34,21.0,0.9315068493150684,49,2023
2024-07-06,35,1.0,0.9315068493150684,49,2023
2024-07-06,32,1.0,0.9315068493150684,49,2023
2024-07-06,36,4.0,0.9315068493150684,49,2023
2024-07-06,39,6.0,0.9315068493150684,49,2023
2024-07-06,40,2.0,0.9315068493150684,49,2023
2024-07-06,41,5.0,0.9315068493150684,49,2023
2024-07-06,42,46.0,0.9315068493150684,49,2023
2024-07-06,72,7.0,0.9315068493150684,49,2023
2024-07-06,44,1.0,0.9315068493150684,49,2023
2024-07-06,45,19.0,0.9315068493150684,49,2023
2024-07-06,46,0.0,0.9315068493150684,49,2023
2024-07-06,47,10.0,0.9315068493150684,49,2023
2024-07-06,48,2.0,0.9315068493150684,49,2023
2024-07-06,US,341.0,0.9315068493150684,49,2023
2024-07-06,49,0.0,0.9315068493150684,49,2023
2024-07-06,51,18.0,0.9315068493150684,49,2023
2024-07-06,50,0.0,0.9315068493150684,49,2023
2024-07-06,53,19.0,0.9315068493150684,49,2023
2024-07-06,55,2.0,0.9315068493150684,49,2023
2024-07-06,54,0.0,0.9315068493150684,49,2023
2024-07-06,56,2.0,0.9315068493150684,49,2023
2024-06-29,02,3.0,0.9123287671232877,48,2023
2024-06-29,01,0.0,0.9123287671232877,48,2023
2024-06-29,05,1.0,0.9123287671232877,48,2023
2024-06-29,04,23.0,0.9123287671232877,48,2023
2024-06-29,06,49.0,0.9123287671232877,48,2023
2024-06-29,08,3.0,0.9123287671232877,48,2023
2024-06-29,09,1.0,0.9123287671232877,48,2023
2024-06-29,11,2.0,0.9123287671232877,48,2023
2024-06-29,10,1.0,0.9123287671232877,48,2023
2024-06-29,12,62.0,0.9123287671232877,48,2023
2024-06-29,13,4.0,0.9123287671232877,48,2023
2024-06-29,15,2.0,0.9123287671232877,48,2023
2024-06-29,19,1.0,0.9123287671232877,48,2023
2024-06-29,16,0.0,0.9123287671232877,48,2023
2024-06-29,17,6.0,0.9123287671232877,48,2023
2024-06-29,18,3.0,0.9123287671232877,48,2023
2024-06-29,20,1.0,0.9123287671232877,48,2023
2024-06-29,21,1.0,0.9123287671232877,48,2023
2024-06-29,22,5.0,0.9123287671232877,48,2023
2024-06-29,25,0.0,0.9123287671232877,48,2023
2024-06-29,24,2.0,0.9123287671232877,48,2023
2024-06-29,23,1.0,0.9123287671232877,48,2023
2024-06-29,26,11.0,0.9123287671232877,48,2023
2024-06-29,27,0.0,0.9123287671232877,48,2023
2024-06-29,29,5.0,0.9123287671232877,48,2023
2024-06-29,28,6.0,0.9123287671232877,48,2023
2024-06-29,30,0.0,0.9123287671232877,48,2023
2024-06-29,37,0.0,0.9123287671232877,48,2023
2024-06-29,38,0.0,0.9123287671232877,48,2023
2024-06-29,31,0.0,0.9123287671232877,48,2023
2024-06-29,33,0.0,0.9123287671232877,48,2023
2024-06-29,34,20.0,0.9123287671232877,48,2023
2024-06-29,35,0.0,0.9123287671232877,48,2023
2024-06-29,32,1.0,0.9123287671232877,48,2023
2024-06-29,36,6.0,0.9123287671232877,48,2023
2024-06-29,39,2.0,0.9123287671232877,48,2023
2024-06-29,40,0.0,0.9123287671232877,48,2023
2024-06-29,41,2.0,0.9123287671232877,48,2023
2024-06-29,42,47.0,0.9123287671232877,48,2023
2024-06-29,72,7.0,0.9123287671232877,48,2023
2024-06-29,44,0.0,0.9123287671232877,48,2023
2024-06-29,45,17.0,0.9123287671232877,48,2023
2024-06-29,46,0.0,0.9123287671232877,48,2023
2024-06-29,47,7.0,0.9123287671232877,48,2023
2024-06-29,48,0.0,0.9123287671232877,48,2023
2024-06-29,US,356.0,0.9123287671232877,48,2023
2024-06-29,49,0.0,0.9123287671232877,48,2023
2024-06-29,51,20.0,0.9123287671232877,48,2023
2024-06-29,50,0.0,0.9123287671232877,48,2023
2024-06-29,53,32.0,0.9123287671232877,48,2023
2024-06-29,55,2.0,0.9123287671232877,48,2023
2024-06-29,54,0.0,0.9123287671232877,48,2023
2024-06-29,56,0.0,0.9123287671232877,48,2023
2024-06-22,02,6.0,0.8931506849315068,47,2023
2024-06-22,01,0.0,0.8931506849315068,47,2023
2024-06-22,05,5.0,0.8931506849315068,47,2023
2024-06-22,04,44.0,0.8931506849315068,47,2023
2024-06-22,06,64.0,0.8931506849315068,47,2023
2024-06-22,08,3.0,0.8931506849315068,47,2023
2024-06-22,09,3.0,0.8931506849315068,47,2023
2024-06-22,11,0.0,0.8931506849315068,47,2023
2024-06-22,10,0.0,0.8931506849315068,47,2023
2024-06-22,12,64.0,0.8931506849315068,47,2023
2024-06-22,13,2.0,0.8931506849315068,47,2023
2024-06-22,15,4.0,0.8931506849315068,47,2023
2024-06-22,19,0.0,0.8931506849315068,47,2023
2024-06-22,16,0.0,0.8931506849315068,47,2023
2024-06-22,17,6.0,0.8931506849315068,47,2023
2024-06-22,18,5.0,0.8931506849315068,47,2023
2024-06-22,20,1.0,0.8931506849315068,47,2023
2024-06-22,21,1.0,0.8931506849315068,47,2023
2024-06-22,22,4.0,0.8931506849315068,47,2023
2024-06-22,25,,0.8931506849315068,47,2023
2024-06-22,24,0.0,0.8931506849315068,47,2023
2024-06-22,23,1.0,0.8931506849315068,47,2023
2024-06-22,26,9.0,0.8931506849315068,47,2023
2024-06-22,27,,0.8931506849315068,47,2023
2024-06-22,29,3.0,0.8931506849315068,47,2023
2024-06-22,28,16.0,0.8931506849315068,47,2023
2024-06-22,30,2.0,0.8931506849315068,47,2023
2024-06-22,37,0.0,0.8931506849315068,47,2023
2024-06-22,38,1.0,0.8931506849315068,47,2023
2024-06-22,31,0.0,0.8931506849315068,47,2023
2024-06-22,33,0.0,0.8931506849315068,47,2023
2024-06-22,34,16.0,0.8931506849315068,47,2023
2024-06-22,35,0.0,0.8931506849315068,47,2023
2024-06-22,32,1.0,0.8931506849315068,47,2023
2024-06-22,36,7.0,0.8931506849315068,47,2023
2024-06-22,39,6.0,0.8931506849315068,47,2023
2024-06-22,40,1.0,0.8931506849315068,47,2023
2024-06-22,41,14.0,0.8931506849315068,47,2023
2024-06-22,42,51.0,0.8931506849315068,47,2023
2024-06-22,72,10.0,0.8931506849315068,47,2023
2024-06-22,44,0.0,0.8931506849315068,47,2023
2024-06-22,45,20.0,0.8931506849315068,47,2023
2024-06-22,46,0.0,0.8931506849315068,47,2023
2024-06-22,47,12.0,0.8931506849315068,47,2023
2024-06-22,48,1.0,0.8931506849315068,47,2023
2024-06-22,US,441.0,0.8931506849315068,47,2023
2024-06-22,49,0.0,0.8931506849315068,47,2023
2024-06-22,51,25.0,0.8931506849315068,47,2023
2024-06-22,50,0.0,0.8931506849315068,47,2023
2024-06-22,53,28.0,0.8931506849315068,47,2023
2024-06-22,55,1.0,0.8931506849315068,47,2023
2024-06-22,54,0.0,0.8931506849315068,47,2023
2024-06-22,56,3.0,0.8931506849315068,47,2023
2024-06-15,02,3.0,0.873972602739726,46,2023
2024-06-15,01,0.0,0.873972602739726,46,2023
2024-06-15,05,5.0,0.873972602739726,46,2023
2024-06-15,04,69.0,0.873972602739726,46,2023
2024-06-15,06,58.0,0.873972602739726,46,2023
2024-06-15,08,3.0,0.873972602739726,46,2023
2024-06-15,09,2.0,0.873972602739726,46,2023
2024-06-15,11,0.0,0.873972602739726,46,2023
2024-06-15,10,0.0,0.873972602739726,46,2023
2024-06-15,12,80.0,0.873972602739726,46,2023
2024-06-15,13,1.0,0.873972602739726,46,2023
2024-06-15,15,3.0,0.873972602739726,46,2023
2024-06-15,19,1.0,0.873972602739726,46,2023
2024-06-15,16,0.0,0.873972602739726,46,2023
2024-06-15,17,9.0,0.873972602739726,46,2023
2024-06-15,18,2.0,0.873972602739726,46,2023
2024-06-15,20,1.0,0.873972602739726,46,2023
2024-06-15,21,3.0,0.873972602739726,46,2023
2024-06-15,22,4.0,0.873972602739726,46,2023
2024-06-15,25,,0.873972602739726,46,2023
2024-06-15,24,0.0,0.873972602739726,46,2023
2024-06-15,23,3.0,0.873972602739726,46,2023
2024-06-15,26,9.0,0.873972602739726,46,2023
2024-06-15,27,,0.873972602739726,46,2023
2024-06-15,29,3.0,0.873972602739726,46,2023
2024-06-15,28,13.0,0.873972602739726,46,2023
2024-06-15,30,2.0,0.873972602739726,46,2023
2024-06-15,37,0.0,0.873972602739726,46,2023
2024-06-15,38,0.0,0.873972602739726,46,2023
2024-06-15,31,0.0,0.873972602739726,46,2023
2024-06-15,33,0.0,0.873972602739726,46,2023
2024-06-15,34,25.0,0.873972602739726,46,2023
2024-06-15,35,0.0,0.873972602739726,46,2023
2024-06-15,32,0.0,0.873972602739726,46,2023
2024-06-15,36,10.0,0.873972602739726,46,2023
2024-06-15,39,2.0,0.873972602739726,46,2023
2024-06-15,40,1.0,0.873972602739726,46,2023
2024-06-15,41,6.0,0.873972602739726,46,2023
2024-06-15,42,80.0,0.873972602739726,46,2023
2024-06-15,72,6.0,0.873972602739726,46,2023
2024-06-15,44,0.0,0.873972602739726,46,2023
2024-06-15,45,29.0,0.873972602739726,46,2023
2024-06-15,46,0.0,0.873972602739726,46,2023
2024-06-15,47,15.0,0.873972602739726,46,2023
2024-06-15,48,0.0,0.873972602739726,46,2023
2024-06-15,US,517.0,0.873972602739726,46,2023
2024-06-15,49,0.0,0.873972602739726,46,2023
2024-06-15,51,40.0,0.873972602739726,46,2023
2024-06-15,50,0.0,0.873972602739726,46,2023
2024-06-15,53,20.0,0.873972602739726,46,2023
2024-06-15,55,2.0,0.873972602739726,46,2023
2024-06-15,54,0.0,0.873972602739726,46,2023
2024-06-15,56,4.0,0.873972602739726,46,2023
2024-06-08,02,3.0,0.8547945205479452,45,2023
2024-06-08,01,0.0,0.8547945205479452,45,2023
2024-06-08,05,5.0,0.8547945205479452,45,2023
2024-06-08,04,53.0,0.8547945205479452,45,2023
2024-06-08,06,59.0,0.8547945205479452,45,2023
2024-06-08,08,4.0,0.8547945205479452,45,2023
2024-06-08,09,5.0,0.8547945205479452,45,2023
2024-06-08,11,0.0,0.8547945205479452,45,2023
2024-06-08,10,1.0,0.8547945205479452,45,2023
2024-06-08,12,81.0,0.8547945205479452,45,2023
2024-06-08,13,2.0,0.8547945205479452,45,2023
2024-06-08,15,1.0,0.8547945205479452,45,2023
2024-06-08,19,0.0,0.8547945205479452,45,2023
2024-06-08,16,0.0,0.8547945205479452,45,2023
2024-06-08,17,8.0,0.8547945205479452,45,2023
2024-06-08,18,5.0,0.8547945205479452,45,2023
2024-06-08,20,5.0,0.8547945205479452,45,2023
2024-06-08,21,7.0,0.8547945205479452,45,2023
2024-06-08,22,5.0,0.8547945205479452,45,2023
2024-06-08,25,,0.8547945205479452,45,2023
2024-06-08,24,3.0,0.8547945205479452,45,2023
2024-06-08,23,1.0,0.8547945205479452,45,2023
2024-06-08,26,9.0,0.8547945205479452,45,2023
2024-06-08,27,,0.8547945205479452,45,2023
2024-06-08,29,4.0,0.8547945205479452,45,2023
2024-06-08,28,11.0,0.8547945205479452,45,2023
2024-06-08,30,0.0,0.8547945205479452,45,2023
2024-06-08,37,0.0,0.8547945205479452,45,2023
2024-06-08,38,0.0,0.8547945205479452,45,2023
2024-06-08,31,1.0,0.8547945205479452,45,2023
2024-06-08,33,0.0,0.8547945205479452,45,2023
2024-06-08,34,20.0,0.8547945205479452,45,2023
2024-06-08,35,5.0,0.8547945205479452,45,2023
2024-06-08,32,0.0,0.8547945205479452,45,2023
2024-06-08,36,10.0,0.8547945205479452,45,2023
2024-06-08,39,3.0,0.8547945205479452,45,2023
2024-06-08,40,1.0,0.8547945205479452,45,2023
2024-06-08,41,16.0,0.8547945205479452,45,2023
2024-06-08,42,59.0,0.8547945205479452,45,2023
2024-06-08,72,9.0,0.8547945205479452,45,2023
2024-06-08,44,0.0,0.8547945205479452,45,2023
2024-06-08,45,28.0,0.8547945205479452,45,2023
2024-06-08,46,0.0,0.8547945205479452,45,2023
2024-06-08,47,17.0,0.8547945205479452,45,2023
2024-06-08,48,1.0,0.8547945205479452,45,2023
2024-06-08,US,511.0,0.8547945205479452,45,2023
2024-06-08,49,0.0,0.8547945205479452,45,2023
2024-06-08,51,24.0,0.8547945205479452,45,2023
2024-06-08,50,0.0,0.8547945205479452,45,2023
2024-06-08,53,39.0,0.8547945205479452,45,2023
2024-06-08,55,0.0,0.8547945205479452,45,2023
2024-06-08,54,0.0,0.8547945205479452,45,2023
2024-06-08,56,5.0,0.8547945205479452,45,2023
2024-06-01,02,3.0,0.8356164383561644,44,2023
2024-06-01,01,0.0,0.8356164383561644,44,2023
2024-06-01,05,6.0,0.8356164383561644,44,2023
2024-06-01,04,68.0,0.8356164383561644,44,2023
2024-06-01,06,56.0,0.8356164383561644,44,2023
2024-06-01,08,10.0,0.8356164383561644,44,2023
2024-06-01,09,4.0,0.8356164383561644,44,2023
2024-06-01,11,0.0,0.8356164383561644,44,2023
2024-06-01,10,0.0,0.8356164383561644,44,2023
2024-06-01,12,77.0,0.8356164383561644,44,2023
2024-06-01,13,5.0,0.8356164383561644,44,2023
2024-06-01,15,6.0,0.8356164383561644,44,2023
2024-06-01,19,1.0,0.8356164383561644,44,2023
2024-06-01,16,0.0,0.8356164383561644,44,2023
2024-06-01,17,9.0,0.8356164383561644,44,2023
2024-06-01,18,5.0,0.8356164383561644,44,2023
2024-06-01,20,2.0,0.8356164383561644,44,2023
2024-06-01,21,5.0,0.8356164383561644,44,2023
2024-06-01,22,6.0,0.8356164383561644,44,2023
2024-06-01,25,,0.8356164383561644,44,2023
2024-06-01,24,5.0,0.8356164383561644,44,2023
2024-06-01,23,5.0,0.8356164383561644,44,2023
2024-06-01,26,15.0,0.8356164383561644,44,2023
2024-06-01,27,,0.8356164383561644,44,2023
2024-06-01,29,6.0,0.8356164383561644,44,2023
2024-06-01,28,13.0,0.8356164383561644,44,2023
2024-06-01,30,2.0,0.8356164383561644,44,2023
2024-06-01,37,0.0,0.8356164383561644,44,2023
2024-06-01,38,0.0,0.8356164383561644,44,2023
2024-06-01,31,0.0,0.8356164383561644,44,2023
2024-06-01,33,0.0,0.8356164383561644,44,2023
2024-06-01,34,26.0,0.8356164383561644,44,2023
2024-06-01,35,9.0,0.8356164383561644,44,2023
2024-06-01,32,1.0,0.8356164383561644,44,2023
2024-06-01,36,12.0,0.8356164383561644,44,2023
2024-06-01,39,5.0,0.8356164383561644,44,2023
2024-06-01,40,2.0,0.8356164383561644,44,2023
2024-06-01,41,17.0,0.8356164383561644,44,2023
2024-06-01,42,79.0,0.8356164383561644,44,2023
2024-06-01,72,10.0,0.8356164383561644,44,2023
2024-06-01,44,1.0,0.8356164383561644,44,2023
2024-06-01,45,19.0,0.8356164383561644,44,2023
2024-06-01,46,0.0,0.8356164383561644,44,2023
2024-06-01,47,30.0,0.8356164383561644,44,2023
2024-06-01,48,0.0,0.8356164383561644,44,2023
2024-06-01,US,590.0,0.8356164383561644,44,2023
2024-06-01,49,0.0,0.8356164383561644,44,2023
2024-06-01,51,45.0,0.8356164383561644,44,2023
2024-06-01,50,1.0,0.8356164383561644,44,2023
2024-06-01,53,21.0,0.8356164383561644,44,2023
2024-06-01,55,3.0,0.8356164383561644,44,2023
2024-06-01,54,0.0,0.8356164383561644,44,2023
2024-06-01,56,0.0,0.8356164383561644,44,2023
2024-05-25,02,2.0,0.8164383561643835,43,2023
2024-05-25,01,0.0,0.8164383561643835,43,2023
2024-05-25,05,2.0,0.8164383561643835,43,2023
2024-05-25,04,66.0,0.8164383561643835,43,2023
2024-05-25,06,42.0,0.8164383561643835,43,2023
2024-05-25,08,11.0,0.8164383561643835,43,2023
2024-05-25,09,6.0,0.8164383561643835,43,2023
2024-05-25,11,2.0,0.8164383561643835,43,2023
2024-05-25,10,1.0,0.8164383561643835,43,2023
2024-05-25,12,97.0,0.8164383561643835,43,2023
2024-05-25,13,3.0,0.8164383561643835,43,2023
2024-05-25,15,2.0,0.8164383561643835,43,2023
2024-05-25,19,2.0,0.8164383561643835,43,2023
2024-05-25,16,0.0,0.8164383561643835,43,2023
2024-05-25,17,9.0,0.8164383561643835,43,2023
2024-05-25,18,4.0,0.8164383561643835,43,2023
2024-05-25,20,5.0,0.8164383561643835,43,2023
2024-05-25,21,3.0,0.8164383561643835,43,2023
2024-05-25,22,9.0,0.8164383561643835,43,2023
2024-05-25,25,,0.8164383561643835,43,2023
2024-05-25,24,0.0,0.8164383561643835,43,2023
2024-05-25,23,5.0,0.8164383561643835,43,2023
2024-05-25,26,29.0,0.8164383561643835,43,2023
2024-05-25,27,,0.8164383561643835,43,2023
2024-05-25,29,10.0,0.8164383561643835,43,2023
2024-05-25,28,8.0,0.8164383561643835,43,2023
2024-05-25,30,1.0,0.8164383561643835,43,2023
2024-05-25,37,0.0,0.8164383561643835,43,2023
2024-05-25,38,0.0,0.8164383561643835,43,2023
2024-05-25,31,0.0,0.8164383561643835,43,2023
2024-05-25,33,0.0,0.8164383561643835,43,2023
2024-05-25,34,37.0,0.8164383561643835,43,2023
2024-05-25,35,8.0,0.8164383561643835,43,2023
2024-05-25,32,0.0,0.8164383561643835,43,2023
2024-05-25,36,20.0,0.8164383561643835,43,2023
2024-05-25,39,11.0,0.8164383561643835,43,2023
2024-05-25,40,6.0,0.8164383561643835,43,2023
2024-05-25,41,14.0,0.8164383561643835,43,2023
2024-05-25,42,85.0,0.8164383561643835,43,2023
2024-05-25,72,4.0,0.8164383561643835,43,2023
2024-05-25,44,1.0,0.8164383561643835,43,2023
2024-05-25,45,18.0,0.8164383561643835,43,2023
2024-05-25,46,1.0,0.8164383561643835,43,2023
2024-05-25,47,20.0,0.8164383561643835,43,2023
2024-05-25,48,2.0,0.8164383561643835,43,2023
2024-05-25,US,610.0,0.8164383561643835,43,2023
2024-05-25,49,0.0,0.8164383561643835,43,2023
2024-05-25,51,32.0,0.8164383561643835,43,2023
2024-05-25,50,1.0,0.8164383561643835,43,2023
2024-05-25,53,21.0,0.8164383561643835,43,2023
2024-05-25,55,3.0,0.8164383561643835,43,2023
2024-05-25,54,0.0,0.8164383561643835,43,2023
2024-05-25,56,5.0,0.8164383561643835,43,2023
2024-05-18,02,1.0,0.7972602739726027,42,2023
2024-05-18,01,2.0,0.7972602739726027,42,2023
2024-05-18,05,0.0,0.7972602739726027,42,2023
2024-05-18,04,66.0,0.7972602739726027,42,2023
2024-05-18,06,57.0,0.7972602739726027,42,2023
2024-05-18,08,6.0,0.7972602739726027,42,2023
2024-05-18,09,10.0,0.7972602739726027,42,2023
2024-05-18,11,2.0,0.7972602739726027,42,2023
2024-05-18,10,1.0,0.7972602739726027,42,2023
2024-05-18,12,91.0,0.7972602739726027,42,2023
2024-05-18,13,6.0,0.7972602739726027,42,2023
2024-05-18,15,2.0,0.7972602739726027,42,2023
2024-05-18,19,3.0,0.7972602739726027,42,2023
2024-05-18,16,0.0,0.7972602739726027,42,2023
2024-05-18,17,10.0,0.7972602739726027,42,2023
2024-05-18,18,11.0,0.7972602739726027,42,2023
2024-05-18,20,2.0,0.7972602739726027,42,2023
2024-05-18,21,5.0,0.7972602739726027,42,2023
2024-05-18,22,3.0,0.7972602739726027,42,2023
2024-05-18,25,,0.7972602739726027,42,2023
2024-05-18,24,0.0,0.7972602739726027,42,2023
2024-05-18,23,3.0,0.7972602739726027,42,2023
2024-05-18,26,31.0,0.7972602739726027,42,2023
2024-05-18,27,,0.7972602739726027,42,2023
2024-05-18,29,11.0,0.7972602739726027,42,2023
2024-05-18,28,22.0,0.7972602739726027,42,2023
2024-05-18,30,1.0,0.7972602739726027,42,2023
2024-05-18,37,0.0,0.7972602739726027,42,2023
2024-05-18,38,1.0,0.7972602739726027,42,2023
2024-05-18,31,2.0,0.7972602739726027,42,2023
2024-05-18,33,0.0,0.7972602739726027,42,2023
2024-05-18,34,32.0,0.7972602739726027,42,2023
2024-05-18,35,13.0,0.7972602739726027,42,2023
2024-05-18,32,2.0,0.7972602739726027,42,2023
2024-05-18,36,28.0,0.7972602739726027,42,2023
2024-05-18,39,12.0,0.7972602739726027,42,2023
2024-05-18,40,5.0,0.7972602739726027,42,2023
2024-05-18,41,21.0,0.7972602739726027,42,2023
2024-05-18,42,92.0,0.7972602739726027,42,2023
2024-05-18,72,17.0,0.7972602739726027,42,2023
2024-05-18,44,1.0,0.7972602739726027,42,2023
2024-05-18,45,22.0,0.7972602739726027,42,2023
2024-05-18,46,0.0,0.7972602739726027,42,2023
2024-05-18,47,21.0,0.7972602739726027,42,2023
2024-05-18,48,0.0,0.7972602739726027,42,2023
2024-05-18,US,681.0,0.7972602739726027,42,2023
2024-05-18,49,0.0,0.7972602739726027,42,2023
2024-05-18,51,39.0,0.7972602739726027,42,2023
2024-05-18,50,0.0,0.7972602739726027,42,2023
2024-05-18,53,12.0,0.7972602739726027,42,2023
2024-05-18,55,11.0,0.7972602739726027,42,2023
2024-05-18,54,0.0,0.7972602739726027,42,2023
2024-05-18,56,1.0,0.7972602739726027,42,2023
2024-05-11,02,6.0,0.7780821917808219,41,2023
2024-05-11,01,0.0,0.7780821917808219,41,2023
2024-05-11,05,12.0,0.7780821917808219,41,2023
2024-05-11,04,73.0,0.7780821917808219,41,2023
2024-05-11,06,49.0,0.7780821917808219,41,2023
2024-05-11,08,12.0,0.7780821917808219,41,2023
2024-05-11,09,22.0,0.7780821917808219,41,2023
2024-05-11,11,4.0,0.7780821917808219,41,2023
2024-05-11,10,1.0,0.7780821917808219,41,2023
2024-05-11,12,85.0,0.7780821917808219,41,2023
2024-05-11,13,7.0,0.7780821917808219,41,2023
2024-05-11,15,3.0,0.7780821917808219,41,2023
2024-05-11,19,3.0,0.7780821917808219,41,2023
2024-05-11,16,0.0,0.7780821917808219,41,2023
2024-05-11,17,13.0,0.7780821917808219,41,2023
2024-05-11,18,12.0,0.7780821917808219,41,2023
2024-05-11,20,5.0,0.7780821917808219,41,2023
2024-05-11,21,3.0,0.7780821917808219,41,2023
2024-05-11,22,8.0,0.7780821917808219,41,2023
2024-05-11,25,48.0,0.7780821917808219,41,2023
2024-05-11,24,5.0,0.7780821917808219,41,2023
2024-05-11,23,8.0,0.7780821917808219,41,2023
2024-05-11,26,50.0,0.7780821917808219,41,2023
2024-05-11,27,0.0,0.7780821917808219,41,2023
2024-05-11,29,18.0,0.7780821917808219,41,2023
2024-05-11,28,14.0,0.7780821917808219,41,2023
2024-05-11,30,2.0,0.7780821917808219,41,2023
2024-05-11,37,0.0,0.7780821917808219,41,2023
2024-05-11,38,0.0,0.7780821917808219,41,2023
2024-05-11,31,1.0,0.7780821917808219,41,2023
2024-05-11,33,0.0,0.7780821917808219,41,2023
2024-05-11,34,47.0,0.7780821917808219,41,2023
2024-05-11,35,16.0,0.7780821917808219,41,2023
2024-05-11,32,1.0,0.7780821917808219,41,2023
2024-05-11,36,52.0,0.7780821917808219,41,2023
2024-05-11,39,9.0,0.7780821917808219,41,2023
2024-05-11,40,9.0,0.7780821917808219,41,2023
2024-05-11,41,18.0,0.7780821917808219,41,2023
2024-05-11,42,84.0,0.7780821917808219,41,2023
2024-05-11,72,28.0,0.7780821917808219,41,2023
2024-05-11,44,4.0,0.7780821917808219,41,2023
2024-05-11,45,21.0,0.7780821917808219,41,2023
2024-05-11,46,1.0,0.7780821917808219,41,2023
2024-05-11,47,17.0,0.7780821917808219,41,2023
2024-05-11,48,1.0,0.7780821917808219,41,2023
2024-05-11,US,852.0,0.7780821917808219,41,2023
2024-05-11,49,3.0,0.7780821917808219,41,2023
2024-05-11,51,39.0,0.7780821917808219,41,2023
2024-05-11,50,0.0,0.7780821917808219,41,2023
2024-05-11,53,28.0,0.7780821917808219,41,2023
2024-05-11,55,10.0,0.7780821917808219,41,2023
2024-05-11,54,0.0,0.7780821917808219,41,2023
2024-05-11,56,0.0,0.7780821917808219,41,2023
2024-05-04,02,3.0,0.7589041095890411,40,2023
2024-05-04,01,10.0,0.7589041095890411,40,2023
2024-05-04,05,14.0,0.7589041095890411,40,2023
2024-05-04,04,75.0,0.7589041095890411,40,2023
2024-05-04,06,77.0,0.7589041095890411,40,2023
2024-05-04,08,23.0,0.7589041095890411,40,2023
2024-05-04,09,34.0,0.7589041095890411,40,2023
2024-05-04,11,5.0,0.7589041095890411,40,2023
2024-05-04,10,4.0,0.7589041095890411,40,2023
2024-05-04,12,141.0,0.7589041095890411,40,2023
2024-05-04,13,16.0,0.7589041095890411,40,2023
2024-05-04,15,6.0,0.7589041095890411,40,2023
2024-05-04,19,9.0,0.7589041095890411,40,2023
2024-05-04,16,2.0,0.7589041095890411,40,2023
2024-05-04,17,43.0,0.7589041095890411,40,2023
2024-05-04,18,36.0,0.7589041095890411,40,2023
2024-05-04,20,9.0,0.7589041095890411,40,2023
2024-05-04,21,10.0,0.7589041095890411,40,2023
2024-05-04,22,9.0,0.7589041095890411,40,2023
2024-05-04,25,58.0,0.7589041095890411,40,2023
2024-05-04,24,10.0,0.7589041095890411,40,2023
2024-05-04,23,9.0,0.7589041095890411,40,2023
2024-05-04,26,83.0,0.7589041095890411,40,2023
2024-05-04,27,18.0,0.7589041095890411,40,2023
2024-05-04,29,33.0,0.7589041095890411,40,2023
2024-05-04,28,20.0,0.7589041095890411,40,2023
2024-05-04,30,0.0,0.7589041095890411,40,2023
2024-05-04,37,8.0,0.7589041095890411,40,2023
2024-05-04,38,4.0,0.7589041095890411,40,2023
2024-05-04,31,5.0,0.7589041095890411,40,2023
2024-05-04,33,3.0,0.7589041095890411,40,2023
2024-05-04,34,81.0,0.7589041095890411,40,2023
2024-05-04,35,11.0,0.7589041095890411,40,2023
2024-05-04,32,10.0,0.7589041095890411,40,2023
2024-05-04,36,132.0,0.7589041095890411,40,2023
2024-05-04,39,46.0,0.7589041095890411,40,2023
2024-05-04,40,16.0,0.7589041095890411,40,2023
2024-05-04,41,17.0,0.7589041095890411,40,2023
2024-05-04,42,95.0,0.7589041095890411,40,2023
2024-05-04,72,32.0,0.7589041095890411,40,2023
2024-05-04,44,3.0,0.7589041095890411,40,2023
2024-05-04,45,31.0,0.7589041095890411,40,2023
2024-05-04,46,7.0,0.7589041095890411,40,2023
2024-05-04,47,22.0,0.7589041095890411,40,2023
2024-05-04,48,89.0,0.7589041095890411,40,2023
2024-05-04,US,1485.0,0.7589041095890411,40,2023
2024-05-04,49,2.0,0.7589041095890411,40,2023
2024-05-04,51,58.0,0.7589041095890411,40,2023
2024-05-04,50,4.0,0.7589041095890411,40,2023
2024-05-04,53,25.0,0.7589041095890411,40,2023
2024-05-04,55,15.0,0.7589041095890411,40,2023
2024-05-04,54,7.0,0.7589041095890411,40,2023
2024-05-04,56,4.0,0.7589041095890411,40,2023
2024-04-27,02,5.0,0.7397260273972602,39,2023
2024-04-27,01,15.0,0.7397260273972602,39,2023
2024-04-27,05,60.0,0.7397260273972602,39,2023
2024-04-27,04,105.0,0.7397260273972602,39,2023
2024-04-27,06,156.0,0.7397260273972602,39,2023
2024-04-27,08,23.0,0.7397260273972602,39,2023
2024-04-27,09,64.0,0.7397260273972602,39,2023
2024-04-27,11,8.0,0.7397260273972602,39,2023
2024-04-27,10,2.0,0.7397260273972602,39,2023
2024-04-27,12,262.0,0.7397260273972602,39,2023
2024-04-27,13,35.0,0.7397260273972602,39,2023
2024-04-27,15,14.0,0.7397260273972602,39,2023
2024-04-27,19,22.0,0.7397260273972602,39,2023
2024-04-27,16,16.0,0.7397260273972602,39,2023
2024-04-27,17,88.0,0.7397260273972602,39,2023
2024-04-27,18,46.0,0.7397260273972602,39,2023
2024-04-27,20,27.0,0.7397260273972602,39,2023
2024-04-27,21,25.0,0.7397260273972602,39,2023
2024-04-27,22,17.0,0.7397260273972602,39,2023
2024-04-27,25,69.0,0.7397260273972602,39,2023
2024-04-27,24,20.0,0.7397260273972602,39,2023
2024-04-27,23,14.0,0.7397260273972602,39,2023
2024-04-27,26,123.0,0.7397260273972602,39,2023
2024-04-27,27,39.0,0.7397260273972602,39,2023
2024-04-27,29,59.0,0.7397260273972602,39,2023
2024-04-27,28,21.0,0.7397260273972602,39,2023
2024-04-27,30,3.0,0.7397260273972602,39,2023
2024-04-27,37,13.0,0.7397260273972602,39,2023
2024-04-27,38,7.0,0.7397260273972602,39,2023
2024-04-27,31,17.0,0.7397260273972602,39,2023
2024-04-27,33,4.0,0.7397260273972602,39,2023
2024-04-27,34,89.0,0.7397260273972602,39,2023
2024-04-27,35,20.0,0.7397260273972602,39,2023
2024-04-27,32,21.0,0.7397260273972602,39,2023
2024-04-27,36,164.0,0.7397260273972602,39,2023
2024-04-27,39,78.0,0.7397260273972602,39,2023
2024-04-27,40,36.0,0.7397260273972602,39,2023
2024-04-27,41,30.0,0.7397260273972602,39,2023
2024-04-27,42,116.0,0.7397260273972602,39,2023
2024-04-27,72,44.0,0.7397260273972602,39,2023
2024-04-27,44,7.0,0.7397260273972602,39,2023
2024-04-27,45,30.0,0.7397260273972602,39,2023
2024-04-27,46,14.0,0.7397260273972602,39,2023
2024-04-27,47,51.0,0.7397260273972602,39,2023
2024-04-27,48,171.0,0.7397260273972602,39,2023
2024-04-27,US,2420.0,0.7397260273972602,39,2023
2024-04-27,49,6.0,0.7397260273972602,39,2023
2024-04-27,51,58.0,0.7397260273972602,39,2023
2024-04-27,50,6.0,0.7397260273972602,39,2023
2024-04-27,53,37.0,0.7397260273972602,39,2023
2024-04-27,55,37.0,0.7397260273972602,39,2023
2024-04-27,54,22.0,0.7397260273972602,39,2023
2024-04-27,56,4.0,0.7397260273972602,39,2023
2024-04-20,02,2.0,0.7205479452054795,38,2023
2024-04-20,01,17.0,0.7205479452054795,38,2023
2024-04-20,05,30.0,0.7205479452054795,38,2023
2024-04-20,04,79.0,0.7205479452054795,38,2023
2024-04-20,06,157.0,0.7205479452054795,38,2023
2024-04-20,08,26.0,0.7205479452054795,38,2023
2024-04-20,09,57.0,0.7205479452054795,38,2023
2024-04-20,11,14.0,0.7205479452054795,38,2023
2024-04-20,10,8.0,0.7205479452054795,38,2023
2024-04-20,12,239.0,0.7205479452054795,38,2023
2024-04-20,13,40.0,0.7205479452054795,38,2023
2024-04-20,15,5.0,0.7205479452054795,38,2023
2024-04-20,19,53.0,0.7205479452054795,38,2023
2024-04-20,16,15.0,0.7205479452054795,38,2023
2024-04-20,17,122.0,0.7205479452054795,38,2023
2024-04-20,18,61.0,0.7205479452054795,38,2023
2024-04-20,20,40.0,0.7205479452054795,38,2023
2024-04-20,21,46.0,0.7205479452054795,38,2023
2024-04-20,22,24.0,0.7205479452054795,38,2023
2024-04-20,25,127.0,0.7205479452054795,38,2023
2024-04-20,24,38.0,0.7205479452054795,38,2023
2024-04-20,23,16.0,0.7205479452054795,38,2023
2024-04-20,26,170.0,0.7205479452054795,38,2023
2024-04-20,27,53.0,0.7205479452054795,38,2023
2024-04-20,29,83.0,0.7205479452054795,38,2023
2024-04-20,28,25.0,0.7205479452054795,38,2023
2024-04-20,30,6.0,0.7205479452054795,38,2023
2024-04-20,37,23.0,0.7205479452054795,38,2023
2024-04-20,38,15.0,0.7205479452054795,38,2023
2024-04-20,31,27.0,0.7205479452054795,38,2023
2024-04-20,33,12.0,0.7205479452054795,38,2023
2024-04-20,34,110.0,0.7205479452054795,38,2023
2024-04-20,35,15.0,0.7205479452054795,38,2023
2024-04-20,32,26.0,0.7205479452054795,38,2023
2024-04-20,36,216.0,0.7205479452054795,38,2023
2024-04-20,39,110.0,0.7205479452054795,38,2023
2024-04-20,40,30.0,0.7205479452054795,38,2023
2024-04-20,41,32.0,0.7205479452054795,38,2023
2024-04-20,42,146.0,0.7205479452054795,38,2023
2024-04-20,72,36.0,0.7205479452054795,38,2023
2024-04-20,44,11.0,0.7205479452054795,38,2023
2024-04-20,45,37.0,0.7205479452054795,38,2023
2024-04-20,46,24.0,0.7205479452054795,38,2023
2024-04-20,47,58.0,0.7205479452054795,38,2023
2024-04-20,48,255.0,0.7205479452054795,38,2023
2024-04-20,US,2942.0,0.7205479452054795,38,2023
2024-04-20,49,3.0,0.7205479452054795,38,2023
2024-04-20,51,79.0,0.7205479452054795,38,2023
2024-04-20,50,10.0,0.7205479452054795,38,2023
2024-04-20,53,26.0,0.7205479452054795,38,2023
2024-04-20,55,66.0,0.7205479452054795,38,2023
2024-04-20,54,13.0,0.7205479452054795,38,2023
2024-04-20,56,2.0,0.7205479452054795,38,2023
2024-04-13,02,4.0,0.7013698630136986,37,2023
2024-04-13,01,19.0,0.7013698630136986,37,2023
2024-04-13,05,47.0,0.7013698630136986,37,2023
2024-04-13,04,85.0,0.7013698630136986,37,2023
2024-04-13,06,179.0,0.7013698630136986,37,2023
2024-04-13,08,55.0,0.7013698630136986,37,2023
2024-04-13,09,62.0,0.7013698630136986,37,2023
2024-04-13,11,17.0,0.7013698630136986,37,2023
2024-04-13,10,7.0,0.7013698630136986,37,2023
2024-04-13,12,326.0,0.7013698630136986,37,2023
2024-04-13,13,57.0,0.7013698630136986,37,2023
2024-04-13,15,12.0,0.7013698630136986,37,2023
2024-04-13,19,63.0,0.7013698630136986,37,2023
2024-04-13,16,12.0,0.7013698630136986,37,2023
2024-04-13,17,186.0,0.7013698630136986,37,2023
2024-04-13,18,112.0,0.7013698630136986,37,2023
2024-04-13,20,27.0,0.7013698630136986,37,2023
2024-04-13,21,67.0,0.7013698630136986,37,2023
2024-04-13,22,30.0,0.7013698630136986,37,2023
2024-04-13,25,177.0,0.7013698630136986,37,2023
2024-04-13,24,55.0,0.7013698630136986,37,2023
2024-04-13,23,15.0,0.7013698630136986,37,2023
2024-04-13,26,334.0,0.7013698630136986,37,2023
2024-04-13,27,79.0,0.7013698630136986,37,2023
2024-04-13,29,108.0,0.7013698630136986,37,2023
2024-04-13,28,38.0,0.7013698630136986,37,2023
2024-04-13,30,9.0,0.7013698630136986,37,2023
2024-04-13,37,55.0,0.7013698630136986,37,2023
2024-04-13,38,18.0,0.7013698630136986,37,2023
2024-04-13,31,45.0,0.7013698630136986,37,2023
2024-04-13,33,14.0,0.7013698630136986,37,2023
2024-04-13,34,130.0,0.7013698630136986,37,2023
2024-04-13,35,19.0,0.7013698630136986,37,2023
2024-04-13,32,23.0,0.7013698630136986,37,2023
2024-04-13,36,365.0,0.7013698630136986,37,2023
2024-04-13,39,193.0,0.7013698630136986,37,2023
2024-04-13,40,35.0,0.7013698630136986,37,2023
2024-04-13,41,33.0,0.7013698630136986,37,2023
2024-04-13,42,196.0,0.7013698630136986,37,2023
2024-04-13,72,43.0,0.7013698630136986,37,2023
2024-04-13,44,14.0,0.7013698630136986,37,2023
2024-04-13,45,64.0,0.7013698630136986,37,2023
2024-04-13,46,14.0,0.7013698630136986,37,2023
2024-04-13,47,77.0,0.7013698630136986,37,2023
2024-04-13,48,275.0,0.7013698630136986,37,2023
2024-04-13,US,4072.0,0.7013698630136986,37,2023
2024-04-13,49,1.0,0.7013698630136986,37,2023
2024-04-13,51,110.0,0.7013698630136986,37,2023
2024-04-13,50,16.0,0.7013698630136986,37,2023
2024-04-13,53,42.0,0.7013698630136986,37,2023
2024-04-13,55,77.0,0.7013698630136986,37,2023
2024-04-13,54,22.0,0.7013698630136986,37,2023
2024-04-13,56,6.0,0.7013698630136986,37,2023
2024-04-06,02,7.0,0.6821917808219178,36,2023
2024-04-06,01,39.0,0.6821917808219178,36,2023
2024-04-06,05,60.0,0.6821917808219178,36,2023
2024-04-06,04,81.0,0.6821917808219178,36,2023
2024-04-06,06,151.0,0.6821917808219178,36,2023
2024-04-06,08,49.0,0.6821917808219178,36,2023
2024-04-06,09,88.0,0.6821917808219178,36,2023
2024-04-06,11,23.0,0.6821917808219178,36,2023
2024-04-06,10,19.0,0.6821917808219178,36,2023
2024-04-06,12,312.0,0.6821917808219178,36,2023
2024-04-06,13,60.0,0.6821917808219178,36,2023
2024-04-06,15,9.0,0.6821917808219178,36,2023
2024-04-06,19,82.0,0.6821917808219178,36,2023
2024-04-06,16,31.0,0.6821917808219178,36,2023
2024-04-06,17,182.0,0.6821917808219178,36,2023
2024-04-06,18,166.0,0.6821917808219178,36,2023
2024-04-06,20,42.0,0.6821917808219178,36,2023
2024-04-06,21,102.0,0.6821917808219178,36,2023
2024-04-06,22,32.0,0.6821917808219178,36,2023
2024-04-06,25,227.0,0.6821917808219178,36,2023
2024-04-06,24,88.0,0.6821917808219178,36,2023
2024-04-06,23,24.0,0.6821917808219178,36,2023
2024-04-06,26,457.0,0.6821917808219178,36,2023
2024-04-06,27,112.0,0.6821917808219178,36,2023
2024-04-06,29,146.0,0.6821917808219178,36,2023
2024-04-06,28,53.0,0.6821917808219178,36,2023
2024-04-06,30,7.0,0.6821917808219178,36,2023
2024-04-06,37,77.0,0.6821917808219178,36,2023
2024-04-06,38,19.0,0.6821917808219178,36,2023
2024-04-06,31,54.0,0.6821917808219178,36,2023
2024-04-06,33,16.0,0.6821917808219178,36,2023
2024-04-06,34,168.0,0.6821917808219178,36,2023
2024-04-06,35,41.0,0.6821917808219178,36,2023
2024-04-06,32,35.0,0.6821917808219178,36,2023
2024-04-06,36,408.0,0.6821917808219178,36,2023
2024-04-06,39,264.0,0.6821917808219178,36,2023
2024-04-06,40,63.0,0.6821917808219178,36,2023
2024-04-06,41,51.0,0.6821917808219178,36,2023
2024-04-06,42,256.0,0.6821917808219178,36,2023
2024-04-06,72,39.0,0.6821917808219178,36,2023
2024-04-06,44,16.0,0.6821917808219178,36,2023
2024-04-06,45,44.0,0.6821917808219178,36,2023
2024-04-06,46,37.0,0.6821917808219178,36,2023
2024-04-06,47,102.0,0.6821917808219178,36,2023
2024-04-06,48,308.0,0.6821917808219178,36,2023
2024-04-06,US,5068.0,0.6821917808219178,36,2023
2024-04-06,49,5.0,0.6821917808219178,36,2023
2024-04-06,51,157.0,0.6821917808219178,36,2023
2024-04-06,50,9.0,0.6821917808219178,36,2023
2024-04-06,53,43.0,0.6821917808219178,36,2023
2024-04-06,55,124.0,0.6821917808219178,36,2023
2024-04-06,54,68.0,0.6821917808219178,36,2023
2024-04-06,56,7.0,0.6821917808219178,36,2023
2024-03-30,02,8.0,0.663013698630137,35,2023
2024-03-30,01,60.0,0.663013698630137,35,2023
2024-03-30,05,82.0,0.663013698630137,35,2023
2024-03-30,04,97.0,0.663013698630137,35,2023
2024-03-30,06,180.0,0.663013698630137,35,2023
2024-03-30,08,68.0,0.663013698630137,35,2023
2024-03-30,09,89.0,0.663013698630137,35,2023
2024-03-30,11,18.0,0.663013698630137,35,2023
2024-03-30,10,15.0,0.663013698630137,35,2023
2024-03-30,12,404.0,0.663013698630137,35,2023
2024-03-30,13,64.0,0.663013698630137,35,2023
2024-03-30,15,7.0,0.663013698630137,35,2023
2024-03-30,19,90.0,0.663013698630137,35,2023
2024-03-30,16,45.0,0.663013698630137,35,2023
2024-03-30,17,201.0,0.663013698630137,35,2023
2024-03-30,18,175.0,0.663013698630137,35,2023
2024-03-30,20,66.0,0.663013698630137,35,2023
2024-03-30,21,120.0,0.663013698630137,35,2023
2024-03-30,22,47.0,0.663013698630137,35,2023
2024-03-30,25,228.0,0.663013698630137,35,2023
2024-03-30,24,76.0,0.663013698630137,35,2023
2024-03-30,23,23.0,0.663013698630137,35,2023
2024-03-30,26,523.0,0.663013698630137,35,2023
2024-03-30,27,124.0,0.663013698630137,35,2023
2024-03-30,29,193.0,0.663013698630137,35,2023
2024-03-30,28,47.0,0.663013698630137,35,2023
2024-03-30,30,29.0,0.663013698630137,35,2023
2024-03-30,37,88.0,0.663013698630137,35,2023
2024-03-30,38,31.0,0.663013698630137,35,2023
2024-03-30,31,51.0,0.663013698630137,35,2023
2024-03-30,33,17.0,0.663013698630137,35,2023
2024-03-30,34,188.0,0.663013698630137,35,2023
2024-03-30,35,36.0,0.663013698630137,35,2023
2024-03-30,32,26.0,0.663013698630137,35,2023
2024-03-30,36,391.0,0.663013698630137,35,2023
2024-03-30,39,242.0,0.663013698630137,35,2023
2024-03-30,40,91.0,0.663013698630137,35,2023
2024-03-30,41,64.0,0.663013698630137,35,2023
2024-03-30,42,267.0,0.663013698630137,35,2023
2024-03-30,72,47.0,0.663013698630137,35,2023
2024-03-30,44,14.0,0.663013698630137,35,2023
2024-03-30,45,63.0,0.663013698630137,35,2023
2024-03-30,46,33.0,0.663013698630137,35,2023
2024-03-30,47,84.0,0.663013698630137,35,2023
2024-03-30,48,360.0,0.663013698630137,35,2023
2024-03-30,US,5574.0,0.663013698630137,35,2023
2024-03-30,49,11.0,0.663013698630137,35,2023
2024-03-30,51,111.0,0.663013698630137,35,2023
2024-03-30,50,15.0,0.663013698630137,35,2023
2024-03-30,53,56.0,0.663013698630137,35,2023
2024-03-30,55,126.0,0.663013698630137,35,2023
2024-03-30,54,71.0,0.663013698630137,35,2023
2024-03-30,56,11.0,0.663013698630137,35,2023
2024-03-23,02,10.0,0.6438356164383562,34,2023
2024-03-23,01,70.0,0.6438356164383562,34,2023
2024-03-23,05,103.0,0.6438356164383562,34,2023
2024-03-23,04,106.0,0.6438356164383562,34,2023
2024-03-23,06,175.0,0.6438356164383562,34,2023
2024-03-23,08,97.0,0.6438356164383562,34,2023
2024-03-23,09,83.0,0.6438356164383562,34,2023
2024-03-23,11,20.0,0.6438356164383562,34,2023
2024-03-23,10,16.0,0.6438356164383562,34,2023
2024-03-23,12,423.0,0.6438356164383562,34,2023
2024-03-23,13,81.0,0.6438356164383562,34,2023
2024-03-23,15,6.0,0.6438356164383562,34,2023
2024-03-23,19,94.0,0.6438356164383562,34,2023
2024-03-23,16,55.0,0.6438356164383562,34,2023
2024-03-23,17,212.0,0.6438356164383562,34,2023
2024-03-23,18,174.0,0.6438356164383562,34,2023
2024-03-23,20,66.0,0.6438356164383562,34,2023
2024-03-23,21,129.0,0.6438356164383562,34,2023
2024-03-23,22,33.0,0.6438356164383562,34,2023
2024-03-23,25,240.0,0.6438356164383562,34,2023
2024-03-23,24,75.0,0.6438356164383562,34,2023
2024-03-23,23,26.0,0.6438356164383562,34,2023
2024-03-23,26,530.0,0.6438356164383562,34,2023
2024-03-23,27,133.0,0.6438356164383562,34,2023
2024-03-23,29,192.0,0.6438356164383562,34,2023
2024-03-23,28,45.0,0.6438356164383562,34,2023
2024-03-23,30,21.0,0.6438356164383562,34,2023
2024-03-23,37,83.0,0.6438356164383562,34,2023
2024-03-23,38,20.0,0.6438356164383562,34,2023
2024-03-23,31,60.0,0.6438356164383562,34,2023
2024-03-23,33,25.0,0.6438356164383562,34,2023
2024-03-23,34,180.0,0.6438356164383562,34,2023
2024-03-23,35,57.0,0.6438356164383562,34,2023
2024-03-23,32,39.0,0.6438356164383562,34,2023
2024-03-23,36,355.0,0.6438356164383562,34,2023
2024-03-23,39,299.0,0.6438356164383562,34,2023
2024-03-23,40,93.0,0.6438356164383562,34,2023
2024-03-23,41,97.0,0.6438356164383562,34,2023
2024-03-23,42,345.0,0.6438356164383562,34,2023
2024-03-23,72,50.0,0.6438356164383562,34,2023
2024-03-23,44,13.0,0.6438356164383562,34,2023
2024-03-23,45,66.0,0.6438356164383562,34,2023
2024-03-23,46,59.0,0.6438356164383562,34,2023
2024-03-23,47,127.0,0.6438356164383562,34,2023
2024-03-23,48,398.0,0.6438356164383562,34,2023
2024-03-23,US,6047.0,0.6438356164383562,34,2023
2024-03-23,49,11.0,0.6438356164383562,34,2023
2024-03-23,51,135.0,0.6438356164383562,34,2023
2024-03-23,50,18.0,0.6438356164383562,34,2023
2024-03-23,53,81.0,0.6438356164383562,34,2023
2024-03-23,55,132.0,0.6438356164383562,34,2023
2024-03-23,54,80.0,0.6438356164383562,34,2023
2024-03-23,56,5.0,0.6438356164383562,34,2023
2024-03-16,02,9.0,0.6246575342465753,33,2023
2024-03-16,01,65.0,0.6246575342465753,33,2023
2024-03-16,05,190.0,0.6246575342465753,33,2023
2024-03-16,04,134.0,0.6246575342465753,33,2023
2024-03-16,06,188.0,0.6246575342465753,33,2023
2024-03-16,08,96.0,0.6246575342465753,33,2023
2024-03-16,09,99.0,0.6246575342465753,33,2023
2024-03-16,11,14.0,0.6246575342465753,33,2023
2024-03-16,10,18.0,0.6246575342465753,33,2023
2024-03-16,12,516.0,0.6246575342465753,33,2023
2024-03-16,13,102.0,0.6246575342465753,33,2023
2024-03-16,15,18.0,0.6246575342465753,33,2023
2024-03-16,19,115.0,0.6246575342465753,33,2023
2024-03-16,16,68.0,0.6246575342465753,33,2023
2024-03-16,17,250.0,0.6246575342465753,33,2023
2024-03-16,18,275.0,0.6246575342465753,33,2023
2024-03-16,20,95.0,0.6246575342465753,33,2023
2024-03-16,21,142.0,0.6246575342465753,33,2023
2024-03-16,22,40.0,0.6246575342465753,33,2023
2024-03-16,25,323.0,0.6246575342465753,33,2023
2024-03-16,24,114.0,0.6246575342465753,33,2023
2024-03-16,23,33.0,0.6246575342465753,33,2023
2024-03-16,26,599.0,0.6246575342465753,33,2023
2024-03-16,27,164.0,0.6246575342465753,33,2023
2024-03-16,29,278.0,0.6246575342465753,33,2023
2024-03-16,28,55.0,0.6246575342465753,33,2023
2024-03-16,30,35.0,0.6246575342465753,33,2023
2024-03-16,37,94.0,0.6246575342465753,33,2023
2024-03-16,38,29.0,0.6246575342465753,33,2023
2024-03-16,31,69.0,0.6246575342465753,33,2023
2024-03-16,33,38.0,0.6246575342465753,33,2023
2024-03-16,34,218.0,0.6246575342465753,33,2023
2024-03-16,35,45.0,0.6246575342465753,33,2023
2024-03-16,32,30.0,0.6246575342465753,33,2023
2024-03-16,36,411.0,0.6246575342465753,33,2023
2024-03-16,39,357.0,0.6246575342465753,33,2023
2024-03-16,40,139.0,0.6246575342465753,33,2023
2024-03-16,41,68.0,0.6246575342465753,33,2023
2024-03-16,42,369.0,0.6246575342465753,33,2023
2024-03-16,72,63.0,0.6246575342465753,33,2023
2024-03-16,44,21.0,0.6246575342465753,33,2023
2024-03-16,45,74.0,0.6246575342465753,33,2023
2024-03-16,46,43.0,0.6246575342465753,33,2023
2024-03-16,47,129.0,0.6246575342465753,33,2023
2024-03-16,48,538.0,0.6246575342465753,33,2023
2024-03-16,US,7321.0,0.6246575342465753,33,2023
2024-03-16,49,13.0,0.6246575342465753,33,2023
2024-03-16,51,134.0,0.6246575342465753,33,2023
2024-03-16,50,24.0,0.6246575342465753,33,2023
2024-03-16,53,85.0,0.6246575342465753,33,2023
2024-03-16,55,183.0,0.6246575342465753,33,2023
2024-03-16,54,101.0,0.6246575342465753,33,2023
2024-03-16,56,11.0,0.6246575342465753,33,2023
2024-03-09,02,5.0,0.6054794520547945,32,2023
2024-03-09,01,85.0,0.6054794520547945,32,2023
2024-03-09,05,247.0,0.6054794520547945,32,2023
2024-03-09,04,125.0,0.6054794520547945,32,2023
2024-03-09,06,207.0,0.6054794520547945,32,2023
2024-03-09,08,80.0,0.6054794520547945,32,2023
2024-03-09,09,165.0,0.6054794520547945,32,2023
2024-03-09,11,36.0,0.6054794520547945,32,2023
2024-03-09,10,26.0,0.6054794520547945,32,2023
2024-03-09,12,536.0,0.6054794520547945,32,2023
2024-03-09,13,156.0,0.6054794520547945,32,2023
2024-03-09,15,9.0,0.6054794520547945,32,2023
2024-03-09,19,178.0,0.6054794520547945,32,2023
2024-03-09,16,70.0,0.6054794520547945,32,2023
2024-03-09,17,267.0,0.6054794520547945,32,2023
2024-03-09,18,414.0,0.6054794520547945,32,2023
2024-03-09,20,84.0,0.6054794520547945,32,2023
2024-03-09,21,190.0,0.6054794520547945,32,2023
2024-03-09,22,55.0,0.6054794520547945,32,2023
2024-03-09,25,402.0,0.6054794520547945,32,2023
2024-03-09,24,170.0,0.6054794520547945,32,2023
2024-03-09,23,50.0,0.6054794520547945,32,2023
2024-03-09,26,851.0,0.6054794520547945,32,2023
2024-03-09,27,174.0,0.6054794520547945,32,2023
2024-03-09,29,408.0,0.6054794520547945,32,2023
2024-03-09,28,61.0,0.6054794520547945,32,2023
2024-03-09,30,28.0,0.6054794520547945,32,2023
2024-03-09,37,132.0,0.6054794520547945,32,2023
2024-03-09,38,21.0,0.6054794520547945,32,2023
2024-03-09,31,86.0,0.6054794520547945,32,2023
2024-03-09,33,33.0,0.6054794520547945,32,2023
2024-03-09,34,272.0,0.6054794520547945,32,2023
2024-03-09,35,77.0,0.6054794520547945,32,2023
2024-03-09,32,43.0,0.6054794520547945,32,2023
2024-03-09,36,593.0,0.6054794520547945,32,2023
2024-03-09,39,622.0,0.6054794520547945,32,2023
2024-03-09,40,180.0,0.6054794520547945,32,2023
2024-03-09,41,79.0,0.6054794520547945,32,2023
2024-03-09,42,511.0,0.6054794520547945,32,2023
2024-03-09,72,52.0,0.6054794520547945,32,2023
2024-03-09,44,23.0,0.6054794520547945,32,2023
2024-03-09,45,97.0,0.6054794520547945,32,2023
2024-03-09,46,37.0,0.6054794520547945,32,2023
2024-03-09,47,188.0,0.6054794520547945,32,2023
2024-03-09,48,637.0,0.6054794520547945,32,2023
2024-03-09,US,9412.0,0.6054794520547945,32,2023
2024-03-09,49,14.0,0.6054794520547945,32,2023
2024-03-09,51,196.0,0.6054794520547945,32,2023
2024-03-09,50,29.0,0.6054794520547945,32,2023
2024-03-09,53,56.0,0.6054794520547945,32,2023
2024-03-09,55,197.0,0.6054794520547945,32,2023
2024-03-09,54,143.0,0.6054794520547945,32,2023
2024-03-09,56,15.0,0.6054794520547945,32,2023
2024-03-02,02,11.0,0.5863013698630137,31,2023
2024-03-02,01,81.0,0.5863013698630137,31,2023
2024-03-02,05,278.0,0.5863013698630137,31,2023
2024-03-02,04,182.0,0.5863013698630137,31,2023
2024-03-02,06,266.0,0.5863013698630137,31,2023
2024-03-02,08,93.0,0.5863013698630137,31,2023
2024-03-02,09,212.0,0.5863013698630137,31,2023
2024-03-02,11,15.0,0.5863013698630137,31,2023
2024-03-02,10,33.0,0.5863013698630137,31,2023
2024-03-02,12,538.0,0.5863013698630137,31,2023
2024-03-02,13,203.0,0.5863013698630137,31,2023
2024-03-02,15,16.0,0.5863013698630137,31,2023
2024-03-02,19,180.0,0.5863013698630137,31,2023
2024-03-02,16,61.0,0.5863013698630137,31,2023
2024-03-02,17,331.0,0.5863013698630137,31,2023
2024-03-02,18,390.0,0.5863013698630137,31,2023
2024-03-02,20,87.0,0.5863013698630137,31,2023
2024-03-02,21,280.0,0.5863013698630137,31,2023
2024-03-02,22,77.0,0.5863013698630137,31,2023
2024-03-02,25,508.0,0.5863013698630137,31,2023
2024-03-02,24,176.0,0.5863013698630137,31,2023
2024-03-02,23,64.0,0.5863013698630137,31,2023
2024-03-02,26,1017.0,0.5863013698630137,31,2023
2024-03-02,27,182.0,0.5863013698630137,31,2023
2024-03-02,29,443.0,0.5863013698630137,31,2023
2024-03-02,28,67.0,0.5863013698630137,31,2023
2024-03-02,30,27.0,0.5863013698630137,31,2023
2024-03-02,37,160.0,0.5863013698630137,31,2023
2024-03-02,38,22.0,0.5863013698630137,31,2023
2024-03-02,31,95.0,0.5863013698630137,31,2023
2024-03-02,33,39.0,0.5863013698630137,31,2023
2024-03-02,34,343.0,0.5863013698630137,31,2023
2024-03-02,35,61.0,0.5863013698630137,31,2023
2024-03-02,32,49.0,0.5863013698630137,31,2023
2024-03-02,36,764.0,0.5863013698630137,31,2023
2024-03-02,39,637.0,0.5863013698630137,31,2023
2024-03-02,40,177.0,0.5863013698630137,31,2023
2024-03-02,41,76.0,0.5863013698630137,31,2023
2024-03-02,42,544.0,0.5863013698630137,31,2023
2024-03-02,72,43.0,0.5863013698630137,31,2023
2024-03-02,44,27.0,0.5863013698630137,31,2023
2024-03-02,45,107.0,0.5863013698630137,31,2023
2024-03-02,46,46.0,0.5863013698630137,31,2023
2024-03-02,47,236.0,0.5863013698630137,31,2023
2024-03-02,48,811.0,0.5863013698630137,31,2023
2024-03-02,US,10803.0,0.5863013698630137,31,2023
2024-03-02,49,17.0,0.5863013698630137,31,2023
2024-03-02,51,219.0,0.5863013698630137,31,2023
2024-03-02,50,30.0,0.5863013698630137,31,2023
2024-03-02,53,75.0,0.5863013698630137,31,2023
2024-03-02,55,200.0,0.5863013698630137,31,2023
2024-03-02,54,181.0,0.5863013698630137,31,2023
2024-03-02,56,25.0,0.5863013698630137,31,2023
2024-02-24,02,4.0,0.5671232876712329,30,2023
2024-02-24,01,87.0,0.5671232876712329,30,2023
2024-02-24,05,275.0,0.5671232876712329,30,2023
2024-02-24,04,204.0,0.5671232876712329,30,2023
2024-02-24,06,302.0,0.5671232876712329,30,2023
2024-02-24,08,129.0,0.5671232876712329,30,2023
2024-02-24,09,171.0,0.5671232876712329,30,2023
2024-02-24,11,18.0,0.5671232876712329,30,2023
2024-02-24,10,24.0,0.5671232876712329,30,2023
2024-02-24,12,619.0,0.5671232876712329,30,2023
2024-02-24,13,192.0,0.5671232876712329,30,2023
2024-02-24,15,14.0,0.5671232876712329,30,2023
2024-02-24,19,157.0,0.5671232876712329,30,2023
2024-02-24,16,90.0,0.5671232876712329,30,2023
2024-02-24,17,318.0,0.5671232876712329,30,2023
2024-02-24,18,419.0,0.5671232876712329,30,2023
2024-02-24,20,82.0,0.5671232876712329,30,2023
2024-02-24,21,279.0,0.5671232876712329,30,2023
2024-02-24,22,94.0,0.5671232876712329,30,2023
2024-02-24,25,463.0,0.5671232876712329,30,2023
2024-02-24,24,118.0,0.5671232876712329,30,2023
2024-02-24,23,67.0,0.5671232876712329,30,2023
2024-02-24,26,974.0,0.5671232876712329,30,2023
2024-02-24,27,159.0,0.5671232876712329,30,2023
2024-02-24,29,454.0,0.5671232876712329,30,2023
2024-02-24,28,55.0,0.5671232876712329,30,2023
2024-02-24,30,22.0,0.5671232876712329,30,2023
2024-02-24,37,160.0,0.5671232876712329,30,2023
2024-02-24,38,25.0,0.5671232876712329,30,2023
2024-02-24,31,84.0,0.5671232876712329,30,2023
2024-02-24,33,33.0,0.5671232876712329,30,2023
2024-02-24,34,297.0,0.5671232876712329,30,2023
2024-02-24,35,59.0,0.5671232876712329,30,2023
2024-02-24,32,43.0,0.5671232876712329,30,2023
2024-02-24,36,782.0,0.5671232876712329,30,2023
2024-02-24,39,655.0,0.5671232876712329,30,2023
2024-02-24,40,169.0,0.5671232876712329,30,2023
2024-02-24,41,89.0,0.5671232876712329,30,2023
2024-02-24,42,493.0,0.5671232876712329,30,2023
2024-02-24,72,52.0,0.5671232876712329,30,2023
2024-02-24,44,34.0,0.5671232876712329,30,2023
2024-02-24,45,111.0,0.5671232876712329,30,2023
2024-02-24,46,42.0,0.5671232876712329,30,2023
2024-02-24,47,201.0,0.5671232876712329,30,2023
2024-02-24,48,995.0,0.5671232876712329,30,2023
2024-02-24,US,10856.0,0.5671232876712329,30,2023
2024-02-24,49,9.0,0.5671232876712329,30,2023
2024-02-24,51,207.0,0.5671232876712329,30,2023
2024-02-24,50,26.0,0.5671232876712329,30,2023
2024-02-24,53,97.0,0.5671232876712329,30,2023
2024-02-24,55,213.0,0.5671232876712329,30,2023
2024-02-24,54,163.0,0.5671232876712329,30,2023
2024-02-24,56,27.0,0.5671232876712329,30,2023
2024-02-17,02,2.0,0.547945205479452,29,2023
2024-02-17,01,120.0,0.547945205479452,29,2023
2024-02-17,05,258.0,0.547945205479452,29,2023
2024-02-17,04,204.0,0.547945205479452,29,2023
2024-02-17,06,342.0,0.547945205479452,29,2023
2024-02-17,08,137.0,0.547945205479452,29,2023
2024-02-17,09,119.0,0.547945205479452,29,2023
2024-02-17,11,19.0,0.547945205479452,29,2023
2024-02-17,10,36.0,0.547945205479452,29,2023
2024-02-17,12,678.0,0.547945205479452,29,2023
2024-02-17,13,259.0,0.547945205479452,29,2023
2024-02-17,15,10.0,0.547945205479452,29,2023
2024-02-17,19,124.0,0.547945205479452,29,2023
2024-02-17,16,59.0,0.547945205479452,29,2023
2024-02-17,17,262.0,0.547945205479452,29,2023
2024-02-17,18,439.0,0.547945205479452,29,2023
2024-02-17,20,111.0,0.547945205479452,29,2023
2024-02-17,21,282.0,0.547945205479452,29,2023
2024-02-17,22,85.0,0.547945205479452,29,2023
2024-02-17,25,512.0,0.547945205479452,29,2023
2024-02-17,24,123.0,0.547945205479452,29,2023
2024-02-17,23,86.0,0.547945205479452,29,2023
2024-02-17,26,770.0,0.547945205479452,29,2023
2024-02-17,27,173.0,0.547945205479452,29,2023
2024-02-17,29,354.0,0.547945205479452,29,2023
2024-02-17,28,94.0,0.547945205479452,29,2023
2024-02-17,30,24.0,0.547945205479452,29,2023
2024-02-17,37,179.0,0.547945205479452,29,2023
2024-02-17,38,29.0,0.547945205479452,29,2023
2024-02-17,31,54.0,0.547945205479452,29,2023
2024-02-17,33,41.0,0.547945205479452,29,2023
2024-02-17,34,370.0,0.547945205479452,29,2023
2024-02-17,35,73.0,0.547945205479452,29,2023
2024-02-17,32,51.0,0.547945205479452,29,2023
2024-02-17,36,780.0,0.547945205479452,29,2023
2024-02-17,39,609.0,0.547945205479452,29,2023
2024-02-17,40,387.0,0.547945205479452,29,2023
2024-02-17,41,65.0,0.547945205479452,29,2023
2024-02-17,42,493.0,0.547945205479452,29,2023
2024-02-17,72,52.0,0.547945205479452,29,2023
2024-02-17,44,29.0,0.547945205479452,29,2023
2024-02-17,45,130.0,0.547945205479452,29,2023
2024-02-17,46,26.0,0.547945205479452,29,2023
2024-02-17,47,195.0,0.547945205479452,29,2023
2024-02-17,48,1125.0,0.547945205479452,29,2023
2024-02-17,US,11115.0,0.547945205479452,29,2023
2024-02-17,49,19.0,0.547945205479452,29,2023
2024-02-17,51,195.0,0.547945205479452,29,2023
2024-02-17,50,21.0,0.547945205479452,29,2023
2024-02-17,53,73.0,0.547945205479452,29,2023
2024-02-17,55,209.0,0.547945205479452,29,2023
2024-02-17,54,184.0,0.547945205479452,29,2023
2024-02-17,56,44.0,0.547945205479452,29,2023
2024-02-10,02,11.0,0.5287671232876713,28,2023
2024-02-10,01,109.0,0.5287671232876713,28,2023
2024-02-10,05,291.0,0.5287671232876713,28,2023
2024-02-10,04,183.0,0.5287671232876713,28,2023
2024-02-10,06,464.0,0.5287671232876713,28,2023
2024-02-10,08,196.0,0.5287671232876713,28,2023
2024-02-10,09,142.0,0.5287671232876713,28,2023
2024-02-10,11,14.0,0.5287671232876713,28,2023
2024-02-10,10,25.0,0.5287671232876713,28,2023
2024-02-10,12,828.0,0.5287671232876713,28,2023
2024-02-10,13,308.0,0.5287671232876713,28,2023
2024-02-10,15,17.0,0.5287671232876713,28,2023
2024-02-10,19,112.0,0.5287671232876713,28,2023
2024-02-10,16,61.0,0.5287671232876713,28,2023
2024-02-10,17,250.0,0.5287671232876713,28,2023
2024-02-10,18,487.0,0.5287671232876713,28,2023
2024-02-10,20,139.0,0.5287671232876713,28,2023
2024-02-10,21,284.0,0.5287671232876713,28,2023
2024-02-10,22,97.0,0.5287671232876713,28,2023
2024-02-10,25,432.0,0.5287671232876713,28,2023
2024-02-10,24,111.0,0.5287671232876713,28,2023
2024-02-10,23,77.0,0.5287671232876713,28,2023
2024-02-10,26,664.0,0.5287671232876713,28,2023
2024-02-10,27,164.0,0.5287671232876713,28,2023
2024-02-10,29,344.0,0.5287671232876713,28,2023
2024-02-10,28,86.0,0.5287671232876713,28,2023
2024-02-10,30,82.0,0.5287671232876713,28,2023
2024-02-10,37,174.0,0.5287671232876713,28,2023
2024-02-10,38,31.0,0.5287671232876713,28,2023
2024-02-10,31,54.0,0.5287671232876713,28,2023
2024-02-10,33,43.0,0.5287671232876713,28,2023
2024-02-10,34,323.0,0.5287671232876713,28,2023
2024-02-10,35,78.0,0.5287671232876713,28,2023
2024-02-10,32,35.0,0.5287671232876713,28,2023
2024-02-10,36,765.0,0.5287671232876713,28,2023
2024-02-10,39,602.0,0.5287671232876713,28,2023
2024-02-10,40,463.0,0.5287671232876713,28,2023
2024-02-10,41,87.0,0.5287671232876713,28,2023
2024-02-10,42,425.0,0.5287671232876713,28,2023
2024-02-10,72,68.0,0.5287671232876713,28,2023
2024-02-10,44,21.0,0.5287671232876713,28,2023
2024-02-10,45,132.0,0.5287671232876713,28,2023
2024-02-10,46,18.0,0.5287671232876713,28,2023
2024-02-10,47,196.0,0.5287671232876713,28,2023
2024-02-10,48,1500.0,0.5287671232876713,28,2023
2024-02-10,US,11626.0,0.5287671232876713,28,2023
2024-02-10,49,16.0,0.5287671232876713,28,2023
2024-02-10,51,174.0,0.5287671232876713,28,2023
2024-02-10,50,20.0,0.5287671232876713,28,2023
2024-02-10,53,80.0,0.5287671232876713,28,2023
2024-02-10,55,178.0,0.5287671232876713,28,2023
2024-02-10,54,131.0,0.5287671232876713,28,2023
2024-02-10,56,33.0,0.5287671232876713,28,2023
2024-02-03,02,8.0,0.5095890410958904,27,2023
2024-02-03,01,103.0,0.5095890410958904,27,2023
2024-02-03,05,245.0,0.5095890410958904,27,2023
2024-02-03,04,343.0,0.5095890410958904,27,2023
2024-02-03,06,547.0,0.5095890410958904,27,2023
2024-02-03,08,196.0,0.5095890410958904,27,2023
2024-02-03,09,111.0,0.5095890410958904,27,2023
2024-02-03,11,20.0,0.5095890410958904,27,2023
2024-02-03,10,25.0,0.5095890410958904,27,2023
2024-02-03,12,711.0,0.5095890410958904,27,2023
2024-02-03,13,354.0,0.5095890410958904,27,2023
2024-02-03,15,5.0,0.5095890410958904,27,2023
2024-02-03,19,107.0,0.5095890410958904,27,2023
2024-02-03,16,71.0,0.5095890410958904,27,2023
2024-02-03,17,272.0,0.5095890410958904,27,2023
2024-02-03,18,453.0,0.5095890410958904,27,2023
2024-02-03,20,113.0,0.5095890410958904,27,2023
2024-02-03,21,225.0,0.5095890410958904,27,2023
2024-02-03,22,123.0,0.5095890410958904,27,2023
2024-02-03,25,446.0,0.5095890410958904,27,2023
2024-02-03,24,113.0,0.5095890410958904,27,2023
2024-02-03,23,64.0,0.5095890410958904,27,2023
2024-02-03,26,483.0,0.5095890410958904,27,2023
2024-02-03,27,150.0,0.5095890410958904,27,2023
2024-02-03,29,301.0,0.5095890410958904,27,2023
2024-02-03,28,111.0,0.5095890410958904,27,2023
2024-02-03,30,85.0,0.5095890410958904,27,2023
2024-02-03,37,255.0,0.5095890410958904,27,2023
2024-02-03,38,40.0,0.5095890410958904,27,2023
2024-02-03,31,47.0,0.5095890410958904,27,2023
2024-02-03,33,37.0,0.5095890410958904,27,2023
2024-02-03,34,331.0,0.5095890410958904,27,2023
2024-02-03,35,76.0,0.5095890410958904,27,2023
2024-02-03,32,58.0,0.5095890410958904,27,2023
2024-02-03,36,764.0,0.5095890410958904,27,2023
2024-02-03,39,590.0,0.5095890410958904,27,2023
2024-02-03,40,419.0,0.5095890410958904,27,2023
2024-02-03,41,84.0,0.5095890410958904,27,2023
2024-02-03,42,450.0,0.5095890410958904,27,2023
2024-02-03,72,34.0,0.5095890410958904,27,2023
2024-02-03,44,17.0,0.5095890410958904,27,2023
2024-02-03,45,175.0,0.5095890410958904,27,2023
2024-02-03,46,23.0,0.5095890410958904,27,2023
2024-02-03,47,223.0,0.5095890410958904,27,2023
2024-02-03,48,1869.0,0.5095890410958904,27,2023
2024-02-03,US,11957.0,0.5095890410958904,27,2023
2024-02-03,49,28.0,0.5095890410958904,27,2023
2024-02-03,51,184.0,0.5095890410958904,27,2023
2024-02-03,50,18.0,0.5095890410958904,27,2023
2024-02-03,53,105.0,0.5095890410958904,27,2023
2024-02-03,55,175.0,0.5095890410958904,27,2023
2024-02-03,54,127.0,0.5095890410958904,27,2023
2024-02-03,56,39.0,0.5095890410958904,27,2023
2024-01-27,02,7.0,0.4904109589041096,26,2023
2024-01-27,01,142.0,0.4904109589041096,26,2023
2024-01-27,05,275.0,0.4904109589041096,26,2023
2024-01-27,04,616.0,0.4904109589041096,26,2023
2024-01-27,06,732.0,0.4904109589041096,26,2023
2024-01-27,08,229.0,0.4904109589041096,26,2023
2024-01-27,09,156.0,0.4904109589041096,26,2023
2024-01-27,11,21.0,0.4904109589041096,26,2023
2024-01-27,10,28.0,0.4904109589041096,26,2023
2024-01-27,12,835.0,0.4904109589041096,26,2023
2024-01-27,13,455.0,0.4904109589041096,26,2023
2024-01-27,15,30.0,0.4904109589041096,26,2023
2024-01-27,19,76.0,0.4904109589041096,26,2023
2024-01-27,16,69.0,0.4904109589041096,26,2023
2024-01-27,17,275.0,0.4904109589041096,26,2023
2024-01-27,18,428.0,0.4904109589041096,26,2023
2024-01-27,20,68.0,0.4904109589041096,26,2023
2024-01-27,21,251.0,0.4904109589041096,26,2023
2024-01-27,22,130.0,0.4904109589041096,26,2023
2024-01-27,25,391.0,0.4904109589041096,26,2023
2024-01-27,24,171.0,0.4904109589041096,26,2023
2024-01-27,23,34.0,0.4904109589041096,26,2023
2024-01-27,26,388.0,0.4904109589041096,26,2023
2024-01-27,27,144.0,0.4904109589041096,26,2023
2024-01-27,29,272.0,0.4904109589041096,26,2023
2024-01-27,28,161.0,0.4904109589041096,26,2023
2024-01-27,30,115.0,0.4904109589041096,26,2023
2024-01-27,37,308.0,0.4904109589041096,26,2023
2024-01-27,38,48.0,0.4904109589041096,26,2023
2024-01-27,31,47.0,0.4904109589041096,26,2023
2024-01-27,33,24.0,0.4904109589041096,26,2023
2024-01-27,34,345.0,0.4904109589041096,26,2023
2024-01-27,35,102.0,0.4904109589041096,26,2023
2024-01-27,32,67.0,0.4904109589041096,26,2023
2024-01-27,36,884.0,0.4904109589041096,26,2023
2024-01-27,39,590.0,0.4904109589041096,26,2023
2024-01-27,40,346.0,0.4904109589041096,26,2023
2024-01-27,41,98.0,0.4904109589041096,26,2023
2024-01-27,42,405.0,0.4904109589041096,26,2023
2024-01-27,72,51.0,0.4904109589041096,26,2023
2024-01-27,44,24.0,0.4904109589041096,26,2023
2024-01-27,45,213.0,0.4904109589041096,26,2023
2024-01-27,46,27.0,0.4904109589041096,26,2023
2024-01-27,47,280.0,0.4904109589041096,26,2023
2024-01-27,48,1868.0,0.4904109589041096,26,2023
2024-01-27,US,12986.0,0.4904109589041096,26,2023
2024-01-27,49,38.0,0.4904109589041096,26,2023
2024-01-27,51,262.0,0.4904109589041096,26,2023
2024-01-27,50,21.0,0.4904109589041096,26,2023
2024-01-27,53,120.0,0.4904109589041096,26,2023
2024-01-27,55,141.0,0.4904109589041096,26,2023
2024-01-27,54,136.0,0.4904109589041096,26,2023
2024-01-27,56,40.0,0.4904109589041096,26,2023
2024-01-20,02,9.0,0.4712328767123288,25,2023
2024-01-20,01,169.0,0.4712328767123288,25,2023
2024-01-20,05,227.0,0.4712328767123288,25,2023
2024-01-20,04,682.0,0.4712328767123288,25,2023
2024-01-20,06,1096.0,0.4712328767123288,25,2023
2024-01-20,08,197.0,0.4712328767123288,25,2023
2024-01-20,09,128.0,0.4712328767123288,25,2023
2024-01-20,11,26.0,0.4712328767123288,25,2023
2024-01-20,10,32.0,0.4712328767123288,25,2023
2024-01-20,12,908.0,0.4712328767123288,25,2023
2024-01-20,13,486.0,0.4712328767123288,25,2023
2024-01-20,15,23.0,0.4712328767123288,25,2023
2024-01-20,19,95.0,0.4712328767123288,25,2023
2024-01-20,16,88.0,0.4712328767123288,25,2023
2024-01-20,17,335.0,0.4712328767123288,25,2023
2024-01-20,18,402.0,0.4712328767123288,25,2023
2024-01-20,20,66.0,0.4712328767123288,25,2023
2024-01-20,21,197.0,0.4712328767123288,25,2023
2024-01-20,22,141.0,0.4712328767123288,25,2023
2024-01-20,25,401.0,0.4712328767123288,25,2023
2024-01-20,24,198.0,0.4712328767123288,25,2023
2024-01-20,23,40.0,0.4712328767123288,25,2023
2024-01-20,26,346.0,0.4712328767123288,25,2023
2024-01-20,27,123.0,0.4712328767123288,25,2023
2024-01-20,29,266.0,0.4712328767123288,25,2023
2024-01-20,28,158.0,0.4712328767123288,25,2023
2024-01-20,30,81.0,0.4712328767123288,25,2023
2024-01-20,37,310.0,0.4712328767123288,25,2023
2024-01-20,38,41.0,0.4712328767123288,25,2023
2024-01-20,31,35.0,0.4712328767123288,25,2023
2024-01-20,33,30.0,0.4712328767123288,25,2023
2024-01-20,34,441.0,0.4712328767123288,25,2023
2024-01-20,35,113.0,0.4712328767123288,25,2023
2024-01-20,32,78.0,0.4712328767123288,25,2023
2024-01-20,36,851.0,0.4712328767123288,25,2023
2024-01-20,39,505.0,0.4712328767123288,25,2023
2024-01-20,40,252.0,0.4712328767123288,25,2023
2024-01-20,41,85.0,0.4712328767123288,25,2023
2024-01-20,42,454.0,0.4712328767123288,25,2023
2024-01-20,72,50.0,0.4712328767123288,25,2023
2024-01-20,44,34.0,0.4712328767123288,25,2023
2024-01-20,45,197.0,0.4712328767123288,25,2023
2024-01-20,46,16.0,0.4712328767123288,25,2023
2024-01-20,47,350.0,0.4712328767123288,25,2023
2024-01-20,48,1682.0,0.4712328767123288,25,2023
2024-01-20,US,13291.0,0.4712328767123288,25,2023
2024-01-20,49,28.0,0.4712328767123288,25,2023
2024-01-20,51,302.0,0.4712328767123288,25,2023
2024-01-20,50,26.0,0.4712328767123288,25,2023
2024-01-20,53,145.0,0.4712328767123288,25,2023
2024-01-20,55,175.0,0.4712328767123288,25,2023
2024-01-20,54,145.0,0.4712328767123288,25,2023
2024-01-20,56,23.0,0.4712328767123288,25,2023
2024-01-13,02,6.0,0.4520547945205479,24,2023
2024-01-13,01,226.0,0.4520547945205479,24,2023
2024-01-13,05,223.0,0.4520547945205479,24,2023
2024-01-13,04,716.0,0.4520547945205479,24,2023
2024-01-13,06,1075.0,0.4520547945205479,24,2023
2024-01-13,08,286.0,0.4520547945205479,24,2023
2024-01-13,09,159.0,0.4520547945205479,24,2023
2024-01-13,11,37.0,0.4520547945205479,24,2023
2024-01-13,10,34.0,0.4520547945205479,24,2023
2024-01-13,12,1070.0,0.4520547945205479,24,2023
2024-01-13,13,627.0,0.4520547945205479,24,2023
2024-01-13,15,25.0,0.4520547945205479,24,2023
2024-01-13,19,84.0,0.4520547945205479,24,2023
2024-01-13,16,102.0,0.4520547945205479,24,2023
2024-01-13,17,380.0,0.4520547945205479,24,2023
2024-01-13,18,443.0,0.4520547945205479,24,2023
2024-01-13,20,101.0,0.4520547945205479,24,2023
2024-01-13,21,240.0,0.4520547945205479,24,2023
2024-01-13,22,252.0,0.4520547945205479,24,2023
2024-01-13,25,518.0,0.4520547945205479,24,2023
2024-01-13,24,245.0,0.4520547945205479,24,2023
2024-01-13,23,47.0,0.4520547945205479,24,2023
2024-01-13,26,381.0,0.4520547945205479,24,2023
2024-01-13,27,161.0,0.4520547945205479,24,2023
2024-01-13,29,316.0,0.4520547945205479,24,2023
2024-01-13,28,230.0,0.4520547945205479,24,2023
2024-01-13,30,114.0,0.4520547945205479,24,2023
2024-01-13,37,505.0,0.4520547945205479,24,2023
2024-01-13,38,32.0,0.4520547945205479,24,2023
2024-01-13,31,55.0,0.4520547945205479,24,2023
2024-01-13,33,47.0,0.4520547945205479,24,2023
2024-01-13,34,570.0,0.4520547945205479,24,2023
2024-01-13,35,149.0,0.4520547945205479,24,2023
2024-01-13,32,145.0,0.4520547945205479,24,2023
2024-01-13,36,1024.0,0.4520547945205479,24,2023
2024-01-13,39,542.0,0.4520547945205479,24,2023
2024-01-13,40,209.0,0.4520547945205479,24,2023
2024-01-13,41,115.0,0.4520547945205479,24,2023
2024-01-13,42,577.0,0.4520547945205479,24,2023
2024-01-13,72,61.0,0.4520547945205479,24,2023
2024-01-13,44,34.0,0.4520547945205479,24,2023
2024-01-13,45,268.0,0.4520547945205479,24,2023
2024-01-13,46,32.0,0.4520547945205479,24,2023
2024-01-13,47,390.0,0.4520547945205479,24,2023
2024-01-13,48,1964.0,0.4520547945205479,24,2023
2024-01-13,US,15889.0,0.4520547945205479,24,2023
2024-01-13,49,47.0,0.4520547945205479,24,2023
2024-01-13,51,381.0,0.4520547945205479,24,2023
2024-01-13,50,24.0,0.4520547945205479,24,2023
2024-01-13,53,161.0,0.4520547945205479,24,2023
2024-01-13,55,265.0,0.4520547945205479,24,2023
2024-01-13,54,136.0,0.4520547945205479,24,2023
2024-01-13,56,56.0,0.4520547945205479,24,2023
2024-01-06,02,5.0,0.4328767123287671,23,2023
2024-01-06,01,348.0,0.4328767123287671,23,2023
2024-01-06,05,234.0,0.4328767123287671,23,2023
2024-01-06,04,907.0,0.4328767123287671,23,2023
2024-01-06,06,1470.0,0.4328767123287671,23,2023
2024-01-06,08,308.0,0.4328767123287671,23,2023
2024-01-06,09,167.0,0.4328767123287671,23,2023
2024-01-06,11,55.0,0.4328767123287671,23,2023
2024-01-06,10,48.0,0.4328767123287671,23,2023
2024-01-06,12,1414.0,0.4328767123287671,23,2023
2024-01-06,13,758.0,0.4328767123287671,23,2023
2024-01-06,15,40.0,0.4328767123287671,23,2023
2024-01-06,19,94.0,0.4328767123287671,23,2023
2024-01-06,16,157.0,0.4328767123287671,23,2023
2024-01-06,17,511.0,0.4328767123287671,23,2023
2024-01-06,18,521.0,0.4328767123287671,23,2023
2024-01-06,20,93.0,0.4328767123287671,23,2023
2024-01-06,21,296.0,0.4328767123287671,23,2023
2024-01-06,22,304.0,0.4328767123287671,23,2023
2024-01-06,25,634.0,0.4328767123287671,23,2023
2024-01-06,24,322.0,0.4328767123287671,23,2023
2024-01-06,23,58.0,0.4328767123287671,23,2023
2024-01-06,26,497.0,0.4328767123287671,23,2023
2024-01-06,27,168.0,0.4328767123287671,23,2023
2024-01-06,29,345.0,0.4328767123287671,23,2023
2024-01-06,28,263.0,0.4328767123287671,23,2023
2024-01-06,30,129.0,0.4328767123287671,23,2023
2024-01-06,37,779.0,0.4328767123287671,23,2023
2024-01-06,38,52.0,0.4328767123287671,23,2023
2024-01-06,31,50.0,0.4328767123287671,23,2023
2024-01-06,33,46.0,0.4328767123287671,23,2023
2024-01-06,34,667.0,0.4328767123287671,23,2023
2024-01-06,35,229.0,0.4328767123287671,23,2023
2024-01-06,32,143.0,0.4328767123287671,23,2023
2024-01-06,36,1240.0,0.4328767123287671,23,2023
2024-01-06,39,562.0,0.4328767123287671,23,2023
2024-01-06,40,172.0,0.4328767123287671,23,2023
2024-01-06,41,142.0,0.4328767123287671,23,2023
2024-01-06,42,761.0,0.4328767123287671,23,2023
2024-01-06,72,51.0,0.4328767123287671,23,2023
2024-01-06,44,48.0,0.4328767123287671,23,2023
2024-01-06,45,473.0,0.4328767123287671,23,2023
2024-01-06,46,54.0,0.4328767123287671,23,2023
2024-01-06,47,474.0,0.4328767123287671,23,2023
2024-01-06,48,2093.0,0.4328767123287671,23,2023
2024-01-06,US,19508.0,0.4328767123287671,23,2023
2024-01-06,49,63.0,0.4328767123287671,23,2023
2024-01-06,51,538.0,0.4328767123287671,23,2023
2024-01-06,50,15.0,0.4328767123287671,23,2023
2024-01-06,53,209.0,0.4328767123287671,23,2023
2024-01-06,55,248.0,0.4328767123287671,23,2023
2024-01-06,54,169.0,0.4328767123287671,23,2023
2024-01-06,56,82.0,0.4328767123287671,23,2023
2023-12-30,02,4.0,0.4136986301369863,22,2023
2023-12-30,01,318.0,0.4136986301369863,22,2023
2023-12-30,05,187.0,0.4136986301369863,22,2023
2023-12-30,04,1106.0,0.4136986301369863,22,2023
2023-12-30,06,1810.0,0.4136986301369863,22,2023
2023-12-30,08,367.0,0.4136986301369863,22,2023
2023-12-30,09,194.0,0.4136986301369863,22,2023
2023-12-30,11,57.0,0.4136986301369863,22,2023
2023-12-30,10,60.0,0.4136986301369863,22,2023
2023-12-30,12,1352.0,0.4136986301369863,22,2023
2023-12-30,13,1132.0,0.4136986301369863,22,2023
2023-12-30,15,32.0,0.4136986301369863,22,2023
2023-12-30,19,99.0,0.4136986301369863,22,2023
2023-12-30,16,163.0,0.4136986301369863,22,2023
2023-12-30,17,576.0,0.4136986301369863,22,2023
2023-12-30,18,556.0,0.4136986301369863,22,2023
2023-12-30,20,93.0,0.4136986301369863,22,2023
2023-12-30,21,261.0,0.4136986301369863,22,2023
2023-12-30,22,381.0,0.4136986301369863,22,2023
2023-12-30,25,554.0,0.4136986301369863,22,2023
2023-12-30,24,328.0,0.4136986301369863,22,2023
2023-12-30,23,51.0,0.4136986301369863,22,2023
2023-12-30,26,567.0,0.4136986301369863,22,2023
2023-12-30,27,189.0,0.4136986301369863,22,2023
2023-12-30,29,369.0,0.4136986301369863,22,2023
2023-12-30,28,297.0,0.4136986301369863,22,2023
2023-12-30,30,116.0,0.4136986301369863,22,2023
2023-12-30,37,1076.0,0.4136986301369863,22,2023
2023-12-30,38,51.0,0.4136986301369863,22,2023
2023-12-30,31,51.0,0.4136986301369863,22,2023
2023-12-30,33,51.0,0.4136986301369863,22,2023
2023-12-30,34,729.0,0.4136986301369863,22,2023
2023-12-30,35,235.0,0.4136986301369863,22,2023
2023-12-30,32,185.0,0.4136986301369863,22,2023
2023-12-30,36,1333.0,0.4136986301369863,22,2023
2023-12-30,39,638.0,0.4136986301369863,22,2023
2023-12-30,40,135.0,0.4136986301369863,22,2023
2023-12-30,41,147.0,0.4136986301369863,22,2023
2023-12-30,42,933.0,0.4136986301369863,22,2023
2023-12-30,72,63.0,0.4136986301369863,22,2023
2023-12-30,44,46.0,0.4136986301369863,22,2023
2023-12-30,45,649.0,0.4136986301369863,22,2023
2023-12-30,46,48.0,0.4136986301369863,22,2023
2023-12-30,47,538.0,0.4136986301369863,22,2023
2023-12-30,48,1975.0,0.4136986301369863,22,2023
2023-12-30,US,21670.0,0.4136986301369863,22,2023
2023-12-30,49,80.0,0.4136986301369863,22,2023
2023-12-30,51,731.0,0.4136986301369863,22,2023
2023-12-30,50,19.0,0.4136986301369863,22,2023
2023-12-30,53,211.0,0.4136986301369863,22,2023
2023-12-30,55,297.0,0.4136986301369863,22,2023
2023-12-30,54,153.0,0.4136986301369863,22,2023
2023-12-30,56,72.0,0.4136986301369863,22,2023
2023-12-23,02,5.0,0.39452054794520547,21,2023
2023-12-23,01,269.0,0.39452054794520547,21,2023
2023-12-23,05,96.0,0.39452054794520547,21,2023
2023-12-23,04,946.0,0.39452054794520547,21,2023
2023-12-23,06,1763.0,0.39452054794520547,21,2023
2023-12-23,08,252.0,0.39452054794520547,21,2023
2023-12-23,09,115.0,0.39452054794520547,21,2023
2023-12-23,11,45.0,0.39452054794520547,21,2023
2023-12-23,10,24.0,0.39452054794520547,21,2023
2023-12-23,12,989.0,0.39452054794520547,21,2023
2023-12-23,13,746.0,0.39452054794520547,21,2023
2023-12-23,15,28.0,0.39452054794520547,21,2023
2023-12-23,19,90.0,0.39452054794520547,21,2023
2023-12-23,16,115.0,0.39452054794520547,21,2023
2023-12-23,17,464.0,0.39452054794520547,21,2023
2023-12-23,18,374.0,0.39452054794520547,21,2023
2023-12-23,20,92.0,0.39452054794520547,21,2023
2023-12-23,21,137.0,0.39452054794520547,21,2023
2023-12-23,22,306.0,0.39452054794520547,21,2023
2023-12-23,25,317.0,0.39452054794520547,21,2023
2023-12-23,24,207.0,0.39452054794520547,21,2023
2023-12-23,23,16.0,0.39452054794520547,21,2023
2023-12-23,26,271.0,0.39452054794520547,21,2023
2023-12-23,27,110.0,0.39452054794520547,21,2023
2023-12-23,29,224.0,0.39452054794520547,21,2023
2023-12-23,28,200.0,0.39452054794520547,21,2023
2023-12-23,30,78.0,0.39452054794520547,21,2023
2023-12-23,37,733.0,0.39452054794520547,21,2023
2023-12-23,38,26.0,0.39452054794520547,21,2023
2023-12-23,31,62.0,0.39452054794520547,21,2023
2023-12-23,33,41.0,0.39452054794520547,21,2023
2023-12-23,34,488.0,0.39452054794520547,21,2023
2023-12-23,35,227.0,0.39452054794520547,21,2023
2023-12-23,32,158.0,0.39452054794520547,21,2023
2023-12-23,36,938.0,0.39452054794520547,21,2023
2023-12-23,39,438.0,0.39452054794520547,21,2023
2023-12-23,40,153.0,0.39452054794520547,21,2023
2023-12-23,41,103.0,0.39452054794520547,21,2023
2023-12-23,42,702.0,0.39452054794520547,21,2023
2023-12-23,72,59.0,0.39452054794520547,21,2023
2023-12-23,44,16.0,0.39452054794520547,21,2023
2023-12-23,45,421.0,0.39452054794520547,21,2023
2023-12-23,46,33.0,0.39452054794520547,21,2023
2023-12-23,47,294.0,0.39452054794520547,21,2023
2023-12-23,48,1597.0,0.39452054794520547,21,2023
2023-12-23,US,15711.0,0.39452054794520547,21,2023
2023-12-23,49,58.0,0.39452054794520547,21,2023
2023-12-23,51,419.0,0.39452054794520547,21,2023
2023-12-23,50,12.0,0.39452054794520547,21,2023
2023-12-23,53,155.0,0.39452054794520547,21,2023
2023-12-23,55,187.0,0.39452054794520547,21,2023
2023-12-23,54,82.0,0.39452054794520547,21,2023
2023-12-23,56,26.0,0.39452054794520547,21,2023
2023-12-16,02,4.0,0.37534246575342467,20,2023
2023-12-16,01,143.0,0.37534246575342467,20,2023
2023-12-16,05,53.0,0.37534246575342467,20,2023
2023-12-16,04,602.0,0.37534246575342467,20,2023
2023-12-16,06,1077.0,0.37534246575342467,20,2023
2023-12-16,08,234.0,0.37534246575342467,20,2023
2023-12-16,09,120.0,0.37534246575342467,20,2023
2023-12-16,11,20.0,0.37534246575342467,20,2023
2023-12-16,10,18.0,0.37534246575342467,20,2023
2023-12-16,12,843.0,0.37534246575342467,20,2023
2023-12-16,13,442.0,0.37534246575342467,20,2023
2023-12-16,15,24.0,0.37534246575342467,20,2023
2023-12-16,19,50.0,0.37534246575342467,20,2023
2023-12-16,16,67.0,0.37534246575342467,20,2023
2023-12-16,17,253.0,0.37534246575342467,20,2023
2023-12-16,18,260.0,0.37534246575342467,20,2023
2023-12-16,20,43.0,0.37534246575342467,20,2023
2023-12-16,21,86.0,0.37534246575342467,20,2023
2023-12-16,22,178.0,0.37534246575342467,20,2023
2023-12-16,25,216.0,0.37534246575342467,20,2023
2023-12-16,24,115.0,0.37534246575342467,20,2023
2023-12-16,23,20.0,0.37534246575342467,20,2023
2023-12-16,26,247.0,0.37534246575342467,20,2023
2023-12-16,27,78.0,0.37534246575342467,20,2023
2023-12-16,29,154.0,0.37534246575342467,20,2023
2023-12-16,28,96.0,0.37534246575342467,20,2023
2023-12-16,30,37.0,0.37534246575342467,20,2023
2023-12-16,37,402.0,0.37534246575342467,20,2023
2023-12-16,38,16.0,0.37534246575342467,20,2023
2023-12-16,31,13.0,0.37534246575342467,20,2023
2023-12-16,33,28.0,0.37534246575342467,20,2023
2023-12-16,34,304.0,0.37534246575342467,20,2023
2023-12-16,35,153.0,0.37534246575342467,20,2023
2023-12-16,32,118.0,0.37534246575342467,20,2023
2023-12-16,36,743.0,0.37534246575342467,20,2023
2023-12-16,39,239.0,0.37534246575342467,20,2023
2023-12-16,40,85.0,0.37534246575342467,20,2023
2023-12-16,41,45.0,0.37534246575342467,20,2023
2023-12-16,42,391.0,0.37534246575342467,20,2023
2023-12-16,72,57.0,0.37534246575342467,20,2023
2023-12-16,44,24.0,0.37534246575342467,20,2023
2023-12-16,45,264.0,0.37534246575342467,20,2023
2023-12-16,46,13.0,0.37534246575342467,20,2023
2023-12-16,47,178.0,0.37534246575342467,20,2023
2023-12-16,48,1155.0,0.37534246575342467,20,2023
2023-12-16,US,10268.0,0.37534246575342467,20,2023
2023-12-16,49,24.0,0.37534246575342467,20,2023
2023-12-16,51,229.0,0.37534246575342467,20,2023
2023-12-16,50,8.0,0.37534246575342467,20,2023
2023-12-16,53,109.0,0.37534246575342467,20,2023
2023-12-16,55,122.0,0.37534246575342467,20,2023
2023-12-16,54,33.0,0.37534246575342467,20,2023
2023-12-16,56,34.0,0.37534246575342467,20,2023
2023-12-09,02,14.0,0.3561643835616438,19,2023
2023-12-09,01,110.0,0.3561643835616438,19,2023
2023-12-09,05,41.0,0.3561643835616438,19,2023
2023-12-09,04,388.0,0.3561643835616438,19,2023
2023-12-09,06,868.0,0.3561643835616438,19,2023
2023-12-09,08,153.0,0.3561643835616438,19,2023
2023-12-09,09,74.0,0.3561643835616438,19,2023
2023-12-09,11,13.0,0.3561643835616438,19,2023
2023-12-09,10,10.0,0.3561643835616438,19,2023
2023-12-09,12,761.0,0.3561643835616438,19,2023
2023-12-09,13,261.0,0.3561643835616438,19,2023
2023-12-09,15,32.0,0.3561643835616438,19,2023
2023-12-09,19,43.0,0.3561643835616438,19,2023
2023-12-09,16,46.0,0.3561643835616438,19,2023
2023-12-09,17,205.0,0.3561643835616438,19,2023
2023-12-09,18,181.0,0.3561643835616438,19,2023
2023-12-09,20,37.0,0.3561643835616438,19,2023
2023-12-09,21,48.0,0.3561643835616438,19,2023
2023-12-09,22,158.0,0.3561643835616438,19,2023
2023-12-09,25,148.0,0.3561643835616438,19,2023
2023-12-09,24,78.0,0.3561643835616438,19,2023
2023-12-09,23,15.0,0.3561643835616438,19,2023
2023-12-09,26,173.0,0.3561643835616438,19,2023
2023-12-09,27,48.0,0.3561643835616438,19,2023
2023-12-09,29,140.0,0.3561643835616438,19,2023
2023-12-09,28,71.0,0.3561643835616438,19,2023
2023-12-09,30,21.0,0.3561643835616438,19,2023
2023-12-09,37,312.0,0.3561643835616438,19,2023
2023-12-09,38,11.0,0.3561643835616438,19,2023
2023-12-09,31,11.0,0.3561643835616438,19,2023
2023-12-09,33,15.0,0.3561643835616438,19,2023
2023-12-09,34,160.0,0.3561643835616438,19,2023
2023-12-09,35,84.0,0.3561643835616438,19,2023
2023-12-09,32,77.0,0.3561643835616438,19,2023
2023-12-09,36,501.0,0.3561643835616438,19,2023
2023-12-09,39,160.0,0.3561643835616438,19,2023
2023-12-09,40,59.0,0.3561643835616438,19,2023
2023-12-09,41,43.0,0.3561643835616438,19,2023
2023-12-09,42,279.0,0.3561643835616438,19,2023
2023-12-09,72,48.0,0.3561643835616438,19,2023
2023-12-09,44,6.0,0.3561643835616438,19,2023
2023-12-09,45,177.0,0.3561643835616438,19,2023
2023-12-09,46,6.0,0.3561643835616438,19,2023
2023-12-09,47,152.0,0.3561643835616438,19,2023
2023-12-09,48,829.0,0.3561643835616438,19,2023
2023-12-09,US,7487.0,0.3561643835616438,19,2023
2023-12-09,49,17.0,0.3561643835616438,19,2023
2023-12-09,51,157.0,0.3561643835616438,19,2023
2023-12-09,50,8.0,0.3561643835616438,19,2023
2023-12-09,53,83.0,0.3561643835616438,19,2023
2023-12-09,55,97.0,0.3561643835616438,19,2023
2023-12-09,54,20.0,0.3561643835616438,19,2023
2023-12-09,56,37.0,0.3561643835616438,19,2023
2023-12-02,02,15.0,0.336986301369863,18,2023
2023-12-02,01,84.0,0.336986301369863,18,2023
2023-12-02,05,24.0,0.336986301369863,18,2023
2023-12-02,04,276.0,0.336986301369863,18,2023
2023-12-02,06,683.0,0.336986301369863,18,2023
2023-12-02,08,126.0,0.336986301369863,18,2023
2023-12-02,09,57.0,0.336986301369863,18,2023
2023-12-02,11,11.0,0.336986301369863,18,2023
2023-12-02,10,2.0,0.336986301369863,18,2023
2023-12-02,12,743.0,0.336986301369863,18,2023
2023-12-02,13,225.0,0.336986301369863,18,2023
2023-12-02,15,23.0,0.336986301369863,18,2023
2023-12-02,19,44.0,0.336986301369863,18,2023
2023-12-02,16,19.0,0.336986301369863,18,2023
2023-12-02,17,165.0,0.336986301369863,18,2023
2023-12-02,18,149.0,0.336986301369863,18,2023
2023-12-02,20,37.0,0.336986301369863,18,2023
2023-12-02,21,59.0,0.336986301369863,18,2023
2023-12-02,22,121.0,0.336986301369863,18,2023
2023-12-02,25,99.0,0.336986301369863,18,2023
2023-12-02,24,60.0,0.336986301369863,18,2023
2023-12-02,23,9.0,0.336986301369863,18,2023
2023-12-02,26,106.0,0.336986301369863,18,2023
2023-12-02,27,34.0,0.336986301369863,18,2023
2023-12-02,29,85.0,0.336986301369863,18,2023
2023-12-02,28,77.0,0.336986301369863,18,2023
2023-12-02,30,18.0,0.336986301369863,18,2023
2023-12-02,37,213.0,0.336986301369863,18,2023
2023-12-02,38,17.0,0.336986301369863,18,2023
2023-12-02,31,8.0,0.336986301369863,18,2023
2023-12-02,33,7.0,0.336986301369863,18,2023
2023-12-02,34,129.0,0.336986301369863,18,2023
2023-12-02,35,42.0,0.336986301369863,18,2023
2023-12-02,32,45.0,0.336986301369863,18,2023
2023-12-02,36,338.0,0.336986301369863,18,2023
2023-12-02,39,134.0,0.336986301369863,18,2023
2023-12-02,40,71.0,0.336986301369863,18,2023
2023-12-02,41,17.0,0.336986301369863,18,2023
2023-12-02,42,212.0,0.336986301369863,18,2023
2023-12-02,72,89.0,0.336986301369863,18,2023
2023-12-02,44,6.0,0.336986301369863,18,2023
2023-12-02,45,133.0,0.336986301369863,18,2023
2023-12-02,46,7.0,0.336986301369863,18,2023
2023-12-02,47,98.0,0.336986301369863,18,2023
2023-12-02,48,699.0,0.336986301369863,18,2023
2023-12-02,US,5947.0,0.336986301369863,18,2023
2023-12-02,49,17.0,0.336986301369863,18,2023
2023-12-02,51,143.0,0.336986301369863,18,2023
2023-12-02,50,3.0,0.336986301369863,18,2023
2023-12-02,53,74.0,0.336986301369863,18,2023
2023-12-02,55,59.0,0.336986301369863,18,2023
2023-12-02,54,17.0,0.336986301369863,18,2023
2023-12-02,56,18.0,0.336986301369863,18,2023
2023-11-25,02,14.0,0.3178082191780822,17,2023
2023-11-25,01,71.0,0.3178082191780822,17,2023
2023-11-25,05,57.0,0.3178082191780822,17,2023
2023-11-25,04,209.0,0.3178082191780822,17,2023
2023-11-25,06,459.0,0.3178082191780822,17,2023
2023-11-25,08,137.0,0.3178082191780822,17,2023
2023-11-25,09,33.0,0.3178082191780822,17,2023
2023-11-25,11,8.0,0.3178082191780822,17,2023
2023-11-25,10,1.0,0.3178082191780822,17,2023
2023-11-25,12,701.0,0.3178082191780822,17,2023
2023-11-25,13,156.0,0.3178082191780822,17,2023
2023-11-25,15,26.0,0.3178082191780822,17,2023
2023-11-25,19,27.0,0.3178082191780822,17,2023
2023-11-25,16,8.0,0.3178082191780822,17,2023
2023-11-25,17,102.0,0.3178082191780822,17,2023
2023-11-25,18,100.0,0.3178082191780822,17,2023
2023-11-25,20,26.0,0.3178082191780822,17,2023
2023-11-25,21,37.0,0.3178082191780822,17,2023
2023-11-25,22,115.0,0.3178082191780822,17,2023
2023-11-25,25,67.0,0.3178082191780822,17,2023
2023-11-25,24,22.0,0.3178082191780822,17,2023
2023-11-25,23,19.0,0.3178082191780822,17,2023
2023-11-25,26,88.0,0.3178082191780822,17,2023
2023-11-25,27,24.0,0.3178082191780822,17,2023
2023-11-25,29,58.0,0.3178082191780822,17,2023
2023-11-25,28,47.0,0.3178082191780822,17,2023
2023-11-25,30,6.0,0.3178082191780822,17,2023
2023-11-25,37,153.0,0.3178082191780822,17,2023
2023-11-25,38,4.0,0.3178082191780822,17,2023
2023-11-25,31,8.0,0.3178082191780822,17,2023
2023-11-25,33,1.0,0.3178082191780822,17,2023
2023-11-25,34,75.0,0.3178082191780822,17,2023
2023-11-25,35,21.0,0.3178082191780822,17,2023
2023-11-25,32,39.0,0.3178082191780822,17,2023
2023-11-25,36,176.0,0.3178082191780822,17,2023
2023-11-25,39,75.0,0.3178082191780822,17,2023
2023-11-25,40,34.0,0.3178082191780822,17,2023
2023-11-25,41,11.0,0.3178082191780822,17,2023
2023-11-25,42,123.0,0.3178082191780822,17,2023
2023-11-25,72,117.0,0.3178082191780822,17,2023
2023-11-25,44,3.0,0.3178082191780822,17,2023
2023-11-25,45,81.0,0.3178082191780822,17,2023
2023-11-25,46,2.0,0.3178082191780822,17,2023
2023-11-25,47,73.0,0.3178082191780822,17,2023
2023-11-25,48,534.0,0.3178082191780822,17,2023
2023-11-25,US,4384.0,0.3178082191780822,17,2023
2023-11-25,49,10.0,0.3178082191780822,17,2023
2023-11-25,51,115.0,0.3178082191780822,17,2023
2023-11-25,50,3.0,0.3178082191780822,17,2023
2023-11-25,53,36.0,0.3178082191780822,17,2023
2023-11-25,55,34.0,0.3178082191780822,17,2023
2023-11-25,54,13.0,0.3178082191780822,17,2023
2023-11-25,56,23.0,0.3178082191780822,17,2023
2023-11-18,02,17.0,0.29863013698630136,16,2023
2023-11-18,01,73.0,0.29863013698630136,16,2023
2023-11-18,05,17.0,0.29863013698630136,16,2023
2023-11-18,04,187.0,0.29863013698630136,16,2023
2023-11-18,06,372.0,0.29863013698630136,16,2023
2023-11-18,08,102.0,0.29863013698630136,16,2023
2023-11-18,09,22.0,0.29863013698630136,16,2023
2023-11-18,11,5.0,0.29863013698630136,16,2023
2023-11-18,10,2.0,0.29863013698630136,16,2023
2023-11-18,12,652.0,0.29863013698630136,16,2023
2023-11-18,13,133.0,0.29863013698630136,16,2023
2023-11-18,15,29.0,0.29863013698630136,16,2023
2023-11-18,19,14.0,0.29863013698630136,16,2023
2023-11-18,16,11.0,0.29863013698630136,16,2023
2023-11-18,17,71.0,0.29863013698630136,16,2023
2023-11-18,18,95.0,0.29863013698630136,16,2023
2023-11-18,20,18.0,0.29863013698630136,16,2023
2023-11-18,21,18.0,0.29863013698630136,16,2023
2023-11-18,22,96.0,0.29863013698630136,16,2023
2023-11-18,25,38.0,0.29863013698630136,16,2023
2023-11-18,24,27.0,0.29863013698630136,16,2023
2023-11-18,23,2.0,0.29863013698630136,16,2023
2023-11-18,26,52.0,0.29863013698630136,16,2023
2023-11-18,27,15.0,0.29863013698630136,16,2023
2023-11-18,29,40.0,0.29863013698630136,16,2023
2023-11-18,28,46.0,0.29863013698630136,16,2023
2023-11-18,30,3.0,0.29863013698630136,16,2023
2023-11-18,37,88.0,0.29863013698630136,16,2023
2023-11-18,38,7.0,0.29863013698630136,16,2023
2023-11-18,31,4.0,0.29863013698630136,16,2023
2023-11-18,33,2.0,0.29863013698630136,16,2023
2023-11-18,34,33.0,0.29863013698630136,16,2023
2023-11-18,35,12.0,0.29863013698630136,16,2023
2023-11-18,32,27.0,0.29863013698630136,16,2023
2023-11-18,36,123.0,0.29863013698630136,16,2023
2023-11-18,39,56.0,0.29863013698630136,16,2023
2023-11-18,40,37.0,0.29863013698630136,16,2023
2023-11-18,41,17.0,0.29863013698630136,16,2023
2023-11-18,42,89.0,0.29863013698630136,16,2023
2023-11-18,72,110.0,0.29863013698630136,16,2023
2023-11-18,44,0.0,0.29863013698630136,16,2023
2023-11-18,45,64.0,0.29863013698630136,16,2023
2023-11-18,46,1.0,0.29863013698630136,16,2023
2023-11-18,47,57.0,0.29863013698630136,16,2023
2023-11-18,48,428.0,0.29863013698630136,16,2023
2023-11-18,US,3491.0,0.29863013698630136,16,2023
2023-11-18,49,7.0,0.29863013698630136,16,2023
2023-11-18,51,100.0,0.29863013698630136,16,2023
2023-11-18,50,5.0,0.29863013698630136,16,2023
2023-11-18,53,33.0,0.29863013698630136,16,2023
2023-11-18,55,15.0,0.29863013698630136,16,2023
2023-11-18,54,8.0,0.29863013698630136,16,2023
2023-11-18,56,9.0,0.29863013698630136,16,2023
2023-11-11,02,39.0,0.27945205479452057,15,2023
2023-11-11,01,56.0,0.27945205479452057,15,2023
2023-11-11,05,24.0,0.27945205479452057,15,2023
2023-11-11,04,132.0,0.27945205479452057,15,2023
2023-11-11,06,231.0,0.27945205479452057,15,2023
2023-11-11,08,52.0,0.27945205479452057,15,2023
2023-11-11,09,5.0,0.27945205479452057,15,2023
2023-11-11,11,0.0,0.27945205479452057,15,2023
2023-11-11,10,1.0,0.27945205479452057,15,2023
2023-11-11,12,462.0,0.27945205479452057,15,2023
2023-11-11,13,116.0,0.27945205479452057,15,2023
2023-11-11,15,16.0,0.27945205479452057,15,2023
2023-11-11,19,13.0,0.27945205479452057,15,2023
2023-11-11,16,4.0,0.27945205479452057,15,2023
2023-11-11,17,54.0,0.27945205479452057,15,2023
2023-11-11,18,58.0,0.27945205479452057,15,2023
2023-11-11,20,10.0,0.27945205479452057,15,2023
2023-11-11,21,33.0,0.27945205479452057,15,2023
2023-11-11,22,65.0,0.27945205479452057,15,2023
2023-11-11,25,32.0,0.27945205479452057,15,2023
2023-11-11,24,19.0,0.27945205479452057,15,2023
2023-11-11,23,4.0,0.27945205479452057,15,2023
2023-11-11,26,30.0,0.27945205479452057,15,2023
2023-11-11,27,18.0,0.27945205479452057,15,2023
2023-11-11,29,40.0,0.27945205479452057,15,2023
2023-11-11,28,38.0,0.27945205479452057,15,2023
2023-11-11,30,5.0,0.27945205479452057,15,2023
2023-11-11,37,49.0,0.27945205479452057,15,2023
2023-11-11,38,2.0,0.27945205479452057,15,2023
2023-11-11,31,5.0,0.27945205479452057,15,2023
2023-11-11,33,2.0,0.27945205479452057,15,2023
2023-11-11,34,46.0,0.27945205479452057,15,2023
2023-11-11,35,9.0,0.27945205479452057,15,2023
2023-11-11,32,22.0,0.27945205479452057,15,2023
2023-11-11,36,88.0,0.27945205479452057,15,2023
2023-11-11,39,26.0,0.27945205479452057,15,2023
2023-11-11,40,34.0,0.27945205479452057,15,2023
2023-11-11,41,11.0,0.27945205479452057,15,2023
2023-11-11,42,81.0,0.27945205479452057,15,2023
2023-11-11,72,148.0,0.27945205479452057,15,2023
2023-11-11,44,2.0,0.27945205479452057,15,2023
2023-11-11,45,52.0,0.27945205479452057,15,2023
2023-11-11,46,2.0,0.27945205479452057,15,2023
2023-11-11,47,47.0,0.27945205479452057,15,2023
2023-11-11,48,427.0,0.27945205479452057,15,2023
2023-11-11,US,2775.0,0.27945205479452057,15,2023
2023-11-11,49,5.0,0.27945205479452057,15,2023
2023-11-11,51,92.0,0.27945205479452057,15,2023
2023-11-11,50,2.0,0.27945205479452057,15,2023
2023-11-11,53,17.0,0.27945205479452057,15,2023
2023-11-11,55,20.0,0.27945205479452057,15,2023
2023-11-11,54,14.0,0.27945205479452057,15,2023
2023-11-11,56,5.0,0.27945205479452057,15,2023
2023-11-04,02,33.0,0.2602739726027397,14,2023
2023-11-04,01,37.0,0.2602739726027397,14,2023
2023-11-04,05,18.0,0.2602739726027397,14,2023
2023-11-04,04,51.0,0.2602739726027397,14,2023
2023-11-04,06,97.0,0.2602739726027397,14,2023
2023-11-04,08,31.0,0.2602739726027397,14,2023
2023-11-04,09,12.0,0.2602739726027397,14,2023
2023-11-04,11,0.0,0.2602739726027397,14,2023
2023-11-04,10,1.0,0.2602739726027397,14,2023
2023-11-04,12,443.0,0.2602739726027397,14,2023
2023-11-04,13,56.0,0.2602739726027397,14,2023
2023-11-04,15,14.0,0.2602739726027397,14,2023
2023-11-04,19,10.0,0.2602739726027397,14,2023
2023-11-04,16,5.0,0.2602739726027397,14,2023
2023-11-04,17,34.0,0.2602739726027397,14,2023
2023-11-04,18,43.0,0.2602739726027397,14,2023
2023-11-04,20,5.0,0.2602739726027397,14,2023
2023-11-04,21,21.0,0.2602739726027397,14,2023
2023-11-04,22,40.0,0.2602739726027397,14,2023
2023-11-04,25,33.0,0.2602739726027397,14,2023
2023-11-04,24,15.0,0.2602739726027397,14,2023
2023-11-04,23,1.0,0.2602739726027397,14,2023
2023-11-04,26,34.0,0.2602739726027397,14,2023
2023-11-04,27,9.0,0.2602739726027397,14,2023
2023-11-04,29,24.0,0.2602739726027397,14,2023
2023-11-04,28,30.0,0.2602739726027397,14,2023
2023-11-04,30,1.0,0.2602739726027397,14,2023
2023-11-04,37,40.0,0.2602739726027397,14,2023
2023-11-04,38,0.0,0.2602739726027397,14,2023
2023-11-04,31,5.0,0.2602739726027397,14,2023
2023-11-04,33,2.0,0.2602739726027397,14,2023
2023-11-04,34,26.0,0.2602739726027397,14,2023
2023-11-04,35,10.0,0.2602739726027397,14,2023
2023-11-04,32,12.0,0.2602739726027397,14,2023
2023-11-04,36,56.0,0.2602739726027397,14,2023
2023-11-04,39,21.0,0.2602739726027397,14,2023
2023-11-04,40,18.0,0.2602739726027397,14,2023
2023-11-04,41,6.0,0.2602739726027397,14,2023
2023-11-04,42,31.0,0.2602739726027397,14,2023
2023-11-04,72,144.0,0.2602739726027397,14,2023
2023-11-04,44,0.0,0.2602739726027397,14,2023
2023-11-04,45,45.0,0.2602739726027397,14,2023
2023-11-04,46,1.0,0.2602739726027397,14,2023
2023-11-04,47,44.0,0.2602739726027397,14,2023
2023-11-04,48,346.0,0.2602739726027397,14,2023
2023-11-04,US,2011.0,0.2602739726027397,14,2023
2023-11-04,49,9.0,0.2602739726027397,14,2023
2023-11-04,51,51.0,0.2602739726027397,14,2023
2023-11-04,50,0.0,0.2602739726027397,14,2023
2023-11-04,53,17.0,0.2602739726027397,14,2023
2023-11-04,55,16.0,0.2602739726027397,14,2023
2023-11-04,54,7.0,0.2602739726027397,14,2023
2023-11-04,56,1.0,0.2602739726027397,14,2023
2023-10-28,02,30.0,0.2410958904109589,13,2023
2023-10-28,01,30.0,0.2410958904109589,13,2023
2023-10-28,05,13.0,0.2410958904109589,13,2023
2023-10-28,04,49.0,0.2410958904109589,13,2023
2023-10-28,06,76.0,0.2410958904109589,13,2023
2023-10-28,08,19.0,0.2410958904109589,13,2023
2023-10-28,09,7.0,0.2410958904109589,13,2023
2023-10-28,11,1.0,0.2410958904109589,13,2023
2023-10-28,10,1.0,0.2410958904109589,13,2023
2023-10-28,12,313.0,0.2410958904109589,13,2023
2023-10-28,13,40.0,0.2410958904109589,13,2023
2023-10-28,15,13.0,0.2410958904109589,13,2023
2023-10-28,19,4.0,0.2410958904109589,13,2023
2023-10-28,16,4.0,0.2410958904109589,13,2023
2023-10-28,17,21.0,0.2410958904109589,13,2023
2023-10-28,18,33.0,0.2410958904109589,13,2023
2023-10-28,20,5.0,0.2410958904109589,13,2023
2023-10-28,21,23.0,0.2410958904109589,13,2023
2023-10-28,22,46.0,0.2410958904109589,13,2023
2023-10-28,25,28.0,0.2410958904109589,13,2023
2023-10-28,24,10.0,0.2410958904109589,13,2023
2023-10-28,23,4.0,0.2410958904109589,13,2023
2023-10-28,26,12.0,0.2410958904109589,13,2023
2023-10-28,27,4.0,0.2410958904109589,13,2023
2023-10-28,29,17.0,0.2410958904109589,13,2023
2023-10-28,28,17.0,0.2410958904109589,13,2023
2023-10-28,30,0.0,0.2410958904109589,13,2023
2023-10-28,37,20.0,0.2410958904109589,13,2023
2023-10-28,38,1.0,0.2410958904109589,13,2023
2023-10-28,31,7.0,0.2410958904109589,13,2023
2023-10-28,33,2.0,0.2410958904109589,13,2023
2023-10-28,34,44.0,0.2410958904109589,13,2023
2023-10-28,35,2.0,0.2410958904109589,13,2023
2023-10-28,32,8.0,0.2410958904109589,13,2023
2023-10-28,36,47.0,0.2410958904109589,13,2023
2023-10-28,39,17.0,0.2410958904109589,13,2023
2023-10-28,40,10.0,0.2410958904109589,13,2023
2023-10-28,41,14.0,0.2410958904109589,13,2023
2023-10-28,42,49.0,0.2410958904109589,13,2023
2023-10-28,72,164.0,0.2410958904109589,13,2023
2023-10-28,44,1.0,0.2410958904109589,13,2023
2023-10-28,45,21.0,0.2410958904109589,13,2023
2023-10-28,46,3.0,0.2410958904109589,13,2023
2023-10-28,47,44.0,0.2410958904109589,13,2023
2023-10-28,48,245.0,0.2410958904109589,13,2023
2023-10-28,US,1613.0,0.2410958904109589,13,2023
2023-10-28,49,5.0,0.2410958904109589,13,2023
2023-10-28,51,61.0,0.2410958904109589,13,2023
2023-10-28,50,0.0,0.2410958904109589,13,2023
2023-10-28,53,8.0,0.2410958904109589,13,2023
2023-10-28,55,7.0,0.2410958904109589,13,2023
2023-10-28,54,4.0,0.2410958904109589,13,2023
2023-10-28,56,0.0,0.2410958904109589,13,2023
2023-10-21,02,21.0,0.2219178082191781,12,2023
2023-10-21,01,30.0,0.2219178082191781,12,2023
2023-10-21,05,18.0,0.2219178082191781,12,2023
2023-10-21,04,52.0,0.2219178082191781,12,2023
2023-10-21,06,50.0,0.2219178082191781,12,2023
2023-10-21,08,16.0,0.2219178082191781,12,2023
2023-10-21,09,1.0,0.2219178082191781,12,2023
2023-10-21,11,3.0,0.2219178082191781,12,2023
2023-10-21,10,1.0,0.2219178082191781,12,2023
2023-10-21,12,291.0,0.2219178082191781,12,2023
2023-10-21,13,31.0,0.2219178082191781,12,2023
2023-10-21,15,13.0,0.2219178082191781,12,2023
2023-10-21,19,4.0,0.2219178082191781,12,2023
2023-10-21,16,2.0,0.2219178082191781,12,2023
2023-10-21,17,27.0,0.2219178082191781,12,2023
2023-10-21,18,25.0,0.2219178082191781,12,2023
2023-10-21,20,7.0,0.2219178082191781,12,2023
2023-10-21,21,20.0,0.2219178082191781,12,2023
2023-10-21,22,31.0,0.2219178082191781,12,2023
2023-10-21,25,14.0,0.2219178082191781,12,2023
2023-10-21,24,9.0,0.2219178082191781,12,2023
2023-10-21,23,2.0,0.2219178082191781,12,2023
2023-10-21,26,21.0,0.2219178082191781,12,2023
2023-10-21,27,4.0,0.2219178082191781,12,2023
2023-10-21,29,17.0,0.2219178082191781,12,2023
2023-10-21,28,20.0,0.2219178082191781,12,2023
2023-10-21,30,1.0,0.2219178082191781,12,2023
2023-10-21,37,17.0,0.2219178082191781,12,2023
2023-10-21,38,1.0,0.2219178082191781,12,2023
2023-10-21,31,8.0,0.2219178082191781,12,2023
2023-10-21,33,0.0,0.2219178082191781,12,2023
2023-10-21,34,33.0,0.2219178082191781,12,2023
2023-10-21,35,2.0,0.2219178082191781,12,2023
2023-10-21,32,7.0,0.2219178082191781,12,2023
2023-10-21,36,33.0,0.2219178082191781,12,2023
2023-10-21,39,21.0,0.2219178082191781,12,2023
2023-10-21,40,22.0,0.2219178082191781,12,2023
2023-10-21,41,8.0,0.2219178082191781,12,2023
2023-10-21,42,42.0,0.2219178082191781,12,2023
2023-10-21,72,111.0,0.2219178082191781,12,2023
2023-10-21,44,0.0,0.2219178082191781,12,2023
2023-10-21,45,32.0,0.2219178082191781,12,2023
2023-10-21,46,2.0,0.2219178082191781,12,2023
2023-10-21,47,43.0,0.2219178082191781,12,2023
2023-10-21,48,242.0,0.2219178082191781,12,2023
2023-10-21,US,1465.0,0.2219178082191781,12,2023
2023-10-21,49,9.0,0.2219178082191781,12,2023
2023-10-21,51,72.0,0.2219178082191781,12,2023
2023-10-21,50,2.0,0.2219178082191781,12,2023
2023-10-21,53,11.0,0.2219178082191781,12,2023
2023-10-21,55,4.0,0.2219178082191781,12,2023
2023-10-21,54,3.0,0.2219178082191781,12,2023
2023-10-21,56,4.0,0.2219178082191781,12,2023
2023-10-14,02,14.0,0.20273972602739726,11,2023
2023-10-14,01,24.0,0.20273972602739726,11,2023
2023-10-14,05,15.0,0.20273972602739726,11,2023
2023-10-14,04,21.0,0.20273972602739726,11,2023
2023-10-14,06,60.0,0.20273972602739726,11,2023
2023-10-14,08,15.0,0.20273972602739726,11,2023
2023-10-14,09,3.0,0.20273972602739726,11,2023
2023-10-14,11,2.0,0.20273972602739726,11,2023
2023-10-14,10,0.0,0.20273972602739726,11,2023
2023-10-14,12,213.0,0.20273972602739726,11,2023
2023-10-14,13,39.0,0.20273972602739726,11,2023
2023-10-14,15,15.0,0.20273972602739726,11,2023
2023-10-14,19,1.0,0.20273972602739726,11,2023
2023-10-14,16,2.0,0.20273972602739726,11,2023
2023-10-14,17,18.0,0.20273972602739726,11,2023
2023-10-14,18,23.0,0.20273972602739726,11,2023
2023-10-14,20,3.0,0.20273972602739726,11,2023
2023-10-14,21,23.0,0.20273972602739726,11,2023
2023-10-14,22,28.0,0.20273972602739726,11,2023
2023-10-14,25,16.0,0.20273972602739726,11,2023
2023-10-14,24,3.0,0.20273972602739726,11,2023
2023-10-14,23,4.0,0.20273972602739726,11,2023
2023-10-14,26,20.0,0.20273972602739726,11,2023
2023-10-14,27,6.0,0.20273972602739726,11,2023
2023-10-14,29,25.0,0.20273972602739726,11,2023
2023-10-14,28,22.0,0.20273972602739726,11,2023
2023-10-14,30,0.0,0.20273972602739726,11,2023
2023-10-14,37,20.0,0.20273972602739726,11,2023
2023-10-14,38,1.0,0.20273972602739726,11,2023
2023-10-14,31,9.0,0.20273972602739726,11,2023
2023-10-14,33,0.0,0.20273972602739726,11,2023
2023-10-14,34,13.0,0.20273972602739726,11,2023
2023-10-14,35,4.0,0.20273972602739726,11,2023
2023-10-14,32,6.0,0.20273972602739726,11,2023
2023-10-14,36,26.0,0.20273972602739726,11,2023
2023-10-14,39,21.0,0.20273972602739726,11,2023
2023-10-14,40,39.0,0.20273972602739726,11,2023
2023-10-14,41,6.0,0.20273972602739726,11,2023
2023-10-14,42,40.0,0.20273972602739726,11,2023
2023-10-14,72,103.0,0.20273972602739726,11,2023
2023-10-14,44,1.0,0.20273972602739726,11,2023
2023-10-14,45,26.0,0.20273972602739726,11,2023
2023-10-14,46,0.0,0.20273972602739726,11,2023
2023-10-14,47,32.0,0.20273972602739726,11,2023
2023-10-14,48,167.0,0.20273972602739726,11,2023
2023-10-14,US,1214.0,0.20273972602739726,11,2023
2023-10-14,49,3.0,0.20273972602739726,11,2023
2023-10-14,51,54.0,0.20273972602739726,11,2023
2023-10-14,50,0.0,0.20273972602739726,11,2023
2023-10-14,53,13.0,0.20273972602739726,11,2023
2023-10-14,55,3.0,0.20273972602739726,11,2023
2023-10-14,54,3.0,0.20273972602739726,11,2023
2023-10-14,56,4.0,0.20273972602739726,11,2023
2023-10-07,02,10.0,0.18356164383561643,10,2023
2023-10-07,01,20.0,0.18356164383561643,10,2023
2023-10-07,05,17.0,0.18356164383561643,10,2023
2023-10-07,04,16.0,0.18356164383561643,10,2023
2023-10-07,06,45.0,0.18356164383561643,10,2023
2023-10-07,08,9.0,0.18356164383561643,10,2023
2023-10-07,09,4.0,0.18356164383561643,10,2023
2023-10-07,11,2.0,0.18356164383561643,10,2023
2023-10-07,10,2.0,0.18356164383561643,10,2023
2023-10-07,12,227.0,0.18356164383561643,10,2023
2023-10-07,13,34.0,0.18356164383561643,10,2023
2023-10-07,15,10.0,0.18356164383561643,10,2023
2023-10-07,19,3.0,0.18356164383561643,10,2023
2023-10-07,16,4.0,0.18356164383561643,10,2023
2023-10-07,17,21.0,0.18356164383561643,10,2023
2023-10-07,18,8.0,0.18356164383561643,10,2023
2023-10-07,20,10.0,0.18356164383561643,10,2023
2023-10-07,21,12.0,0.18356164383561643,10,2023
2023-10-07,22,19.0,0.18356164383561643,10,2023
2023-10-07,25,12.0,0.18356164383561643,10,2023
2023-10-07,24,3.0,0.18356164383561643,10,2023
2023-10-07,23,5.0,0.18356164383561643,10,2023
2023-10-07,26,17.0,0.18356164383561643,10,2023
2023-10-07,27,3.0,0.18356164383561643,10,2023
2023-10-07,29,24.0,0.18356164383561643,10,2023
2023-10-07,28,29.0,0.18356164383561643,10,2023
2023-10-07,30,0.0,0.18356164383561643,10,2023
2023-10-07,37,36.0,0.18356164383561643,10,2023
2023-10-07,38,0.0,0.18356164383561643,10,2023
2023-10-07,31,5.0,0.18356164383561643,10,2023
2023-10-07,33,2.0,0.18356164383561643,10,2023
2023-10-07,34,17.0,0.18356164383561643,10,2023
2023-10-07,35,6.0,0.18356164383561643,10,2023
2023-10-07,32,4.0,0.18356164383561643,10,2023
2023-10-07,36,37.0,0.18356164383561643,10,2023
2023-10-07,39,18.0,0.18356164383561643,10,2023
2023-10-07,40,15.0,0.18356164383561643,10,2023
2023-10-07,41,6.0,0.18356164383561643,10,2023
2023-10-07,42,41.0,0.18356164383561643,10,2023
2023-10-07,72,109.0,0.18356164383561643,10,2023
2023-10-07,44,1.0,0.18356164383561643,10,2023
2023-10-07,45,22.0,0.18356164383561643,10,2023
2023-10-07,46,0.0,0.18356164383561643,10,2023
2023-10-07,47,28.0,0.18356164383561643,10,2023
2023-10-07,48,119.0,0.18356164383561643,10,2023
2023-10-07,US,1108.0,0.18356164383561643,10,2023
2023-10-07,49,4.0,0.18356164383561643,10,2023
2023-10-07,51,49.0,0.18356164383561643,10,2023
2023-10-07,50,0.0,0.18356164383561643,10,2023
2023-10-07,53,4.0,0.18356164383561643,10,2023
2023-10-07,55,10.0,0.18356164383561643,10,2023
2023-10-07,54,2.0,0.18356164383561643,10,2023
2023-10-07,56,6.0,0.18356164383561643,10,2023
2023-09-30,02,7.0,0.1643835616438356,9,2023
2023-09-30,01,20.0,0.1643835616438356,9,2023
2023-09-30,05,10.0,0.1643835616438356,9,2023
2023-09-30,04,21.0,0.1643835616438356,9,2023
2023-09-30,06,46.0,0.1643835616438356,9,2023
2023-09-30,08,8.0,0.1643835616438356,9,2023
2023-09-30,09,8.0,0.1643835616438356,9,2023
2023-09-30,11,0.0,0.1643835616438356,9,2023
2023-09-30,10,0.0,0.1643835616438356,9,2023
2023-09-30,12,168.0,0.1643835616438356,9,2023
2023-09-30,13,29.0,0.1643835616438356,9,2023
2023-09-30,15,10.0,0.1643835616438356,9,2023
2023-09-30,19,4.0,0.1643835616438356,9,2023
2023-09-30,16,2.0,0.1643835616438356,9,2023
2023-09-30,17,18.0,0.1643835616438356,9,2023
2023-09-30,18,12.0,0.1643835616438356,9,2023
2023-09-30,20,5.0,0.1643835616438356,9,2023
2023-09-30,21,14.0,0.1643835616438356,9,2023
2023-09-30,22,16.0,0.1643835616438356,9,2023
2023-09-30,25,8.0,0.1643835616438356,9,2023
2023-09-30,24,4.0,0.1643835616438356,9,2023
2023-09-30,23,0.0,0.1643835616438356,9,2023
2023-09-30,26,12.0,0.1643835616438356,9,2023
2023-09-30,27,2.0,0.1643835616438356,9,2023
2023-09-30,29,12.0,0.1643835616438356,9,2023
2023-09-30,28,20.0,0.1643835616438356,9,2023
2023-09-30,30,4.0,0.1643835616438356,9,2023
2023-09-30,37,10.0,0.1643835616438356,9,2023
2023-09-30,38,3.0,0.1643835616438356,9,2023
2023-09-30,31,1.0,0.1643835616438356,9,2023
2023-09-30,33,1.0,0.1643835616438356,9,2023
2023-09-30,34,9.0,0.1643835616438356,9,2023
2023-09-30,35,5.0,0.1643835616438356,9,2023
2023-09-30,32,3.0,0.1643835616438356,9,2023
2023-09-30,36,47.0,0.1643835616438356,9,2023
2023-09-30,39,16.0,0.1643835616438356,9,2023
2023-09-30,40,26.0,0.1643835616438356,9,2023
2023-09-30,41,6.0,0.1643835616438356,9,2023
2023-09-30,42,60.0,0.1643835616438356,9,2023
2023-09-30,72,99.0,0.1643835616438356,9,2023
2023-09-30,44,0.0,0.1643835616438356,9,2023
2023-09-30,45,28.0,0.1643835616438356,9,2023
2023-09-30,46,2.0,0.1643835616438356,9,2023
2023-09-30,47,41.0,0.1643835616438356,9,2023
2023-09-30,48,118.0,0.1643835616438356,9,2023
2023-09-30,US,1025.0,0.1643835616438356,9,2023
2023-09-30,49,4.0,0.1643835616438356,9,2023
2023-09-30,51,54.0,0.1643835616438356,9,2023
2023-09-30,50,1.0,0.1643835616438356,9,2023
2023-09-30,53,12.0,0.1643835616438356,9,2023
2023-09-30,55,9.0,0.1643835616438356,9,2023
2023-09-30,54,6.0,0.1643835616438356,9,2023
2023-09-30,56,2.0,0.1643835616438356,9,2023
2023-09-23,02,6.0,0.14520547945205478,8,2023
2023-09-23,01,8.0,0.14520547945205478,8,2023
2023-09-23,05,6.0,0.14520547945205478,8,2023
2023-09-23,04,8.0,0.14520547945205478,8,2023
2023-09-23,06,46.0,0.14520547945205478,8,2023
2023-09-23,08,8.0,0.14520547945205478,8,2023
2023-09-23,09,16.0,0.14520547945205478,8,2023
2023-09-23,11,1.0,0.14520547945205478,8,2023
2023-09-23,10,0.0,0.14520547945205478,8,2023
2023-09-23,12,172.0,0.14520547945205478,8,2023
2023-09-23,13,30.0,0.14520547945205478,8,2023
2023-09-23,15,5.0,0.14520547945205478,8,2023
2023-09-23,19,0.0,0.14520547945205478,8,2023
2023-09-23,16,3.0,0.14520547945205478,8,2023
2023-09-23,17,20.0,0.14520547945205478,8,2023
2023-09-23,18,9.0,0.14520547945205478,8,2023
2023-09-23,20,4.0,0.14520547945205478,8,2023
2023-09-23,21,13.0,0.14520547945205478,8,2023
2023-09-23,22,18.0,0.14520547945205478,8,2023
2023-09-23,25,10.0,0.14520547945205478,8,2023
2023-09-23,24,6.0,0.14520547945205478,8,2023
2023-09-23,23,1.0,0.14520547945205478,8,2023
2023-09-23,26,17.0,0.14520547945205478,8,2023
2023-09-23,27,4.0,0.14520547945205478,8,2023
2023-09-23,29,16.0,0.14520547945205478,8,2023
2023-09-23,28,16.0,0.14520547945205478,8,2023
2023-09-23,30,3.0,0.14520547945205478,8,2023
2023-09-23,37,13.0,0.14520547945205478,8,2023
2023-09-23,38,1.0,0.14520547945205478,8,2023
2023-09-23,31,6.0,0.14520547945205478,8,2023
2023-09-23,33,2.0,0.14520547945205478,8,2023
2023-09-23,34,19.0,0.14520547945205478,8,2023
2023-09-23,35,3.0,0.14520547945205478,8,2023
2023-09-23,32,4.0,0.14520547945205478,8,2023
2023-09-23,36,18.0,0.14520547945205478,8,2023
2023-09-23,39,9.0,0.14520547945205478,8,2023
2023-09-23,40,17.0,0.14520547945205478,8,2023
2023-09-23,41,6.0,0.14520547945205478,8,2023
2023-09-23,42,46.0,0.14520547945205478,8,2023
2023-09-23,72,84.0,0.14520547945205478,8,2023
2023-09-23,44,1.0,0.14520547945205478,8,2023
2023-09-23,45,26.0,0.14520547945205478,8,2023
2023-09-23,46,0.0,0.14520547945205478,8,2023
2023-09-23,47,24.0,0.14520547945205478,8,2023
2023-09-23,48,102.0,0.14520547945205478,8,2023
2023-09-23,US,880.0,0.14520547945205478,8,2023
2023-09-23,49,2.0,0.14520547945205478,8,2023
2023-09-23,51,40.0,0.14520547945205478,8,2023
2023-09-23,50,1.0,0.14520547945205478,8,2023
2023-09-23,53,6.0,0.14520547945205478,8,2023
2023-09-23,55,0.0,0.14520547945205478,8,2023
2023-09-23,54,0.0,0.14520547945205478,8,2023
2023-09-23,56,0.0,0.14520547945205478,8,2023
2023-09-16,02,5.0,0.12602739726027398,7,2023
2023-09-16,01,20.0,0.12602739726027398,7,2023
2023-09-16,05,7.0,0.12602739726027398,7,2023
2023-09-16,04,10.0,0.12602739726027398,7,2023
2023-09-16,06,41.0,0.12602739726027398,7,2023
2023-09-16,08,2.0,0.12602739726027398,7,2023
2023-09-16,09,9.0,0.12602739726027398,7,2023
2023-09-16,11,0.0,0.12602739726027398,7,2023
2023-09-16,10,0.0,0.12602739726027398,7,2023
2023-09-16,12,156.0,0.12602739726027398,7,2023
2023-09-16,13,34.0,0.12602739726027398,7,2023
2023-09-16,15,8.0,0.12602739726027398,7,2023
2023-09-16,19,0.0,0.12602739726027398,7,2023
2023-09-16,16,0.0,0.12602739726027398,7,2023
2023-09-16,17,18.0,0.12602739726027398,7,2023
2023-09-16,18,9.0,0.12602739726027398,7,2023
2023-09-16,20,3.0,0.12602739726027398,7,2023
2023-09-16,21,5.0,0.12602739726027398,7,2023
2023-09-16,22,13.0,0.12602739726027398,7,2023
2023-09-16,25,5.0,0.12602739726027398,7,2023
2023-09-16,24,2.0,0.12602739726027398,7,2023
2023-09-16,23,0.0,0.12602739726027398,7,2023
2023-09-16,26,9.0,0.12602739726027398,7,2023
2023-09-16,27,1.0,0.12602739726027398,7,2023
2023-09-16,29,8.0,0.12602739726027398,7,2023
2023-09-16,28,23.0,0.12602739726027398,7,2023
2023-09-16,30,1.0,0.12602739726027398,7,2023
2023-09-16,37,11.0,0.12602739726027398,7,2023
2023-09-16,38,0.0,0.12602739726027398,7,2023
2023-09-16,31,0.0,0.12602739726027398,7,2023
2023-09-16,33,0.0,0.12602739726027398,7,2023
2023-09-16,34,10.0,0.12602739726027398,7,2023
2023-09-16,35,11.0,0.12602739726027398,7,2023
2023-09-16,32,0.0,0.12602739726027398,7,2023
2023-09-16,36,12.0,0.12602739726027398,7,2023
2023-09-16,39,9.0,0.12602739726027398,7,2023
2023-09-16,40,16.0,0.12602739726027398,7,2023
2023-09-16,41,6.0,0.12602739726027398,7,2023
2023-09-16,42,48.0,0.12602739726027398,7,2023
2023-09-16,72,59.0,0.12602739726027398,7,2023
2023-09-16,44,2.0,0.12602739726027398,7,2023
2023-09-16,45,25.0,0.12602739726027398,7,2023
2023-09-16,46,0.0,0.12602739726027398,7,2023
2023-09-16,47,34.0,0.12602739726027398,7,2023
2023-09-16,48,128.0,0.12602739726027398,7,2023
2023-09-16,US,821.0,0.12602739726027398,7,2023
2023-09-16,49,3.0,0.12602739726027398,7,2023
2023-09-16,51,31.0,0.12602739726027398,7,2023
2023-09-16,50,0.0,0.12602739726027398,7,2023
2023-09-16,53,15.0,0.12602739726027398,7,2023
2023-09-16,55,3.0,0.12602739726027398,7,2023
2023-09-16,54,6.0,0.12602739726027398,7,2023
2023-09-16,56,0.0,0.12602739726027398,7,2023
2023-09-09,02,2.0,0.10684931506849316,6,2023
2023-09-09,01,5.0,0.10684931506849316,6,2023
2023-09-09,05,8.0,0.10684931506849316,6,2023
2023-09-09,04,8.0,0.10684931506849316,6,2023
2023-09-09,06,42.0,0.10684931506849316,6,2023
2023-09-09,08,7.0,0.10684931506849316,6,2023
2023-09-09,09,1.0,0.10684931506849316,6,2023
2023-09-09,11,1.0,0.10684931506849316,6,2023
2023-09-09,10,0.0,0.10684931506849316,6,2023
2023-09-09,12,150.0,0.10684931506849316,6,2023
2023-09-09,13,21.0,0.10684931506849316,6,2023
2023-09-09,15,5.0,0.10684931506849316,6,2023
2023-09-09,19,1.0,0.10684931506849316,6,2023
2023-09-09,16,2.0,0.10684931506849316,6,2023
2023-09-09,17,15.0,0.10684931506849316,6,2023
2023-09-09,18,5.0,0.10684931506849316,6,2023
2023-09-09,20,6.0,0.10684931506849316,6,2023
2023-09-09,21,19.0,0.10684931506849316,6,2023
2023-09-09,22,11.0,0.10684931506849316,6,2023
2023-09-09,25,8.0,0.10684931506849316,6,2023
2023-09-09,24,5.0,0.10684931506849316,6,2023
2023-09-09,23,0.0,0.10684931506849316,6,2023
2023-09-09,26,2.0,0.10684931506849316,6,2023
2023-09-09,27,0.0,0.10684931506849316,6,2023
2023-09-09,29,12.0,0.10684931506849316,6,2023
2023-09-09,28,19.0,0.10684931506849316,6,2023
2023-09-09,30,1.0,0.10684931506849316,6,2023
2023-09-09,37,7.0,0.10684931506849316,6,2023
2023-09-09,38,0.0,0.10684931506849316,6,2023
2023-09-09,31,1.0,0.10684931506849316,6,2023
2023-09-09,33,1.0,0.10684931506849316,6,2023
2023-09-09,34,13.0,0.10684931506849316,6,2023
2023-09-09,35,4.0,0.10684931506849316,6,2023
2023-09-09,32,4.0,0.10684931506849316,6,2023
2023-09-09,36,21.0,0.10684931506849316,6,2023
2023-09-09,39,15.0,0.10684931506849316,6,2023
2023-09-09,40,16.0,0.10684931506849316,6,2023
2023-09-09,41,3.0,0.10684931506849316,6,2023
2023-09-09,42,43.0,0.10684931506849316,6,2023
2023-09-09,72,54.0,0.10684931506849316,6,2023
2023-09-09,44,0.0,0.10684931506849316,6,2023
2023-09-09,45,22.0,0.10684931506849316,6,2023
2023-09-09,46,3.0,0.10684931506849316,6,2023
2023-09-09,47,46.0,0.10684931506849316,6,2023
2023-09-09,48,109.0,0.10684931506849316,6,2023
2023-09-09,US,803.0,0.10684931506849316,6,2023
2023-09-09,49,2.0,0.10684931506849316,6,2023
2023-09-09,51,40.0,0.10684931506849316,6,2023
2023-09-09,50,1.0,0.10684931506849316,6,2023
2023-09-09,53,37.0,0.10684931506849316,6,2023
2023-09-09,55,1.0,0.10684931506849316,6,2023
2023-09-09,54,2.0,0.10684931506849316,6,2023
2023-09-09,56,0.0,0.10684931506849316,6,2023
2023-09-02,02,2.0,0.08767123287671233,5,2023
2023-09-02,01,12.0,0.08767123287671233,5,2023
2023-09-02,05,6.0,0.08767123287671233,5,2023
2023-09-02,04,13.0,0.08767123287671233,5,2023
2023-09-02,06,38.0,0.08767123287671233,5,2023
2023-09-02,08,3.0,0.08767123287671233,5,2023
2023-09-02,09,6.0,0.08767123287671233,5,2023
2023-09-02,11,0.0,0.08767123287671233,5,2023
2023-09-02,10,0.0,0.08767123287671233,5,2023
2023-09-02,12,172.0,0.08767123287671233,5,2023
2023-09-02,13,34.0,0.08767123287671233,5,2023
2023-09-02,15,7.0,0.08767123287671233,5,2023
2023-09-02,19,4.0,0.08767123287671233,5,2023
2023-09-02,16,0.0,0.08767123287671233,5,2023
2023-09-02,17,9.0,0.08767123287671233,5,2023
2023-09-02,18,6.0,0.08767123287671233,5,2023
2023-09-02,20,3.0,0.08767123287671233,5,2023
2023-09-02,21,10.0,0.08767123287671233,5,2023
2023-09-02,22,14.0,0.08767123287671233,5,2023
2023-09-02,25,17.0,0.08767123287671233,5,2023
2023-09-02,24,5.0,0.08767123287671233,5,2023
2023-09-02,23,0.0,0.08767123287671233,5,2023
2023-09-02,26,12.0,0.08767123287671233,5,2023
2023-09-02,27,0.0,0.08767123287671233,5,2023
2023-09-02,29,6.0,0.08767123287671233,5,2023
2023-09-02,28,43.0,0.08767123287671233,5,2023
2023-09-02,30,0.0,0.08767123287671233,5,2023
2023-09-02,37,18.0,0.08767123287671233,5,2023
2023-09-02,38,0.0,0.08767123287671233,5,2023
2023-09-02,31,2.0,0.08767123287671233,5,2023
2023-09-02,33,4.0,0.08767123287671233,5,2023
2023-09-02,34,10.0,0.08767123287671233,5,2023
2023-09-02,35,2.0,0.08767123287671233,5,2023
2023-09-02,32,3.0,0.08767123287671233,5,2023
2023-09-02,36,38.0,0.08767123287671233,5,2023
2023-09-02,39,13.0,0.08767123287671233,5,2023
2023-09-02,40,16.0,0.08767123287671233,5,2023
2023-09-02,41,2.0,0.08767123287671233,5,2023
2023-09-02,42,42.0,0.08767123287671233,5,2023
2023-09-02,72,59.0,0.08767123287671233,5,2023
2023-09-02,44,0.0,0.08767123287671233,5,2023
2023-09-02,45,9.0,0.08767123287671233,5,2023
2023-09-02,46,1.0,0.08767123287671233,5,2023
2023-09-02,47,27.0,0.08767123287671233,5,2023
2023-09-02,48,126.0,0.08767123287671233,5,2023
2023-09-02,US,875.0,0.08767123287671233,5,2023
2023-09-02,49,1.0,0.08767123287671233,5,2023
2023-09-02,51,30.0,0.08767123287671233,5,2023
2023-09-02,50,0.0,0.08767123287671233,5,2023
2023-09-02,53,42.0,0.08767123287671233,5,2023
2023-09-02,55,2.0,0.08767123287671233,5,2023
2023-09-02,54,1.0,0.08767123287671233,5,2023
2023-09-02,56,0.0,0.08767123287671233,5,2023
2023-08-26,02,0.0,0.0684931506849315,4,2023
2023-08-26,01,12.0,0.0684931506849315,4,2023
2023-08-26,05,9.0,0.0684931506849315,4,2023
2023-08-26,04,17.0,0.0684931506849315,4,2023
2023-08-26,06,29.0,0.0684931506849315,4,2023
2023-08-26,08,4.0,0.0684931506849315,4,2023
2023-08-26,09,8.0,0.0684931506849315,4,2023
2023-08-26,11,1.0,0.0684931506849315,4,2023
2023-08-26,10,0.0,0.0684931506849315,4,2023
2023-08-26,12,160.0,0.0684931506849315,4,2023
2023-08-26,13,28.0,0.0684931506849315,4,2023
2023-08-26,15,6.0,0.0684931506849315,4,2023
2023-08-26,19,2.0,0.0684931506849315,4,2023
2023-08-26,16,0.0,0.0684931506849315,4,2023
2023-08-26,17,12.0,0.0684931506849315,4,2023
2023-08-26,18,11.0,0.0684931506849315,4,2023
2023-08-26,20,2.0,0.0684931506849315,4,2023
2023-08-26,21,7.0,0.0684931506849315,4,2023
2023-08-26,22,11.0,0.0684931506849315,4,2023
2023-08-26,25,8.0,0.0684931506849315,4,2023
2023-08-26,24,3.0,0.0684931506849315,4,2023
2023-08-26,23,0.0,0.0684931506849315,4,2023
2023-08-26,26,10.0,0.0684931506849315,4,2023
2023-08-26,27,3.0,0.0684931506849315,4,2023
2023-08-26,29,7.0,0.0684931506849315,4,2023
2023-08-26,28,40.0,0.0684931506849315,4,2023
2023-08-26,30,0.0,0.0684931506849315,4,2023
2023-08-26,37,8.0,0.0684931506849315,4,2023
2023-08-26,38,1.0,0.0684931506849315,4,2023
2023-08-26,31,3.0,0.0684931506849315,4,2023
2023-08-26,33,0.0,0.0684931506849315,4,2023
2023-08-26,34,16.0,0.0684931506849315,4,2023
2023-08-26,35,1.0,0.0684931506849315,4,2023
2023-08-26,32,4.0,0.0684931506849315,4,2023
2023-08-26,36,20.0,0.0684931506849315,4,2023
2023-08-26,39,16.0,0.0684931506849315,4,2023
2023-08-26,40,13.0,0.0684931506849315,4,2023
2023-08-26,41,4.0,0.0684931506849315,4,2023
2023-08-26,42,57.0,0.0684931506849315,4,2023
2023-08-26,72,52.0,0.0684931506849315,4,2023
2023-08-26,44,0.0,0.0684931506849315,4,2023
2023-08-26,45,20.0,0.0684931506849315,4,2023
2023-08-26,46,1.0,0.0684931506849315,4,2023
2023-08-26,47,23.0,0.0684931506849315,4,2023
2023-08-26,48,110.0,0.0684931506849315,4,2023
2023-08-26,US,792.0,0.0684931506849315,4,2023
2023-08-26,49,0.0,0.0684931506849315,4,2023
2023-08-26,51,28.0,0.0684931506849315,4,2023
2023-08-26,50,0.0,0.0684931506849315,4,2023
2023-08-26,53,20.0,0.0684931506849315,4,2023
2023-08-26,55,1.0,0.0684931506849315,4,2023
2023-08-26,54,2.0,0.0684931506849315,4,2023
2023-08-26,56,0.0,0.0684931506849315,4,2023
2023-08-19,02,2.0,0.049315068493150684,3,2023
2023-08-19,01,7.0,0.049315068493150684,3,2023
2023-08-19,05,7.0,0.049315068493150684,3,2023
2023-08-19,04,6.0,0.049315068493150684,3,2023
2023-08-19,06,31.0,0.049315068493150684,3,2023
2023-08-19,08,0.0,0.049315068493150684,3,2023
2023-08-19,09,4.0,0.049315068493150684,3,2023
2023-08-19,11,1.0,0.049315068493150684,3,2023
2023-08-19,10,0.0,0.049315068493150684,3,2023
2023-08-19,12,152.0,0.049315068493150684,3,2023
2023-08-19,13,19.0,0.049315068493150684,3,2023
2023-08-19,15,6.0,0.049315068493150684,3,2023
2023-08-19,19,2.0,0.049315068493150684,3,2023
2023-08-19,16,3.0,0.049315068493150684,3,2023
2023-08-19,17,9.0,0.049315068493150684,3,2023
2023-08-19,18,3.0,0.049315068493150684,3,2023
2023-08-19,20,1.0,0.049315068493150684,3,2023
2023-08-19,21,12.0,0.049315068493150684,3,2023
2023-08-19,22,11.0,0.049315068493150684,3,2023
2023-08-19,25,6.0,0.049315068493150684,3,2023
2023-08-19,24,6.0,0.049315068493150684,3,2023
2023-08-19,23,2.0,0.049315068493150684,3,2023
2023-08-19,26,18.0,0.049315068493150684,3,2023
2023-08-19,27,0.0,0.049315068493150684,3,2023
2023-08-19,29,11.0,0.049315068493150684,3,2023
2023-08-19,28,34.0,0.049315068493150684,3,2023
2023-08-19,30,0.0,0.049315068493150684,3,2023
2023-08-19,37,14.0,0.049315068493150684,3,2023
2023-08-19,38,0.0,0.049315068493150684,3,2023
2023-08-19,31,1.0,0.049315068493150684,3,2023
2023-08-19,33,0.0,0.049315068493150684,3,2023
2023-08-19,34,12.0,0.049315068493150684,3,2023
2023-08-19,35,2.0,0.049315068493150684,3,2023
2023-08-19,32,3.0,0.049315068493150684,3,2023
2023-08-19,36,15.0,0.049315068493150684,3,2023
2023-08-19,39,8.0,0.049315068493150684,3,2023
2023-08-19,40,21.0,0.049315068493150684,3,2023
2023-08-19,41,3.0,0.049315068493150684,3,2023
2023-08-19,42,38.0,0.049315068493150684,3,2023
2023-08-19,72,30.0,0.049315068493150684,3,2023
2023-08-19,44,0.0,0.049315068493150684,3,2023
2023-08-19,45,15.0,0.049315068493150684,3,2023
2023-08-19,46,3.0,0.049315068493150684,3,2023
2023-08-19,47,26.0,0.049315068493150684,3,2023
2023-08-19,48,122.0,0.049315068493150684,3,2023
2023-08-19,US,738.0,0.049315068493150684,3,2023
2023-08-19,49,0.0,0.049315068493150684,3,2023
2023-08-19,51,35.0,0.049315068493150684,3,2023
2023-08-19,50,0.0,0.049315068493150684,3,2023
2023-08-19,53,25.0,0.049315068493150684,3,2023
2023-08-19,55,2.0,0.049315068493150684,3,2023
2023-08-19,54,9.0,0.049315068493150684,3,2023
2023-08-19,56,0.0,0.049315068493150684,3,2023
2023-08-12,02,1.0,0.030136986301369864,2,2023
2023-08-12,01,9.0,0.030136986301369864,2,2023
2023-08-12,05,10.0,0.030136986301369864,2,2023
2023-08-12,04,9.0,0.030136986301369864,2,2023
2023-08-12,06,35.0,0.030136986301369864,2,2023
2023-08-12,08,1.0,0.030136986301369864,2,2023
2023-08-12,09,7.0,0.030136986301369864,2,2023
2023-08-12,11,1.0,0.030136986301369864,2,2023
2023-08-12,10,1.0,0.030136986301369864,2,2023
2023-08-12,12,133.0,0.030136986301369864,2,2023
2023-08-12,13,28.0,0.030136986301369864,2,2023
2023-08-12,15,4.0,0.030136986301369864,2,2023
2023-08-12,19,0.0,0.030136986301369864,2,2023
2023-08-12,16,3.0,0.030136986301369864,2,2023
2023-08-12,17,13.0,0.030136986301369864,2,2023
2023-08-12,18,9.0,0.030136986301369864,2,2023
2023-08-12,20,2.0,0.030136986301369864,2,2023
2023-08-12,21,5.0,0.030136986301369864,2,2023
2023-08-12,22,7.0,0.030136986301369864,2,2023
2023-08-12,25,10.0,0.030136986301369864,2,2023
2023-08-12,24,5.0,0.030136986301369864,2,2023
2023-08-12,23,0.0,0.030136986301369864,2,2023
2023-08-12,26,11.0,0.030136986301369864,2,2023
2023-08-12,27,0.0,0.030136986301369864,2,2023
2023-08-12,29,9.0,0.030136986301369864,2,2023
2023-08-12,28,27.0,0.030136986301369864,2,2023
2023-08-12,30,0.0,0.030136986301369864,2,2023
2023-08-12,37,13.0,0.030136986301369864,2,2023
2023-08-12,38,5.0,0.030136986301369864,2,2023
2023-08-12,31,1.0,0.030136986301369864,2,2023
2023-08-12,33,1.0,0.030136986301369864,2,2023
2023-08-12,34,6.0,0.030136986301369864,2,2023
2023-08-12,35,1.0,0.030136986301369864,2,2023
2023-08-12,32,6.0,0.030136986301369864,2,2023
2023-08-12,36,19.0,0.030136986301369864,2,2023
2023-08-12,39,10.0,0.030136986301369864,2,2023
2023-08-12,40,11.0,0.030136986301369864,2,2023
2023-08-12,41,4.0,0.030136986301369864,2,2023
2023-08-12,42,37.0,0.030136986301369864,2,2023
2023-08-12,72,39.0,0.030136986301369864,2,2023
2023-08-12,44,0.0,0.030136986301369864,2,2023
2023-08-12,45,8.0,0.030136986301369864,2,2023
2023-08-12,46,1.0,0.030136986301369864,2,2023
2023-08-12,47,26.0,0.030136986301369864,2,2023
2023-08-12,48,118.0,0.030136986301369864,2,2023
2023-08-12,US,703.0,0.030136986301369864,2,2023
2023-08-12,49,1.0,0.030136986301369864,2,2023
2023-08-12,51,32.0,0.030136986301369864,2,2023
2023-08-12,50,0.0,0.030136986301369864,2,2023
2023-08-12,53,17.0,0.030136986301369864,2,2023
2023-08-12,55,5.0,0.030136986301369864,2,2023
2023-08-12,54,0.0,0.030136986301369864,2,2023
2023-08-12,56,1.0,0.030136986301369864,2,2023
2023-08-05,02,2.0,0.010958904109589041,1,2023
2023-08-05,01,13.0,0.010958904109589041,1,2023
2023-08-05,05,11.0,0.010958904109589041,1,2023
2023-08-05,04,11.0,0.010958904109589041,1,2023
2023-08-05,06,43.0,0.010958904109589041,1,2023
2023-08-05,08,3.0,0.010958904109589041,1,2023
2023-08-05,09,4.0,0.010958904109589041,1,2023
2023-08-05,11,0.0,0.010958904109589041,1,2023
2023-08-05,10,0.0,0.010958904109589041,1,2023
2023-08-05,12,131.0,0.010958904109589041,1,2023
2023-08-05,13,19.0,0.010958904109589041,1,2023
2023-08-05,15,6.0,0.010958904109589041,1,2023
2023-08-05,19,1.0,0.010958904109589041,1,2023
2023-08-05,16,2.0,0.010958904109589041,1,2023
2023-08-05,17,12.0,0.010958904109589041,1,2023
2023-08-05,18,7.0,0.010958904109589041,1,2023
2023-08-05,20,1.0,0.010958904109589041,1,2023
2023-08-05,21,9.0,0.010958904109589041,1,2023
2023-08-05,22,11.0,0.010958904109589041,1,2023
2023-08-05,25,6.0,0.010958904109589041,1,2023
2023-08-05,24,7.0,0.010958904109589041,1,2023
2023-08-05,23,2.0,0.010958904109589041,1,2023
2023-08-05,26,4.0,0.010958904109589041,1,2023
2023-08-05,27,2.0,0.010958904109589041,1,2023
2023-08-05,29,4.0,0.010958904109589041,1,2023
2023-08-05,28,9.0,0.010958904109589041,1,2023
2023-08-05,30,0.0,0.010958904109589041,1,2023
2023-08-05,37,8.0,0.010958904109589041,1,2023
2023-08-05,38,0.0,0.010958904109589041,1,2023
2023-08-05,31,1.0,0.010958904109589041,1,2023
2023-08-05,33,1.0,0.010958904109589041,1,2023
2023-08-05,34,15.0,0.010958904109589041,1,2023
2023-08-05,35,2.0,0.010958904109589041,1,2023
2023-08-05,32,6.0,0.010958904109589041,1,2023
2023-08-05,36,30.0,0.010958904109589041,1,2023
2023-08-05,39,9.0,0.010958904109589041,1,2023
2023-08-05,40,6.0,0.010958904109589041,1,2023
2023-08-05,41,3.0,0.010958904109589041,1,2023
2023-08-05,42,51.0,0.010958904109589041,1,2023
2023-08-05,72,29.0,0.010958904109589041,1,2023
2023-08-05,44,0.0,0.010958904109589041,1,2023
2023-08-05,45,18.0,0.010958904109589041,1,2023
2023-08-05,46,2.0,0.010958904109589041,1,2023
2023-08-05,47,22.0,0.010958904109589041,1,2023
2023-08-05,48,109.0,0.010958904109589041,1,2023
2023-08-05,US,687.0,0.010958904109589041,1,2023
2023-08-05,49,1.0,0.010958904109589041,1,2023
2023-08-05,51,31.0,0.010958904109589041,1,2023
2023-08-05,50,0.0,0.010958904109589041,1,2023
2023-08-05,53,20.0,0.010958904109589041,1,2023
2023-08-05,55,1.0,0.010958904109589041,1,2023
2023-08-05,54,1.0,0.010958904109589041,1,2023
2023-08-05,56,0.0,0.010958904109589041,1,2023
2023-07-29,02,0.0,0.9917808219178083,52,2022
2023-07-29,01,30.0,0.9917808219178083,52,2022
2023-07-29,05,5.0,0.9917808219178083,52,2022
2023-07-29,04,15.0,0.9917808219178083,52,2022
2023-07-29,06,37.0,0.9917808219178083,52,2022
2023-07-29,08,3.0,0.9917808219178083,52,2022
2023-07-29,09,5.0,0.9917808219178083,52,2022
2023-07-29,11,1.0,0.9917808219178083,52,2022
2023-07-29,10,0.0,0.9917808219178083,52,2022
2023-07-29,12,132.0,0.9917808219178083,52,2022
2023-07-29,13,16.0,0.9917808219178083,52,2022
2023-07-29,15,4.0,0.9917808219178083,52,2022
2023-07-29,19,0.0,0.9917808219178083,52,2022
2023-07-29,16,3.0,0.9917808219178083,52,2022
2023-07-29,17,10.0,0.9917808219178083,52,2022
2023-07-29,18,4.0,0.9917808219178083,52,2022
2023-07-29,20,2.0,0.9917808219178083,52,2022
2023-07-29,21,9.0,0.9917808219178083,52,2022
2023-07-29,22,12.0,0.9917808219178083,52,2022
2023-07-29,25,4.0,0.9917808219178083,52,2022
2023-07-29,24,14.0,0.9917808219178083,52,2022
2023-07-29,23,3.0,0.9917808219178083,52,2022
2023-07-29,26,4.0,0.9917808219178083,52,2022
2023-07-29,27,3.0,0.9917808219178083,52,2022
2023-07-29,29,10.0,0.9917808219178083,52,2022
2023-07-29,28,17.0,0.9917808219178083,52,2022
2023-07-29,30,0.0,0.9917808219178083,52,2022
2023-07-29,37,9.0,0.9917808219178083,52,2022
2023-07-29,38,1.0,0.9917808219178083,52,2022
2023-07-29,31,1.0,0.9917808219178083,52,2022
2023-07-29,33,1.0,0.9917808219178083,52,2022
2023-07-29,34,8.0,0.9917808219178083,52,2022
2023-07-29,35,0.0,0.9917808219178083,52,2022
2023-07-29,32,4.0,0.9917808219178083,52,2022
2023-07-29,36,18.0,0.9917808219178083,52,2022
2023-07-29,39,117.0,0.9917808219178083,52,2022
2023-07-29,40,14.0,0.9917808219178083,52,2022
2023-07-29,41,2.0,0.9917808219178083,52,2022
2023-07-29,42,36.0,0.9917808219178083,52,2022
2023-07-29,72,42.0,0.9917808219178083,52,2022
2023-07-29,44,0.0,0.9917808219178083,52,2022
2023-07-29,45,20.0,0.9917808219178083,52,2022
2023-07-29,46,0.0,0.9917808219178083,52,2022
2023-07-29,47,16.0,0.9917808219178083,52,2022
2023-07-29,48,90.0,0.9917808219178083,52,2022
2023-07-29,US,768.0,0.9917808219178083,52,2022
2023-07-29,49,1.0,0.9917808219178083,52,2022
2023-07-29,51,19.0,0.9917808219178083,52,2022
2023-07-29,50,0.0,0.9917808219178083,52,2022
2023-07-29,53,18.0,0.9917808219178083,52,2022
2023-07-29,55,2.0,0.9917808219178083,52,2022
2023-07-29,54,3.0,0.9917808219178083,52,2022
2023-07-29,56,2.0,0.9917808219178083,52,2022
2023-07-22,02,1.0,0.9726027397260274,51,2022
2023-07-22,01,15.0,0.9726027397260274,51,2022
2023-07-22,05,6.0,0.9726027397260274,51,2022
2023-07-22,04,13.0,0.9726027397260274,51,2022
2023-07-22,06,39.0,0.9726027397260274,51,2022
2023-07-22,08,4.0,0.9726027397260274,51,2022
2023-07-22,09,3.0,0.9726027397260274,51,2022
2023-07-22,11,1.0,0.9726027397260274,51,2022
2023-07-22,10,2.0,0.9726027397260274,51,2022
2023-07-22,12,110.0,0.9726027397260274,51,2022
2023-07-22,13,17.0,0.9726027397260274,51,2022
2023-07-22,15,4.0,0.9726027397260274,51,2022
2023-07-22,19,2.0,0.9726027397260274,51,2022
2023-07-22,16,1.0,0.9726027397260274,51,2022
2023-07-22,17,12.0,0.9726027397260274,51,2022
2023-07-22,18,4.0,0.9726027397260274,51,2022
2023-07-22,20,0.0,0.9726027397260274,51,2022
2023-07-22,21,3.0,0.9726027397260274,51,2022
2023-07-22,22,7.0,0.9726027397260274,51,2022
2023-07-22,25,10.0,0.9726027397260274,51,2022
2023-07-22,24,4.0,0.9726027397260274,51,2022
2023-07-22,23,1.0,0.9726027397260274,51,2022
2023-07-22,26,3.0,0.9726027397260274,51,2022
2023-07-22,27,0.0,0.9726027397260274,51,2022
2023-07-22,29,20.0,0.9726027397260274,51,2022
2023-07-22,28,10.0,0.9726027397260274,51,2022
2023-07-22,30,0.0,0.9726027397260274,51,2022
2023-07-22,37,5.0,0.9726027397260274,51,2022
2023-07-22,38,1.0,0.9726027397260274,51,2022
2023-07-22,31,1.0,0.9726027397260274,51,2022
2023-07-22,33,0.0,0.9726027397260274,51,2022
2023-07-22,34,16.0,0.9726027397260274,51,2022
2023-07-22,35,1.0,0.9726027397260274,51,2022
2023-07-22,32,7.0,0.9726027397260274,51,2022
2023-07-22,36,28.0,0.9726027397260274,51,2022
2023-07-22,39,33.0,0.9726027397260274,51,2022
2023-07-22,40,13.0,0.9726027397260274,51,2022
2023-07-22,41,3.0,0.9726027397260274,51,2022
2023-07-22,42,37.0,0.9726027397260274,51,2022
2023-07-22,72,33.0,0.9726027397260274,51,2022
2023-07-22,44,0.0,0.9726027397260274,51,2022
2023-07-22,45,16.0,0.9726027397260274,51,2022
2023-07-22,46,0.0,0.9726027397260274,51,2022
2023-07-22,47,23.0,0.9726027397260274,51,2022
2023-07-22,48,86.0,0.9726027397260274,51,2022
2023-07-22,US,645.0,0.9726027397260274,51,2022
2023-07-22,49,0.0,0.9726027397260274,51,2022
2023-07-22,51,22.0,0.9726027397260274,51,2022
2023-07-22,50,0.0,0.9726027397260274,51,2022
2023-07-22,53,18.0,0.9726027397260274,51,2022
2023-07-22,55,9.0,0.9726027397260274,51,2022
2023-07-22,54,0.0,0.9726027397260274,51,2022
2023-07-22,56,0.0,0.9726027397260274,51,2022
2023-07-15,02,2.0,0.9534246575342465,50,2022
2023-07-15,01,14.0,0.9534246575342465,50,2022
2023-07-15,05,8.0,0.9534246575342465,50,2022
2023-07-15,04,28.0,0.9534246575342465,50,2022
2023-07-15,06,54.0,0.9534246575342465,50,2022
2023-07-15,08,8.0,0.9534246575342465,50,2022
2023-07-15,09,2.0,0.9534246575342465,50,2022
2023-07-15,11,2.0,0.9534246575342465,50,2022
2023-07-15,10,0.0,0.9534246575342465,50,2022
2023-07-15,12,138.0,0.9534246575342465,50,2022
2023-07-15,13,18.0,0.9534246575342465,50,2022
2023-07-15,15,6.0,0.9534246575342465,50,2022
2023-07-15,19,0.0,0.9534246575342465,50,2022
2023-07-15,16,3.0,0.9534246575342465,50,2022
2023-07-15,17,10.0,0.9534246575342465,50,2022
2023-07-15,18,2.0,0.9534246575342465,50,2022
2023-07-15,20,3.0,0.9534246575342465,50,2022
2023-07-15,21,6.0,0.9534246575342465,50,2022
2023-07-15,22,6.0,0.9534246575342465,50,2022
2023-07-15,25,7.0,0.9534246575342465,50,2022
2023-07-15,24,5.0,0.9534246575342465,50,2022
2023-07-15,23,0.0,0.9534246575342465,50,2022
2023-07-15,26,3.0,0.9534246575342465,50,2022
2023-07-15,27,0.0,0.9534246575342465,50,2022
2023-07-15,29,13.0,0.9534246575342465,50,2022
2023-07-15,28,14.0,0.9534246575342465,50,2022
2023-07-15,30,1.0,0.9534246575342465,50,2022
2023-07-15,37,13.0,0.9534246575342465,50,2022
2023-07-15,38,1.0,0.9534246575342465,50,2022
2023-07-15,31,0.0,0.9534246575342465,50,2022
2023-07-15,33,1.0,0.9534246575342465,50,2022
2023-07-15,34,7.0,0.9534246575342465,50,2022
2023-07-15,35,0.0,0.9534246575342465,50,2022
2023-07-15,32,10.0,0.9534246575342465,50,2022
2023-07-15,36,17.0,0.9534246575342465,50,2022
2023-07-15,39,40.0,0.9534246575342465,50,2022
2023-07-15,40,8.0,0.9534246575342465,50,2022
2023-07-15,41,5.0,0.9534246575342465,50,2022
2023-07-15,42,41.0,0.9534246575342465,50,2022
2023-07-15,72,42.0,0.9534246575342465,50,2022
2023-07-15,44,0.0,0.9534246575342465,50,2022
2023-07-15,45,18.0,0.9534246575342465,50,2022
2023-07-15,46,0.0,0.9534246575342465,50,2022
2023-07-15,47,23.0,0.9534246575342465,50,2022
2023-07-15,48,96.0,0.9534246575342465,50,2022
2023-07-15,US,736.0,0.9534246575342465,50,2022
2023-07-15,49,3.0,0.9534246575342465,50,2022
2023-07-15,51,30.0,0.9534246575342465,50,2022
2023-07-15,50,0.0,0.9534246575342465,50,2022
2023-07-15,53,19.0,0.9534246575342465,50,2022
2023-07-15,55,8.0,0.9534246575342465,50,2022
2023-07-15,54,1.0,0.9534246575342465,50,2022
2023-07-15,56,0.0,0.9534246575342465,50,2022
2023-07-08,02,2.0,0.9342465753424658,49,2022
2023-07-08,01,3.0,0.9342465753424658,49,2022
2023-07-08,05,4.0,0.9342465753424658,49,2022
2023-07-08,04,34.0,0.9342465753424658,49,2022
2023-07-08,06,26.0,0.9342465753424658,49,2022
2023-07-08,08,3.0,0.9342465753424658,49,2022
2023-07-08,09,1.0,0.9342465753424658,49,2022
2023-07-08,11,2.0,0.9342465753424658,49,2022
2023-07-08,10,0.0,0.9342465753424658,49,2022
2023-07-08,12,144.0,0.9342465753424658,49,2022
2023-07-08,13,23.0,0.9342465753424658,49,2022
2023-07-08,15,8.0,0.9342465753424658,49,2022
2023-07-08,19,2.0,0.9342465753424658,49,2022
2023-07-08,16,3.0,0.9342465753424658,49,2022
2023-07-08,17,11.0,0.9342465753424658,49,2022
2023-07-08,18,2.0,0.9342465753424658,49,2022
2023-07-08,20,1.0,0.9342465753424658,49,2022
2023-07-08,21,8.0,0.9342465753424658,49,2022
2023-07-08,22,13.0,0.9342465753424658,49,2022
2023-07-08,25,3.0,0.9342465753424658,49,2022
2023-07-08,24,3.0,0.9342465753424658,49,2022
2023-07-08,23,3.0,0.9342465753424658,49,2022
2023-07-08,26,5.0,0.9342465753424658,49,2022
2023-07-08,27,1.0,0.9342465753424658,49,2022
2023-07-08,29,3.0,0.9342465753424658,49,2022
2023-07-08,28,14.0,0.9342465753424658,49,2022
2023-07-08,30,0.0,0.9342465753424658,49,2022
2023-07-08,37,10.0,0.9342465753424658,49,2022
2023-07-08,38,2.0,0.9342465753424658,49,2022
2023-07-08,31,1.0,0.9342465753424658,49,2022
2023-07-08,33,0.0,0.9342465753424658,49,2022
2023-07-08,34,16.0,0.9342465753424658,49,2022
2023-07-08,35,1.0,0.9342465753424658,49,2022
2023-07-08,32,6.0,0.9342465753424658,49,2022
2023-07-08,36,23.0,0.9342465753424658,49,2022
2023-07-08,39,37.0,0.9342465753424658,49,2022
2023-07-08,40,12.0,0.9342465753424658,49,2022
2023-07-08,41,2.0,0.9342465753424658,49,2022
2023-07-08,42,46.0,0.9342465753424658,49,2022
2023-07-08,72,39.0,0.9342465753424658,49,2022
2023-07-08,44,2.0,0.9342465753424658,49,2022
2023-07-08,45,14.0,0.9342465753424658,49,2022
2023-07-08,46,3.0,0.9342465753424658,49,2022
2023-07-08,47,21.0,0.9342465753424658,49,2022
2023-07-08,48,79.0,0.9342465753424658,49,2022
2023-07-08,US,699.0,0.9342465753424658,49,2022
2023-07-08,49,1.0,0.9342465753424658,49,2022
2023-07-08,51,39.0,0.9342465753424658,49,2022
2023-07-08,50,0.0,0.9342465753424658,49,2022
2023-07-08,53,18.0,0.9342465753424658,49,2022
2023-07-08,55,4.0,0.9342465753424658,49,2022
2023-07-08,54,0.0,0.9342465753424658,49,2022
2023-07-08,56,1.0,0.9342465753424658,49,2022
2023-07-01,02,4.0,0.915068493150685,48,2022
2023-07-01,01,11.0,0.915068493150685,48,2022
2023-07-01,05,6.0,0.915068493150685,48,2022
2023-07-01,04,29.0,0.915068493150685,48,2022
2023-07-01,06,49.0,0.915068493150685,48,2022
2023-07-01,08,7.0,0.915068493150685,48,2022
2023-07-01,09,6.0,0.915068493150685,48,2022
2023-07-01,11,1.0,0.915068493150685,48,2022
2023-07-01,10,0.0,0.915068493150685,48,2022
2023-07-01,12,158.0,0.915068493150685,48,2022
2023-07-01,13,38.0,0.915068493150685,48,2022
2023-07-01,15,10.0,0.915068493150685,48,2022
2023-07-01,19,2.0,0.915068493150685,48,2022
2023-07-01,16,7.0,0.915068493150685,48,2022
2023-07-01,17,8.0,0.915068493150685,48,2022
2023-07-01,18,9.0,0.915068493150685,48,2022
2023-07-01,20,3.0,0.915068493150685,48,2022
2023-07-01,21,5.0,0.915068493150685,48,2022
2023-07-01,22,16.0,0.915068493150685,48,2022
2023-07-01,25,7.0,0.915068493150685,48,2022
2023-07-01,24,0.0,0.915068493150685,48,2022
2023-07-01,23,2.0,0.915068493150685,48,2022
2023-07-01,26,9.0,0.915068493150685,48,2022
2023-07-01,27,0.0,0.915068493150685,48,2022
2023-07-01,29,7.0,0.915068493150685,48,2022
2023-07-01,28,15.0,0.915068493150685,48,2022
2023-07-01,30,1.0,0.915068493150685,48,2022
2023-07-01,37,17.0,0.915068493150685,48,2022
2023-07-01,38,1.0,0.915068493150685,48,2022
2023-07-01,31,1.0,0.915068493150685,48,2022
2023-07-01,33,1.0,0.915068493150685,48,2022
2023-07-01,34,6.0,0.915068493150685,48,2022
2023-07-01,35,0.0,0.915068493150685,48,2022
2023-07-01,32,7.0,0.915068493150685,48,2022
2023-07-01,36,29.0,0.915068493150685,48,2022
2023-07-01,39,37.0,0.915068493150685,48,2022
2023-07-01,40,13.0,0.915068493150685,48,2022
2023-07-01,41,1.0,0.915068493150685,48,2022
2023-07-01,42,47.0,0.915068493150685,48,2022
2023-07-01,72,52.0,0.915068493150685,48,2022
2023-07-01,44,1.0,0.915068493150685,48,2022
2023-07-01,45,20.0,0.915068493150685,48,2022
2023-07-01,46,2.0,0.915068493150685,48,2022
2023-07-01,47,24.0,0.915068493150685,48,2022
2023-07-01,48,87.0,0.915068493150685,48,2022
2023-07-01,US,836.0,0.915068493150685,48,2022
2023-07-01,49,3.0,0.915068493150685,48,2022
2023-07-01,51,39.0,0.915068493150685,48,2022
2023-07-01,50,1.0,0.915068493150685,48,2022
2023-07-01,53,19.0,0.915068493150685,48,2022
2023-07-01,55,5.0,0.915068493150685,48,2022
2023-07-01,54,3.0,0.915068493150685,48,2022
2023-07-01,56,9.0,0.915068493150685,48,2022
2023-06-24,02,0.0,0.8958904109589041,47,2022
2023-06-24,01,11.0,0.8958904109589041,47,2022
2023-06-24,05,12.0,0.8958904109589041,47,2022
2023-06-24,04,48.0,0.8958904109589041,47,2022
2023-06-24,06,27.0,0.8958904109589041,47,2022
2023-06-24,08,3.0,0.8958904109589041,47,2022
2023-06-24,09,6.0,0.8958904109589041,47,2022
2023-06-24,11,2.0,0.8958904109589041,47,2022
2023-06-24,10,0.0,0.8958904109589041,47,2022
2023-06-24,12,165.0,0.8958904109589041,47,2022
2023-06-24,13,38.0,0.8958904109589041,47,2022
2023-06-24,15,9.0,0.8958904109589041,47,2022
2023-06-24,19,1.0,0.8958904109589041,47,2022
2023-06-24,16,1.0,0.8958904109589041,47,2022
2023-06-24,17,13.0,0.8958904109589041,47,2022
2023-06-24,18,5.0,0.8958904109589041,47,2022
2023-06-24,20,2.0,0.8958904109589041,47,2022
2023-06-24,21,6.0,0.8958904109589041,47,2022
2023-06-24,22,8.0,0.8958904109589041,47,2022
2023-06-24,25,4.0,0.8958904109589041,47,2022
2023-06-24,24,8.0,0.8958904109589041,47,2022
2023-06-24,23,1.0,0.8958904109589041,47,2022
2023-06-24,26,14.0,0.8958904109589041,47,2022
2023-06-24,27,2.0,0.8958904109589041,47,2022
2023-06-24,29,12.0,0.8958904109589041,47,2022
2023-06-24,28,13.0,0.8958904109589041,47,2022
2023-06-24,30,1.0,0.8958904109589041,47,2022
2023-06-24,37,16.0,0.8958904109589041,47,2022
2023-06-24,38,1.0,0.8958904109589041,47,2022
2023-06-24,31,1.0,0.8958904109589041,47,2022
2023-06-24,33,0.0,0.8958904109589041,47,2022
2023-06-24,34,12.0,0.8958904109589041,47,2022
2023-06-24,35,1.0,0.8958904109589041,47,2022
2023-06-24,32,8.0,0.8958904109589041,47,2022
2023-06-24,36,36.0,0.8958904109589041,47,2022
2023-06-24,39,14.0,0.8958904109589041,47,2022
2023-06-24,40,9.0,0.8958904109589041,47,2022
2023-06-24,41,5.0,0.8958904109589041,47,2022
2023-06-24,42,49.0,0.8958904109589041,47,2022
2023-06-24,72,58.0,0.8958904109589041,47,2022
2023-06-24,44,0.0,0.8958904109589041,47,2022
2023-06-24,45,23.0,0.8958904109589041,47,2022
2023-06-24,46,0.0,0.8958904109589041,47,2022
2023-06-24,47,13.0,0.8958904109589041,47,2022
2023-06-24,48,109.0,0.8958904109589041,47,2022
2023-06-24,US,813.0,0.8958904109589041,47,2022
2023-06-24,49,3.0,0.8958904109589041,47,2022
2023-06-24,51,22.0,0.8958904109589041,47,2022
2023-06-24,50,0.0,0.8958904109589041,47,2022
2023-06-24,53,17.0,0.8958904109589041,47,2022
2023-06-24,55,1.0,0.8958904109589041,47,2022
2023-06-24,54,2.0,0.8958904109589041,47,2022
2023-06-24,56,1.0,0.8958904109589041,47,2022
2023-06-17,02,6.0,0.8767123287671232,46,2022
2023-06-17,01,5.0,0.8767123287671232,46,2022
2023-06-17,05,5.0,0.8767123287671232,46,2022
2023-06-17,04,50.0,0.8767123287671232,46,2022
2023-06-17,06,36.0,0.8767123287671232,46,2022
2023-06-17,08,6.0,0.8767123287671232,46,2022
2023-06-17,09,6.0,0.8767123287671232,46,2022
2023-06-17,11,1.0,0.8767123287671232,46,2022
2023-06-17,10,0.0,0.8767123287671232,46,2022
2023-06-17,12,148.0,0.8767123287671232,46,2022
2023-06-17,13,41.0,0.8767123287671232,46,2022
2023-06-17,15,8.0,0.8767123287671232,46,2022
2023-06-17,19,2.0,0.8767123287671232,46,2022
2023-06-17,16,6.0,0.8767123287671232,46,2022
2023-06-17,17,20.0,0.8767123287671232,46,2022
2023-06-17,18,13.0,0.8767123287671232,46,2022
2023-06-17,20,2.0,0.8767123287671232,46,2022
2023-06-17,21,8.0,0.8767123287671232,46,2022
2023-06-17,22,10.0,0.8767123287671232,46,2022
2023-06-17,25,12.0,0.8767123287671232,46,2022
2023-06-17,24,2.0,0.8767123287671232,46,2022
2023-06-17,23,0.0,0.8767123287671232,46,2022
2023-06-17,26,20.0,0.8767123287671232,46,2022
2023-06-17,27,8.0,0.8767123287671232,46,2022
2023-06-17,29,10.0,0.8767123287671232,46,2022
2023-06-17,28,14.0,0.8767123287671232,46,2022
2023-06-17,30,2.0,0.8767123287671232,46,2022
2023-06-17,37,18.0,0.8767123287671232,46,2022
2023-06-17,38,2.0,0.8767123287671232,46,2022
2023-06-17,31,1.0,0.8767123287671232,46,2022
2023-06-17,33,2.0,0.8767123287671232,46,2022
2023-06-17,34,9.0,0.8767123287671232,46,2022
2023-06-17,35,1.0,0.8767123287671232,46,2022
2023-06-17,32,8.0,0.8767123287671232,46,2022
2023-06-17,36,37.0,0.8767123287671232,46,2022
2023-06-17,39,11.0,0.8767123287671232,46,2022
2023-06-17,40,15.0,0.8767123287671232,46,2022
2023-06-17,41,2.0,0.8767123287671232,46,2022
2023-06-17,42,56.0,0.8767123287671232,46,2022
2023-06-17,72,50.0,0.8767123287671232,46,2022
2023-06-17,44,2.0,0.8767123287671232,46,2022
2023-06-17,45,23.0,0.8767123287671232,46,2022
2023-06-17,46,2.0,0.8767123287671232,46,2022
2023-06-17,47,31.0,0.8767123287671232,46,2022
2023-06-17,48,100.0,0.8767123287671232,46,2022
2023-06-17,US,873.0,0.8767123287671232,46,2022
2023-06-17,49,4.0,0.8767123287671232,46,2022
2023-06-17,51,27.0,0.8767123287671232,46,2022
2023-06-17,50,0.0,0.8767123287671232,46,2022
2023-06-17,53,19.0,0.8767123287671232,46,2022
2023-06-17,55,4.0,0.8767123287671232,46,2022
2023-06-17,54,6.0,0.8767123287671232,46,2022
2023-06-17,56,1.0,0.8767123287671232,46,2022
2023-06-10,02,2.0,0.8575342465753425,45,2022
2023-06-10,01,14.0,0.8575342465753425,45,2022
2023-06-10,05,1.0,0.8575342465753425,45,2022
2023-06-10,04,61.0,0.8575342465753425,45,2022
2023-06-10,06,43.0,0.8575342465753425,45,2022
2023-06-10,08,3.0,0.8575342465753425,45,2022
2023-06-10,09,6.0,0.8575342465753425,45,2022
2023-06-10,11,1.0,0.8575342465753425,45,2022
2023-06-10,10,0.0,0.8575342465753425,45,2022
2023-06-10,12,166.0,0.8575342465753425,45,2022
2023-06-10,13,55.0,0.8575342465753425,45,2022
2023-06-10,15,6.0,0.8575342465753425,45,2022
2023-06-10,19,4.0,0.8575342465753425,45,2022
2023-06-10,16,1.0,0.8575342465753425,45,2022
2023-06-10,17,21.0,0.8575342465753425,45,2022
2023-06-10,18,13.0,0.8575342465753425,45,2022
2023-06-10,20,13.0,0.8575342465753425,45,2022
2023-06-10,21,5.0,0.8575342465753425,45,2022
2023-06-10,22,14.0,0.8575342465753425,45,2022
2023-06-10,25,11.0,0.8575342465753425,45,2022
2023-06-10,24,5.0,0.8575342465753425,45,2022
2023-06-10,23,1.0,0.8575342465753425,45,2022
2023-06-10,26,14.0,0.8575342465753425,45,2022
2023-06-10,27,5.0,0.8575342465753425,45,2022
2023-06-10,29,18.0,0.8575342465753425,45,2022
2023-06-10,28,17.0,0.8575342465753425,45,2022
2023-06-10,30,2.0,0.8575342465753425,45,2022
2023-06-10,37,12.0,0.8575342465753425,45,2022
2023-06-10,38,3.0,0.8575342465753425,45,2022
2023-06-10,31,1.0,0.8575342465753425,45,2022
2023-06-10,33,0.0,0.8575342465753425,45,2022
2023-06-10,34,13.0,0.8575342465753425,45,2022
2023-06-10,35,1.0,0.8575342465753425,45,2022
2023-06-10,32,11.0,0.8575342465753425,45,2022
2023-06-10,36,39.0,0.8575342465753425,45,2022
2023-06-10,39,11.0,0.8575342465753425,45,2022
2023-06-10,40,10.0,0.8575342465753425,45,2022
2023-06-10,41,6.0,0.8575342465753425,45,2022
2023-06-10,42,60.0,0.8575342465753425,45,2022
2023-06-10,72,61.0,0.8575342465753425,45,2022
2023-06-10,44,1.0,0.8575342465753425,45,2022
2023-06-10,45,21.0,0.8575342465753425,45,2022
2023-06-10,46,2.0,0.8575342465753425,45,2022
2023-06-10,47,27.0,0.8575342465753425,45,2022
2023-06-10,48,75.0,0.8575342465753425,45,2022
2023-06-10,US,935.0,0.8575342465753425,45,2022
2023-06-10,49,1.0,0.8575342465753425,45,2022
2023-06-10,51,27.0,0.8575342465753425,45,2022
2023-06-10,50,0.0,0.8575342465753425,45,2022
2023-06-10,53,28.0,0.8575342465753425,45,2022
2023-06-10,55,11.0,0.8575342465753425,45,2022
2023-06-10,54,8.0,0.8575342465753425,45,2022
2023-06-10,56,1.0,0.8575342465753425,45,2022
2023-06-03,02,3.0,0.8383561643835616,44,2022
2023-06-03,01,25.0,0.8383561643835616,44,2022
2023-06-03,05,6.0,0.8383561643835616,44,2022
2023-06-03,04,65.0,0.8383561643835616,44,2022
2023-06-03,06,48.0,0.8383561643835616,44,2022
2023-06-03,08,5.0,0.8383561643835616,44,2022
2023-06-03,09,4.0,0.8383561643835616,44,2022
2023-06-03,11,3.0,0.8383561643835616,44,2022
2023-06-03,10,3.0,0.8383561643835616,44,2022
2023-06-03,12,148.0,0.8383561643835616,44,2022
2023-06-03,13,46.0,0.8383561643835616,44,2022
2023-06-03,15,4.0,0.8383561643835616,44,2022
2023-06-03,19,0.0,0.8383561643835616,44,2022
2023-06-03,16,2.0,0.8383561643835616,44,2022
2023-06-03,17,22.0,0.8383561643835616,44,2022
2023-06-03,18,15.0,0.8383561643835616,44,2022
2023-06-03,20,4.0,0.8383561643835616,44,2022
2023-06-03,21,5.0,0.8383561643835616,44,2022
2023-06-03,22,14.0,0.8383561643835616,44,2022
2023-06-03,25,9.0,0.8383561643835616,44,2022
2023-06-03,24,8.0,0.8383561643835616,44,2022
2023-06-03,23,3.0,0.8383561643835616,44,2022
2023-06-03,26,14.0,0.8383561643835616,44,2022
2023-06-03,27,1.0,0.8383561643835616,44,2022
2023-06-03,29,8.0,0.8383561643835616,44,2022
2023-06-03,28,10.0,0.8383561643835616,44,2022
2023-06-03,30,0.0,0.8383561643835616,44,2022
2023-06-03,37,14.0,0.8383561643835616,44,2022
2023-06-03,38,1.0,0.8383561643835616,44,2022
2023-06-03,31,3.0,0.8383561643835616,44,2022
2023-06-03,33,1.0,0.8383561643835616,44,2022
2023-06-03,34,25.0,0.8383561643835616,44,2022
2023-06-03,35,2.0,0.8383561643835616,44,2022
2023-06-03,32,6.0,0.8383561643835616,44,2022
2023-06-03,36,46.0,0.8383561643835616,44,2022
2023-06-03,39,10.0,0.8383561643835616,44,2022
2023-06-03,40,12.0,0.8383561643835616,44,2022
2023-06-03,41,3.0,0.8383561643835616,44,2022
2023-06-03,42,66.0,0.8383561643835616,44,2022
2023-06-03,72,73.0,0.8383561643835616,44,2022
2023-06-03,44,1.0,0.8383561643835616,44,2022
2023-06-03,45,26.0,0.8383561643835616,44,2022
2023-06-03,46,4.0,0.8383561643835616,44,2022
2023-06-03,47,20.0,0.8383561643835616,44,2022
2023-06-03,48,83.0,0.8383561643835616,44,2022
2023-06-03,US,939.0,0.8383561643835616,44,2022
2023-06-03,49,1.0,0.8383561643835616,44,2022
2023-06-03,51,36.0,0.8383561643835616,44,2022
2023-06-03,50,0.0,0.8383561643835616,44,2022
2023-06-03,53,17.0,0.8383561643835616,44,2022
2023-06-03,55,7.0,0.8383561643835616,44,2022
2023-06-03,54,5.0,0.8383561643835616,44,2022
2023-06-03,56,1.0,0.8383561643835616,44,2022
2023-05-27,02,0.0,0.8191780821917808,43,2022
2023-05-27,01,11.0,0.8191780821917808,43,2022
2023-05-27,05,14.0,0.8191780821917808,43,2022
2023-05-27,04,65.0,0.8191780821917808,43,2022
2023-05-27,06,23.0,0.8191780821917808,43,2022
2023-05-27,08,10.0,0.8191780821917808,43,2022
2023-05-27,09,12.0,0.8191780821917808,43,2022
2023-05-27,11,6.0,0.8191780821917808,43,2022
2023-05-27,10,0.0,0.8191780821917808,43,2022
2023-05-27,12,141.0,0.8191780821917808,43,2022
2023-05-27,13,37.0,0.8191780821917808,43,2022
2023-05-27,15,0.0,0.8191780821917808,43,2022
2023-05-27,19,4.0,0.8191780821917808,43,2022
2023-05-27,16,2.0,0.8191780821917808,43,2022
2023-05-27,17,37.0,0.8191780821917808,43,2022
2023-05-27,18,16.0,0.8191780821917808,43,2022
2023-05-27,20,3.0,0.8191780821917808,43,2022
2023-05-27,21,11.0,0.8191780821917808,43,2022
2023-05-27,22,11.0,0.8191780821917808,43,2022
2023-05-27,25,10.0,0.8191780821917808,43,2022
2023-05-27,24,6.0,0.8191780821917808,43,2022
2023-05-27,23,2.0,0.8191780821917808,43,2022
2023-05-27,26,18.0,0.8191780821917808,43,2022
2023-05-27,27,3.0,0.8191780821917808,43,2022
2023-05-27,29,8.0,0.8191780821917808,43,2022
2023-05-27,28,20.0,0.8191780821917808,43,2022
2023-05-27,30,3.0,0.8191780821917808,43,2022
2023-05-27,37,5.0,0.8191780821917808,43,2022
2023-05-27,38,3.0,0.8191780821917808,43,2022
2023-05-27,31,7.0,0.8191780821917808,43,2022
2023-05-27,33,4.0,0.8191780821917808,43,2022
2023-05-27,34,20.0,0.8191780821917808,43,2022
2023-05-27,35,3.0,0.8191780821917808,43,2022
2023-05-27,32,6.0,0.8191780821917808,43,2022
2023-05-27,36,60.0,0.8191780821917808,43,2022
2023-05-27,39,14.0,0.8191780821917808,43,2022
2023-05-27,40,20.0,0.8191780821917808,43,2022
2023-05-27,41,3.0,0.8191780821917808,43,2022
2023-05-27,42,57.0,0.8191780821917808,43,2022
2023-05-27,72,60.0,0.8191780821917808,43,2022
2023-05-27,44,3.0,0.8191780821917808,43,2022
2023-05-27,45,17.0,0.8191780821917808,43,2022
2023-05-27,46,3.0,0.8191780821917808,43,2022
2023-05-27,47,27.0,0.8191780821917808,43,2022
2023-05-27,48,106.0,0.8191780821917808,43,2022
2023-05-27,US,973.0,0.8191780821917808,43,2022
2023-05-27,49,5.0,0.8191780821917808,43,2022
2023-05-27,51,50.0,0.8191780821917808,43,2022
2023-05-27,50,0.0,0.8191780821917808,43,2022
2023-05-27,53,15.0,0.8191780821917808,43,2022
2023-05-27,55,2.0,0.8191780821917808,43,2022
2023-05-27,54,10.0,0.8191780821917808,43,2022
2023-05-27,56,0.0,0.8191780821917808,43,2022
2023-05-20,02,0.0,0.8,42,2022
2023-05-20,01,10.0,0.8,42,2022
2023-05-20,05,9.0,0.8,42,2022
2023-05-20,04,55.0,0.8,42,2022
2023-05-20,06,24.0,0.8,42,2022
2023-05-20,08,9.0,0.8,42,2022
2023-05-20,09,9.0,0.8,42,2022
2023-05-20,11,2.0,0.8,42,2022
2023-05-20,10,0.0,0.8,42,2022
2023-05-20,12,140.0,0.8,42,2022
2023-05-20,13,30.0,0.8,42,2022
2023-05-20,15,3.0,0.8,42,2022
2023-05-20,19,3.0,0.8,42,2022
2023-05-20,16,1.0,0.8,42,2022
2023-05-20,17,25.0,0.8,42,2022
2023-05-20,18,19.0,0.8,42,2022
2023-05-20,20,4.0,0.8,42,2022
2023-05-20,21,11.0,0.8,42,2022
2023-05-20,22,17.0,0.8,42,2022
2023-05-20,25,13.0,0.8,42,2022
2023-05-20,24,5.0,0.8,42,2022
2023-05-20,23,5.0,0.8,42,2022
2023-05-20,26,13.0,0.8,42,2022
2023-05-20,27,8.0,0.8,42,2022
2023-05-20,29,22.0,0.8,42,2022
2023-05-20,28,22.0,0.8,42,2022
2023-05-20,30,2.0,0.8,42,2022
2023-05-20,37,11.0,0.8,42,2022
2023-05-20,38,13.0,0.8,42,2022
2023-05-20,31,2.0,0.8,42,2022
2023-05-20,33,0.0,0.8,42,2022
2023-05-20,34,15.0,0.8,42,2022
2023-05-20,35,4.0,0.8,42,2022
2023-05-20,32,3.0,0.8,42,2022
2023-05-20,36,50.0,0.8,42,2022
2023-05-20,39,218.0,0.8,42,2022
2023-05-20,40,23.0,0.8,42,2022
2023-05-20,41,2.0,0.8,42,2022
2023-05-20,42,54.0,0.8,42,2022
2023-05-20,72,59.0,0.8,42,2022
2023-05-20,44,0.0,0.8,42,2022
2023-05-20,45,21.0,0.8,42,2022
2023-05-20,46,3.0,0.8,42,2022
2023-05-20,47,14.0,0.8,42,2022
2023-05-20,48,97.0,0.8,42,2022
2023-05-20,US,1116.0,0.8,42,2022
2023-05-20,49,4.0,0.8,42,2022
2023-05-20,51,35.0,0.8,42,2022
2023-05-20,50,2.0,0.8,42,2022
2023-05-20,53,13.0,0.8,42,2022
2023-05-20,55,2.0,0.8,42,2022
2023-05-20,54,9.0,0.8,42,2022
2023-05-20,56,1.0,0.8,42,2022
2023-05-13,02,1.0,0.7808219178082192,41,2022
2023-05-13,01,14.0,0.7808219178082192,41,2022
2023-05-13,05,12.0,0.7808219178082192,41,2022
2023-05-13,04,55.0,0.7808219178082192,41,2022
2023-05-13,06,33.0,0.7808219178082192,41,2022
2023-05-13,08,7.0,0.7808219178082192,41,2022
2023-05-13,09,6.0,0.7808219178082192,41,2022
2023-05-13,11,1.0,0.7808219178082192,41,2022
2023-05-13,10,1.0,0.7808219178082192,41,2022
2023-05-13,12,132.0,0.7808219178082192,41,2022
2023-05-13,13,50.0,0.7808219178082192,41,2022
2023-05-13,15,1.0,0.7808219178082192,41,2022
2023-05-13,19,5.0,0.7808219178082192,41,2022
2023-05-13,16,9.0,0.7808219178082192,41,2022
2023-05-13,17,30.0,0.7808219178082192,41,2022
2023-05-13,18,18.0,0.7808219178082192,41,2022
2023-05-13,20,2.0,0.7808219178082192,41,2022
2023-05-13,21,15.0,0.7808219178082192,41,2022
2023-05-13,22,18.0,0.7808219178082192,41,2022
2023-05-13,25,18.0,0.7808219178082192,41,2022
2023-05-13,24,11.0,0.7808219178082192,41,2022
2023-05-13,23,4.0,0.7808219178082192,41,2022
2023-05-13,26,17.0,0.7808219178082192,41,2022
2023-05-13,27,13.0,0.7808219178082192,41,2022
2023-05-13,29,21.0,0.7808219178082192,41,2022
2023-05-13,28,24.0,0.7808219178082192,41,2022
2023-05-13,30,0.0,0.7808219178082192,41,2022
2023-05-13,37,16.0,0.7808219178082192,41,2022
2023-05-13,38,2.0,0.7808219178082192,41,2022
2023-05-13,31,4.0,0.7808219178082192,41,2022
2023-05-13,33,1.0,0.7808219178082192,41,2022
2023-05-13,34,21.0,0.7808219178082192,41,2022
2023-05-13,35,1.0,0.7808219178082192,41,2022
2023-05-13,32,6.0,0.7808219178082192,41,2022
2023-05-13,36,54.0,0.7808219178082192,41,2022
2023-05-13,39,17.0,0.7808219178082192,41,2022
2023-05-13,40,15.0,0.7808219178082192,41,2022
2023-05-13,41,0.0,0.7808219178082192,41,2022
2023-05-13,42,62.0,0.7808219178082192,41,2022
2023-05-13,72,43.0,0.7808219178082192,41,2022
2023-05-13,44,4.0,0.7808219178082192,41,2022
2023-05-13,45,23.0,0.7808219178082192,41,2022
2023-05-13,46,7.0,0.7808219178082192,41,2022
2023-05-13,47,15.0,0.7808219178082192,41,2022
2023-05-13,48,98.0,0.7808219178082192,41,2022
2023-05-13,US,978.0,0.7808219178082192,41,2022
2023-05-13,49,6.0,0.7808219178082192,41,2022
2023-05-13,51,44.0,0.7808219178082192,41,2022
2023-05-13,50,0.0,0.7808219178082192,41,2022
2023-05-13,53,10.0,0.7808219178082192,41,2022
2023-05-13,55,5.0,0.7808219178082192,41,2022
2023-05-13,54,5.0,0.7808219178082192,41,2022
2023-05-13,56,1.0,0.7808219178082192,41,2022
2023-05-06,02,5.0,0.7616438356164383,40,2022
2023-05-06,01,4.0,0.7616438356164383,40,2022
2023-05-06,05,9.0,0.7616438356164383,40,2022
2023-05-06,04,34.0,0.7616438356164383,40,2022
2023-05-06,06,22.0,0.7616438356164383,40,2022
2023-05-06,08,7.0,0.7616438356164383,40,2022
2023-05-06,09,7.0,0.7616438356164383,40,2022
2023-05-06,11,0.0,0.7616438356164383,40,2022
2023-05-06,10,0.0,0.7616438356164383,40,2022
2023-05-06,12,128.0,0.7616438356164383,40,2022
2023-05-06,13,33.0,0.7616438356164383,40,2022
2023-05-06,15,0.0,0.7616438356164383,40,2022
2023-05-06,19,5.0,0.7616438356164383,40,2022
2023-05-06,16,5.0,0.7616438356164383,40,2022
2023-05-06,17,24.0,0.7616438356164383,40,2022
2023-05-06,18,21.0,0.7616438356164383,40,2022
2023-05-06,20,2.0,0.7616438356164383,40,2022
2023-05-06,21,16.0,0.7616438356164383,40,2022
2023-05-06,22,10.0,0.7616438356164383,40,2022
2023-05-06,25,10.0,0.7616438356164383,40,2022
2023-05-06,24,15.0,0.7616438356164383,40,2022
2023-05-06,23,2.0,0.7616438356164383,40,2022
2023-05-06,26,17.0,0.7616438356164383,40,2022
2023-05-06,27,19.0,0.7616438356164383,40,2022
2023-05-06,29,27.0,0.7616438356164383,40,2022
2023-05-06,28,21.0,0.7616438356164383,40,2022
2023-05-06,30,0.0,0.7616438356164383,40,2022
2023-05-06,37,7.0,0.7616438356164383,40,2022
2023-05-06,38,7.0,0.7616438356164383,40,2022
2023-05-06,31,2.0,0.7616438356164383,40,2022
2023-05-06,33,3.0,0.7616438356164383,40,2022
2023-05-06,34,21.0,0.7616438356164383,40,2022
2023-05-06,35,1.0,0.7616438356164383,40,2022
2023-05-06,32,7.0,0.7616438356164383,40,2022
2023-05-06,36,50.0,0.7616438356164383,40,2022
2023-05-06,39,17.0,0.7616438356164383,40,2022
2023-05-06,40,10.0,0.7616438356164383,40,2022
2023-05-06,41,2.0,0.7616438356164383,40,2022
2023-05-06,42,47.0,0.7616438356164383,40,2022
2023-05-06,72,47.0,0.7616438356164383,40,2022
2023-05-06,44,0.0,0.7616438356164383,40,2022
2023-05-06,45,17.0,0.7616438356164383,40,2022
2023-05-06,46,7.0,0.7616438356164383,40,2022
2023-05-06,47,24.0,0.7616438356164383,40,2022
2023-05-06,48,197.0,0.7616438356164383,40,2022
2023-05-06,US,992.0,0.7616438356164383,40,2022
2023-05-06,49,4.0,0.7616438356164383,40,2022
2023-05-06,51,52.0,0.7616438356164383,40,2022
2023-05-06,50,0.0,0.7616438356164383,40,2022
2023-05-06,53,13.0,0.7616438356164383,40,2022
2023-05-06,55,7.0,0.7616438356164383,40,2022
2023-05-06,54,4.0,0.7616438356164383,40,2022
2023-05-06,56,2.0,0.7616438356164383,40,2022
2023-04-29,02,0.0,0.7424657534246575,39,2022
2023-04-29,01,11.0,0.7424657534246575,39,2022
2023-04-29,05,11.0,0.7424657534246575,39,2022
2023-04-29,04,41.0,0.7424657534246575,39,2022
2023-04-29,06,26.0,0.7424657534246575,39,2022
2023-04-29,08,9.0,0.7424657534246575,39,2022
2023-04-29,09,9.0,0.7424657534246575,39,2022
2023-04-29,11,1.0,0.7424657534246575,39,2022
2023-04-29,10,1.0,0.7424657534246575,39,2022
2023-04-29,12,137.0,0.7424657534246575,39,2022
2023-04-29,13,43.0,0.7424657534246575,39,2022
2023-04-29,15,1.0,0.7424657534246575,39,2022
2023-04-29,19,12.0,0.7424657534246575,39,2022
2023-04-29,16,7.0,0.7424657534246575,39,2022
2023-04-29,17,19.0,0.7424657534246575,39,2022
2023-04-29,18,18.0,0.7424657534246575,39,2022
2023-04-29,20,2.0,0.7424657534246575,39,2022
2023-04-29,21,4.0,0.7424657534246575,39,2022
2023-04-29,22,20.0,0.7424657534246575,39,2022
2023-04-29,25,9.0,0.7424657534246575,39,2022
2023-04-29,24,10.0,0.7424657534246575,39,2022
2023-04-29,23,0.0,0.7424657534246575,39,2022
2023-04-29,26,7.0,0.7424657534246575,39,2022
2023-04-29,27,12.0,0.7424657534246575,39,2022
2023-04-29,29,26.0,0.7424657534246575,39,2022
2023-04-29,28,16.0,0.7424657534246575,39,2022
2023-04-29,30,0.0,0.7424657534246575,39,2022
2023-04-29,37,10.0,0.7424657534246575,39,2022
2023-04-29,38,5.0,0.7424657534246575,39,2022
2023-04-29,31,4.0,0.7424657534246575,39,2022
2023-04-29,33,2.0,0.7424657534246575,39,2022
2023-04-29,34,13.0,0.7424657534246575,39,2022
2023-04-29,35,2.0,0.7424657534246575,39,2022
2023-04-29,32,4.0,0.7424657534246575,39,2022
2023-04-29,36,37.0,0.7424657534246575,39,2022
2023-04-29,39,19.0,0.7424657534246575,39,2022
2023-04-29,40,21.0,0.7424657534246575,39,2022
2023-04-29,41,5.0,0.7424657534246575,39,2022
2023-04-29,42,80.0,0.7424657534246575,39,2022
2023-04-29,72,36.0,0.7424657534246575,39,2022
2023-04-29,44,1.0,0.7424657534246575,39,2022
2023-04-29,45,27.0,0.7424657534246575,39,2022
2023-04-29,46,4.0,0.7424657534246575,39,2022
2023-04-29,47,18.0,0.7424657534246575,39,2022
2023-04-29,48,110.0,0.7424657534246575,39,2022
2023-04-29,US,903.0,0.7424657534246575,39,2022
2023-04-29,49,0.0,0.7424657534246575,39,2022
2023-04-29,51,31.0,0.7424657534246575,39,2022
2023-04-29,50,2.0,0.7424657534246575,39,2022
2023-04-29,53,14.0,0.7424657534246575,39,2022
2023-04-29,55,0.0,0.7424657534246575,39,2022
2023-04-29,54,5.0,0.7424657534246575,39,2022
2023-04-29,56,1.0,0.7424657534246575,39,2022
2023-04-22,02,1.0,0.7232876712328767,38,2022
2023-04-22,01,20.0,0.7232876712328767,38,2022
2023-04-22,05,8.0,0.7232876712328767,38,2022
2023-04-22,04,37.0,0.7232876712328767,38,2022
2023-04-22,06,37.0,0.7232876712328767,38,2022
2023-04-22,08,12.0,0.7232876712328767,38,2022
2023-04-22,09,8.0,0.7232876712328767,38,2022
2023-04-22,11,3.0,0.7232876712328767,38,2022
2023-04-22,10,0.0,0.7232876712328767,38,2022
2023-04-22,12,152.0,0.7232876712328767,38,2022
2023-04-22,13,44.0,0.7232876712328767,38,2022
2023-04-22,15,2.0,0.7232876712328767,38,2022
2023-04-22,19,0.0,0.7232876712328767,38,2022
2023-04-22,16,3.0,0.7232876712328767,38,2022
2023-04-22,17,25.0,0.7232876712328767,38,2022
2023-04-22,18,10.0,0.7232876712328767,38,2022
2023-04-22,20,2.0,0.7232876712328767,38,2022
2023-04-22,21,12.0,0.7232876712328767,38,2022
2023-04-22,22,21.0,0.7232876712328767,38,2022
2023-04-22,25,9.0,0.7232876712328767,38,2022
2023-04-22,24,10.0,0.7232876712328767,38,2022
2023-04-22,23,5.0,0.7232876712328767,38,2022
2023-04-22,26,8.0,0.7232876712328767,38,2022
2023-04-22,27,8.0,0.7232876712328767,38,2022
2023-04-22,29,19.0,0.7232876712328767,38,2022
2023-04-22,28,33.0,0.7232876712328767,38,2022
2023-04-22,30,2.0,0.7232876712328767,38,2022
2023-04-22,37,13.0,0.7232876712328767,38,2022
2023-04-22,38,3.0,0.7232876712328767,38,2022
2023-04-22,31,7.0,0.7232876712328767,38,2022
2023-04-22,33,1.0,0.7232876712328767,38,2022
2023-04-22,34,35.0,0.7232876712328767,38,2022
2023-04-22,35,8.0,0.7232876712328767,38,2022
2023-04-22,32,0.0,0.7232876712328767,38,2022
2023-04-22,36,47.0,0.7232876712328767,38,2022
2023-04-22,39,18.0,0.7232876712328767,38,2022
2023-04-22,40,15.0,0.7232876712328767,38,2022
2023-04-22,41,1.0,0.7232876712328767,38,2022
2023-04-22,42,82.0,0.7232876712328767,38,2022
2023-04-22,72,33.0,0.7232876712328767,38,2022
2023-04-22,44,1.0,0.7232876712328767,38,2022
2023-04-22,45,21.0,0.7232876712328767,38,2022
2023-04-22,46,4.0,0.7232876712328767,38,2022
2023-04-22,47,22.0,0.7232876712328767,38,2022
2023-04-22,48,100.0,0.7232876712328767,38,2022
2023-04-22,US,980.0,0.7232876712328767,38,2022
2023-04-22,49,6.0,0.7232876712328767,38,2022
2023-04-22,51,45.0,0.7232876712328767,38,2022
2023-04-22,50,0.0,0.7232876712328767,38,2022
2023-04-22,53,18.0,0.7232876712328767,38,2022
2023-04-22,55,5.0,0.7232876712328767,38,2022
2023-04-22,54,4.0,0.7232876712328767,38,2022
2023-04-22,56,0.0,0.7232876712328767,38,2022
2023-04-15,02,2.0,0.7041095890410959,37,2022
2023-04-15,01,16.0,0.7041095890410959,37,2022
2023-04-15,05,17.0,0.7041095890410959,37,2022
2023-04-15,04,46.0,0.7041095890410959,37,2022
2023-04-15,06,33.0,0.7041095890410959,37,2022
2023-04-15,08,18.0,0.7041095890410959,37,2022
2023-04-15,09,11.0,0.7041095890410959,37,2022
2023-04-15,11,3.0,0.7041095890410959,37,2022
2023-04-15,10,0.0,0.7041095890410959,37,2022
2023-04-15,12,130.0,0.7041095890410959,37,2022
2023-04-15,13,29.0,0.7041095890410959,37,2022
2023-04-15,15,1.0,0.7041095890410959,37,2022
2023-04-15,19,5.0,0.7041095890410959,37,2022
2023-04-15,16,2.0,0.7041095890410959,37,2022
2023-04-15,17,37.0,0.7041095890410959,37,2022
2023-04-15,18,17.0,0.7041095890410959,37,2022
2023-04-15,20,7.0,0.7041095890410959,37,2022
2023-04-15,21,23.0,0.7041095890410959,37,2022
2023-04-15,22,14.0,0.7041095890410959,37,2022
2023-04-15,25,10.0,0.7041095890410959,37,2022
2023-04-15,24,13.0,0.7041095890410959,37,2022
2023-04-15,23,0.0,0.7041095890410959,37,2022
2023-04-15,26,16.0,0.7041095890410959,37,2022
2023-04-15,27,12.0,0.7041095890410959,37,2022
2023-04-15,29,18.0,0.7041095890410959,37,2022
2023-04-15,28,16.0,0.7041095890410959,37,2022
2023-04-15,30,0.0,0.7041095890410959,37,2022
2023-04-15,37,25.0,0.7041095890410959,37,2022
2023-04-15,38,5.0,0.7041095890410959,37,2022
2023-04-15,31,6.0,0.7041095890410959,37,2022
2023-04-15,33,0.0,0.7041095890410959,37,2022
2023-04-15,34,45.0,0.7041095890410959,37,2022
2023-04-15,35,4.0,0.7041095890410959,37,2022
2023-04-15,32,8.0,0.7041095890410959,37,2022
2023-04-15,36,75.0,0.7041095890410959,37,2022
2023-04-15,39,25.0,0.7041095890410959,37,2022
2023-04-15,40,19.0,0.7041095890410959,37,2022
2023-04-15,41,3.0,0.7041095890410959,37,2022
2023-04-15,42,66.0,0.7041095890410959,37,2022
2023-04-15,72,34.0,0.7041095890410959,37,2022
2023-04-15,44,1.0,0.7041095890410959,37,2022
2023-04-15,45,22.0,0.7041095890410959,37,2022
2023-04-15,46,5.0,0.7041095890410959,37,2022
2023-04-15,47,25.0,0.7041095890410959,37,2022
2023-04-15,48,126.0,0.7041095890410959,37,2022
2023-04-15,US,1077.0,0.7041095890410959,37,2022
2023-04-15,49,3.0,0.7041095890410959,37,2022
2023-04-15,51,35.0,0.7041095890410959,37,2022
2023-04-15,50,1.0,0.7041095890410959,37,2022
2023-04-15,53,27.0,0.7041095890410959,37,2022
2023-04-15,55,9.0,0.7041095890410959,37,2022
2023-04-15,54,7.0,0.7041095890410959,37,2022
2023-04-15,56,3.0,0.7041095890410959,37,2022
2023-04-08,02,2.0,0.684931506849315,36,2022
2023-04-08,01,17.0,0.684931506849315,36,2022
2023-04-08,05,15.0,0.684931506849315,36,2022
2023-04-08,04,40.0,0.684931506849315,36,2022
2023-04-08,06,45.0,0.684931506849315,36,2022
2023-04-08,08,7.0,0.684931506849315,36,2022
2023-04-08,09,22.0,0.684931506849315,36,2022
2023-04-08,11,4.0,0.684931506849315,36,2022
2023-04-08,10,0.0,0.684931506849315,36,2022
2023-04-08,12,185.0,0.684931506849315,36,2022
2023-04-08,13,49.0,0.684931506849315,36,2022
2023-04-08,15,3.0,0.684931506849315,36,2022
2023-04-08,19,2.0,0.684931506849315,36,2022
2023-04-08,16,5.0,0.684931506849315,36,2022
2023-04-08,17,25.0,0.684931506849315,36,2022
2023-04-08,18,18.0,0.684931506849315,36,2022
2023-04-08,20,5.0,0.684931506849315,36,2022
2023-04-08,21,19.0,0.684931506849315,36,2022
2023-04-08,22,18.0,0.684931506849315,36,2022
2023-04-08,25,11.0,0.684931506849315,36,2022
2023-04-08,24,12.0,0.684931506849315,36,2022
2023-04-08,23,3.0,0.684931506849315,36,2022
2023-04-08,26,25.0,0.684931506849315,36,2022
2023-04-08,27,12.0,0.684931506849315,36,2022
2023-04-08,29,29.0,0.684931506849315,36,2022
2023-04-08,28,26.0,0.684931506849315,36,2022
2023-04-08,30,0.0,0.684931506849315,36,2022
2023-04-08,37,22.0,0.684931506849315,36,2022
2023-04-08,38,7.0,0.684931506849315,36,2022
2023-04-08,31,3.0,0.684931506849315,36,2022
2023-04-08,33,6.0,0.684931506849315,36,2022
2023-04-08,34,39.0,0.684931506849315,36,2022
2023-04-08,35,1.0,0.684931506849315,36,2022
2023-04-08,32,4.0,0.684931506849315,36,2022
2023-04-08,36,78.0,0.684931506849315,36,2022
2023-04-08,39,12.0,0.684931506849315,36,2022
2023-04-08,40,23.0,0.684931506849315,36,2022
2023-04-08,41,5.0,0.684931506849315,36,2022
2023-04-08,42,65.0,0.684931506849315,36,2022
2023-04-08,72,33.0,0.684931506849315,36,2022
2023-04-08,44,0.0,0.684931506849315,36,2022
2023-04-08,45,24.0,0.684931506849315,36,2022
2023-04-08,46,13.0,0.684931506849315,36,2022
2023-04-08,47,29.0,0.684931506849315,36,2022
2023-04-08,48,128.0,0.684931506849315,36,2022
2023-04-08,US,1198.0,0.684931506849315,36,2022
2023-04-08,49,6.0,0.684931506849315,36,2022
2023-04-08,51,54.0,0.684931506849315,36,2022
2023-04-08,50,0.0,0.684931506849315,36,2022
2023-04-08,53,26.0,0.684931506849315,36,2022
2023-04-08,55,10.0,0.684931506849315,36,2022
2023-04-08,54,7.0,0.684931506849315,36,2022
2023-04-08,56,2.0,0.684931506849315,36,2022
2023-04-01,02,1.0,0.6657534246575343,35,2022
2023-04-01,01,27.0,0.6657534246575343,35,2022
2023-04-01,05,27.0,0.6657534246575343,35,2022
2023-04-01,04,23.0,0.6657534246575343,35,2022
2023-04-01,06,29.0,0.6657534246575343,35,2022
2023-04-01,08,6.0,0.6657534246575343,35,2022
2023-04-01,09,12.0,0.6657534246575343,35,2022
2023-04-01,11,10.0,0.6657534246575343,35,2022
2023-04-01,10,2.0,0.6657534246575343,35,2022
2023-04-01,12,165.0,0.6657534246575343,35,2022
2023-04-01,13,53.0,0.6657534246575343,35,2022
2023-04-01,15,7.0,0.6657534246575343,35,2022
2023-04-01,19,4.0,0.6657534246575343,35,2022
2023-04-01,16,3.0,0.6657534246575343,35,2022
2023-04-01,17,37.0,0.6657534246575343,35,2022
2023-04-01,18,39.0,0.6657534246575343,35,2022
2023-04-01,20,9.0,0.6657534246575343,35,2022
2023-04-01,21,16.0,0.6657534246575343,35,2022
2023-04-01,22,27.0,0.6657534246575343,35,2022
2023-04-01,25,13.0,0.6657534246575343,35,2022
2023-04-01,24,9.0,0.6657534246575343,35,2022
2023-04-01,23,4.0,0.6657534246575343,35,2022
2023-04-01,26,17.0,0.6657534246575343,35,2022
2023-04-01,27,10.0,0.6657534246575343,35,2022
2023-04-01,29,29.0,0.6657534246575343,35,2022
2023-04-01,28,19.0,0.6657534246575343,35,2022
2023-04-01,30,1.0,0.6657534246575343,35,2022
2023-04-01,37,12.0,0.6657534246575343,35,2022
2023-04-01,38,0.0,0.6657534246575343,35,2022
2023-04-01,31,10.0,0.6657534246575343,35,2022
2023-04-01,33,9.0,0.6657534246575343,35,2022
2023-04-01,34,39.0,0.6657534246575343,35,2022
2023-04-01,35,9.0,0.6657534246575343,35,2022
2023-04-01,32,4.0,0.6657534246575343,35,2022
2023-04-01,36,74.0,0.6657534246575343,35,2022
2023-04-01,39,33.0,0.6657534246575343,35,2022
2023-04-01,40,20.0,0.6657534246575343,35,2022
2023-04-01,41,4.0,0.6657534246575343,35,2022
2023-04-01,42,105.0,0.6657534246575343,35,2022
2023-04-01,72,42.0,0.6657534246575343,35,2022
2023-04-01,44,0.0,0.6657534246575343,35,2022
2023-04-01,45,20.0,0.6657534246575343,35,2022
2023-04-01,46,13.0,0.6657534246575343,35,2022
2023-04-01,47,45.0,0.6657534246575343,35,2022
2023-04-01,48,156.0,0.6657534246575343,35,2022
2023-04-01,US,1294.0,0.6657534246575343,35,2022
2023-04-01,49,3.0,0.6657534246575343,35,2022
2023-04-01,51,50.0,0.6657534246575343,35,2022
2023-04-01,50,0.0,0.6657534246575343,35,2022
2023-04-01,53,32.0,0.6657534246575343,35,2022
2023-04-01,55,4.0,0.6657534246575343,35,2022
2023-04-01,54,9.0,0.6657534246575343,35,2022
2023-04-01,56,1.0,0.6657534246575343,35,2022
2023-03-25,02,3.0,0.6465753424657534,34,2022
2023-03-25,01,19.0,0.6465753424657534,34,2022
2023-03-25,05,18.0,0.6465753424657534,34,2022
2023-03-25,04,36.0,0.6465753424657534,34,2022
2023-03-25,06,36.0,0.6465753424657534,34,2022
2023-03-25,08,10.0,0.6465753424657534,34,2022
2023-03-25,09,13.0,0.6465753424657534,34,2022
2023-03-25,11,2.0,0.6465753424657534,34,2022
2023-03-25,10,2.0,0.6465753424657534,34,2022
2023-03-25,12,158.0,0.6465753424657534,34,2022
2023-03-25,13,62.0,0.6465753424657534,34,2022
2023-03-25,15,1.0,0.6465753424657534,34,2022
2023-03-25,19,7.0,0.6465753424657534,34,2022
2023-03-25,16,3.0,0.6465753424657534,34,2022
2023-03-25,17,30.0,0.6465753424657534,34,2022
2023-03-25,18,21.0,0.6465753424657534,34,2022
2023-03-25,20,6.0,0.6465753424657534,34,2022
2023-03-25,21,14.0,0.6465753424657534,34,2022
2023-03-25,22,23.0,0.6465753424657534,34,2022
2023-03-25,25,19.0,0.6465753424657534,34,2022
2023-03-25,24,21.0,0.6465753424657534,34,2022
2023-03-25,23,1.0,0.6465753424657534,34,2022
2023-03-25,26,21.0,0.6465753424657534,34,2022
2023-03-25,27,4.0,0.6465753424657534,34,2022
2023-03-25,29,32.0,0.6465753424657534,34,2022
2023-03-25,28,16.0,0.6465753424657534,34,2022
2023-03-25,30,1.0,0.6465753424657534,34,2022
2023-03-25,37,20.0,0.6465753424657534,34,2022
2023-03-25,38,0.0,0.6465753424657534,34,2022
2023-03-25,31,9.0,0.6465753424657534,34,2022
2023-03-25,33,9.0,0.6465753424657534,34,2022
2023-03-25,34,44.0,0.6465753424657534,34,2022
2023-03-25,35,3.0,0.6465753424657534,34,2022
2023-03-25,32,8.0,0.6465753424657534,34,2022
2023-03-25,36,105.0,0.6465753424657534,34,2022
2023-03-25,39,29.0,0.6465753424657534,34,2022
2023-03-25,40,23.0,0.6465753424657534,34,2022
2023-03-25,41,3.0,0.6465753424657534,34,2022
2023-03-25,42,154.0,0.6465753424657534,34,2022
2023-03-25,72,25.0,0.6465753424657534,34,2022
2023-03-25,44,2.0,0.6465753424657534,34,2022
2023-03-25,45,24.0,0.6465753424657534,34,2022
2023-03-25,46,20.0,0.6465753424657534,34,2022
2023-03-25,47,31.0,0.6465753424657534,34,2022
2023-03-25,48,131.0,0.6465753424657534,34,2022
2023-03-25,US,1329.0,0.6465753424657534,34,2022
2023-03-25,49,3.0,0.6465753424657534,34,2022
2023-03-25,51,50.0,0.6465753424657534,34,2022
2023-03-25,50,4.0,0.6465753424657534,34,2022
2023-03-25,53,28.0,0.6465753424657534,34,2022
2023-03-25,55,9.0,0.6465753424657534,34,2022
2023-03-25,54,16.0,0.6465753424657534,34,2022
2023-03-25,56,0.0,0.6465753424657534,34,2022
2023-03-18,02,1.0,0.6273972602739726,33,2022
2023-03-18,01,22.0,0.6273972602739726,33,2022
2023-03-18,05,15.0,0.6273972602739726,33,2022
2023-03-18,04,55.0,0.6273972602739726,33,2022
2023-03-18,06,60.0,0.6273972602739726,33,2022
2023-03-18,08,12.0,0.6273972602739726,33,2022
2023-03-18,09,10.0,0.6273972602739726,33,2022
2023-03-18,11,2.0,0.6273972602739726,33,2022
2023-03-18,10,0.0,0.6273972602739726,33,2022
2023-03-18,12,211.0,0.6273972602739726,33,2022
2023-03-18,13,54.0,0.6273972602739726,33,2022
2023-03-18,15,4.0,0.6273972602739726,33,2022
2023-03-18,19,7.0,0.6273972602739726,33,2022
2023-03-18,16,6.0,0.6273972602739726,33,2022
2023-03-18,17,12.0,0.6273972602739726,33,2022
2023-03-18,18,35.0,0.6273972602739726,33,2022
2023-03-18,20,7.0,0.6273972602739726,33,2022
2023-03-18,21,26.0,0.6273972602739726,33,2022
2023-03-18,22,17.0,0.6273972602739726,33,2022
2023-03-18,25,20.0,0.6273972602739726,33,2022
2023-03-18,24,10.0,0.6273972602739726,33,2022
2023-03-18,23,5.0,0.6273972602739726,33,2022
2023-03-18,26,33.0,0.6273972602739726,33,2022
2023-03-18,27,6.0,0.6273972602739726,33,2022
2023-03-18,29,24.0,0.6273972602739726,33,2022
2023-03-18,28,22.0,0.6273972602739726,33,2022
2023-03-18,30,2.0,0.6273972602739726,33,2022
2023-03-18,37,32.0,0.6273972602739726,33,2022
2023-03-18,38,11.0,0.6273972602739726,33,2022
2023-03-18,31,11.0,0.6273972602739726,33,2022
2023-03-18,33,10.0,0.6273972602739726,33,2022
2023-03-18,34,22.0,0.6273972602739726,33,2022
2023-03-18,35,3.0,0.6273972602739726,33,2022
2023-03-18,32,6.0,0.6273972602739726,33,2022
2023-03-18,36,63.0,0.6273972602739726,33,2022
2023-03-18,39,34.0,0.6273972602739726,33,2022
2023-03-18,40,29.0,0.6273972602739726,33,2022
2023-03-18,41,9.0,0.6273972602739726,33,2022
2023-03-18,42,154.0,0.6273972602739726,33,2022
2023-03-18,72,11.0,0.6273972602739726,33,2022
2023-03-18,44,1.0,0.6273972602739726,33,2022
2023-03-18,45,21.0,0.6273972602739726,33,2022
2023-03-18,46,16.0,0.6273972602739726,33,2022
2023-03-18,47,29.0,0.6273972602739726,33,2022
2023-03-18,48,159.0,0.6273972602739726,33,2022
2023-03-18,US,1411.0,0.6273972602739726,33,2022
2023-03-18,49,3.0,0.6273972602739726,33,2022
2023-03-18,51,60.0,0.6273972602739726,33,2022
2023-03-18,50,2.0,0.6273972602739726,33,2022
2023-03-18,53,28.0,0.6273972602739726,33,2022
2023-03-18,55,6.0,0.6273972602739726,33,2022
2023-03-18,54,8.0,0.6273972602739726,33,2022
2023-03-18,56,2.0,0.6273972602739726,33,2022
2023-03-11,02,4.0,0.6082191780821918,32,2022
2023-03-11,01,17.0,0.6082191780821918,32,2022
2023-03-11,05,23.0,0.6082191780821918,32,2022
2023-03-11,04,43.0,0.6082191780821918,32,2022
2023-03-11,06,47.0,0.6082191780821918,32,2022
2023-03-11,08,9.0,0.6082191780821918,32,2022
2023-03-11,09,19.0,0.6082191780821918,32,2022
2023-03-11,11,2.0,0.6082191780821918,32,2022
2023-03-11,10,1.0,0.6082191780821918,32,2022
2023-03-11,12,179.0,0.6082191780821918,32,2022
2023-03-11,13,51.0,0.6082191780821918,32,2022
2023-03-11,15,3.0,0.6082191780821918,32,2022
2023-03-11,19,12.0,0.6082191780821918,32,2022
2023-03-11,16,4.0,0.6082191780821918,32,2022
2023-03-11,17,16.0,0.6082191780821918,32,2022
2023-03-11,18,32.0,0.6082191780821918,32,2022
2023-03-11,20,6.0,0.6082191780821918,32,2022
2023-03-11,21,15.0,0.6082191780821918,32,2022
2023-03-11,22,22.0,0.6082191780821918,32,2022
2023-03-11,25,18.0,0.6082191780821918,32,2022
2023-03-11,24,16.0,0.6082191780821918,32,2022
2023-03-11,23,0.0,0.6082191780821918,32,2022
2023-03-11,26,36.0,0.6082191780821918,32,2022
2023-03-11,27,5.0,0.6082191780821918,32,2022
2023-03-11,29,35.0,0.6082191780821918,32,2022
2023-03-11,28,32.0,0.6082191780821918,32,2022
2023-03-11,30,3.0,0.6082191780821918,32,2022
2023-03-11,37,25.0,0.6082191780821918,32,2022
2023-03-11,38,5.0,0.6082191780821918,32,2022
2023-03-11,31,14.0,0.6082191780821918,32,2022
2023-03-11,33,4.0,0.6082191780821918,32,2022
2023-03-11,34,22.0,0.6082191780821918,32,2022
2023-03-11,35,5.0,0.6082191780821918,32,2022
2023-03-11,32,3.0,0.6082191780821918,32,2022
2023-03-11,36,55.0,0.6082191780821918,32,2022
2023-03-11,39,26.0,0.6082191780821918,32,2022
2023-03-11,40,19.0,0.6082191780821918,32,2022
2023-03-11,41,6.0,0.6082191780821918,32,2022
2023-03-11,42,176.0,0.6082191780821918,32,2022
2023-03-11,72,16.0,0.6082191780821918,32,2022
2023-03-11,44,0.0,0.6082191780821918,32,2022
2023-03-11,45,31.0,0.6082191780821918,32,2022
2023-03-11,46,15.0,0.6082191780821918,32,2022
2023-03-11,47,27.0,0.6082191780821918,32,2022
2023-03-11,48,157.0,0.6082191780821918,32,2022
2023-03-11,US,1371.0,0.6082191780821918,32,2022
2023-03-11,49,7.0,0.6082191780821918,32,2022
2023-03-11,51,40.0,0.6082191780821918,32,2022
2023-03-11,50,5.0,0.6082191780821918,32,2022
2023-03-11,53,47.0,0.6082191780821918,32,2022
2023-03-11,55,10.0,0.6082191780821918,32,2022
2023-03-11,54,4.0,0.6082191780821918,32,2022
2023-03-11,56,2.0,0.6082191780821918,32,2022
2023-03-04,02,2.0,0.589041095890411,31,2022
2023-03-04,01,15.0,0.589041095890411,31,2022
2023-03-04,05,33.0,0.589041095890411,31,2022
2023-03-04,04,49.0,0.589041095890411,31,2022
2023-03-04,06,62.0,0.589041095890411,31,2022
2023-03-04,08,19.0,0.589041095890411,31,2022
2023-03-04,09,10.0,0.589041095890411,31,2022
2023-03-04,11,2.0,0.589041095890411,31,2022
2023-03-04,10,5.0,0.589041095890411,31,2022
2023-03-04,12,178.0,0.589041095890411,31,2022
2023-03-04,13,54.0,0.589041095890411,31,2022
2023-03-04,15,1.0,0.589041095890411,31,2022
2023-03-04,19,6.0,0.589041095890411,31,2022
2023-03-04,16,3.0,0.589041095890411,31,2022
2023-03-04,17,24.0,0.589041095890411,31,2022
2023-03-04,18,45.0,0.589041095890411,31,2022
2023-03-04,20,4.0,0.589041095890411,31,2022
2023-03-04,21,11.0,0.589041095890411,31,2022
2023-03-04,22,25.0,0.589041095890411,31,2022
2023-03-04,25,15.0,0.589041095890411,31,2022
2023-03-04,24,13.0,0.589041095890411,31,2022
2023-03-04,23,4.0,0.589041095890411,31,2022
2023-03-04,26,51.0,0.589041095890411,31,2022
2023-03-04,27,8.0,0.589041095890411,31,2022
2023-03-04,29,39.0,0.589041095890411,31,2022
2023-03-04,28,34.0,0.589041095890411,31,2022
2023-03-04,30,6.0,0.589041095890411,31,2022
2023-03-04,37,34.0,0.589041095890411,31,2022
2023-03-04,38,5.0,0.589041095890411,31,2022
2023-03-04,31,6.0,0.589041095890411,31,2022
2023-03-04,33,2.0,0.589041095890411,31,2022
2023-03-04,34,31.0,0.589041095890411,31,2022
2023-03-04,35,16.0,0.589041095890411,31,2022
2023-03-04,32,4.0,0.589041095890411,31,2022
2023-03-04,36,49.0,0.589041095890411,31,2022
2023-03-04,39,23.0,0.589041095890411,31,2022
2023-03-04,40,32.0,0.589041095890411,31,2022
2023-03-04,41,5.0,0.589041095890411,31,2022
2023-03-04,42,169.0,0.589041095890411,31,2022
2023-03-04,72,22.0,0.589041095890411,31,2022
2023-03-04,44,1.0,0.589041095890411,31,2022
2023-03-04,45,29.0,0.589041095890411,31,2022
2023-03-04,46,7.0,0.589041095890411,31,2022
2023-03-04,47,41.0,0.589041095890411,31,2022
2023-03-04,48,171.0,0.589041095890411,31,2022
2023-03-04,US,1501.0,0.589041095890411,31,2022
2023-03-04,49,3.0,0.589041095890411,31,2022
2023-03-04,51,57.0,0.589041095890411,31,2022
2023-03-04,50,1.0,0.589041095890411,31,2022
2023-03-04,53,58.0,0.589041095890411,31,2022
2023-03-04,55,7.0,0.589041095890411,31,2022
2023-03-04,54,9.0,0.589041095890411,31,2022
2023-03-04,56,1.0,0.589041095890411,31,2022
2023-02-25,02,5.0,0.5698630136986301,30,2022
2023-02-25,01,29.0,0.5698630136986301,30,2022
2023-02-25,05,30.0,0.5698630136986301,30,2022
2023-02-25,04,43.0,0.5698630136986301,30,2022
2023-02-25,06,79.0,0.5698630136986301,30,2022
2023-02-25,08,13.0,0.5698630136986301,30,2022
2023-02-25,09,17.0,0.5698630136986301,30,2022
2023-02-25,11,4.0,0.5698630136986301,30,2022
2023-02-25,10,0.0,0.5698630136986301,30,2022
2023-02-25,12,215.0,0.5698630136986301,30,2022
2023-02-25,13,60.0,0.5698630136986301,30,2022
2023-02-25,15,5.0,0.5698630136986301,30,2022
2023-02-25,19,11.0,0.5698630136986301,30,2022
2023-02-25,16,3.0,0.5698630136986301,30,2022
2023-02-25,17,31.0,0.5698630136986301,30,2022
2023-02-25,18,42.0,0.5698630136986301,30,2022
2023-02-25,20,8.0,0.5698630136986301,30,2022
2023-02-25,21,7.0,0.5698630136986301,30,2022
2023-02-25,22,22.0,0.5698630136986301,30,2022
2023-02-25,25,21.0,0.5698630136986301,30,2022
2023-02-25,24,26.0,0.5698630136986301,30,2022
2023-02-25,23,0.0,0.5698630136986301,30,2022
2023-02-25,26,54.0,0.5698630136986301,30,2022
2023-02-25,27,6.0,0.5698630136986301,30,2022
2023-02-25,29,36.0,0.5698630136986301,30,2022
2023-02-25,28,32.0,0.5698630136986301,30,2022
2023-02-25,30,3.0,0.5698630136986301,30,2022
2023-02-25,37,28.0,0.5698630136986301,30,2022
2023-02-25,38,9.0,0.5698630136986301,30,2022
2023-02-25,31,9.0,0.5698630136986301,30,2022
2023-02-25,33,2.0,0.5698630136986301,30,2022
2023-02-25,34,41.0,0.5698630136986301,30,2022
2023-02-25,35,11.0,0.5698630136986301,30,2022
2023-02-25,32,3.0,0.5698630136986301,30,2022
2023-02-25,36,55.0,0.5698630136986301,30,2022
2023-02-25,39,24.0,0.5698630136986301,30,2022
2023-02-25,40,33.0,0.5698630136986301,30,2022
2023-02-25,41,6.0,0.5698630136986301,30,2022
2023-02-25,42,168.0,0.5698630136986301,30,2022
2023-02-25,72,32.0,0.5698630136986301,30,2022
2023-02-25,44,2.0,0.5698630136986301,30,2022
2023-02-25,45,41.0,0.5698630136986301,30,2022
2023-02-25,46,4.0,0.5698630136986301,30,2022
2023-02-25,47,43.0,0.5698630136986301,30,2022
2023-02-25,48,208.0,0.5698630136986301,30,2022
2023-02-25,US,1647.0,0.5698630136986301,30,2022
2023-02-25,49,4.0,0.5698630136986301,30,2022
2023-02-25,51,61.0,0.5698630136986301,30,2022
2023-02-25,50,2.0,0.5698630136986301,30,2022
2023-02-25,53,38.0,0.5698630136986301,30,2022
2023-02-25,55,6.0,0.5698630136986301,30,2022
2023-02-25,54,14.0,0.5698630136986301,30,2022
2023-02-25,56,0.0,0.5698630136986301,30,2022
2023-02-18,02,2.0,0.5506849315068493,29,2022
2023-02-18,01,30.0,0.5506849315068493,29,2022
2023-02-18,05,25.0,0.5506849315068493,29,2022
2023-02-18,04,38.0,0.5506849315068493,29,2022
2023-02-18,06,73.0,0.5506849315068493,29,2022
2023-02-18,08,17.0,0.5506849315068493,29,2022
2023-02-18,09,14.0,0.5506849315068493,29,2022
2023-02-18,11,5.0,0.5506849315068493,29,2022
2023-02-18,10,1.0,0.5506849315068493,29,2022
2023-02-18,12,235.0,0.5506849315068493,29,2022
2023-02-18,13,75.0,0.5506849315068493,29,2022
2023-02-18,15,4.0,0.5506849315068493,29,2022
2023-02-18,19,9.0,0.5506849315068493,29,2022
2023-02-18,16,8.0,0.5506849315068493,29,2022
2023-02-18,17,28.0,0.5506849315068493,29,2022
2023-02-18,18,33.0,0.5506849315068493,29,2022
2023-02-18,20,3.0,0.5506849315068493,29,2022
2023-02-18,21,22.0,0.5506849315068493,29,2022
2023-02-18,22,33.0,0.5506849315068493,29,2022
2023-02-18,25,39.0,0.5506849315068493,29,2022
2023-02-18,24,26.0,0.5506849315068493,29,2022
2023-02-18,23,4.0,0.5506849315068493,29,2022
2023-02-18,26,60.0,0.5506849315068493,29,2022
2023-02-18,27,10.0,0.5506849315068493,29,2022
2023-02-18,29,42.0,0.5506849315068493,29,2022
2023-02-18,28,28.0,0.5506849315068493,29,2022
2023-02-18,30,6.0,0.5506849315068493,29,2022
2023-02-18,37,46.0,0.5506849315068493,29,2022
2023-02-18,38,10.0,0.5506849315068493,29,2022
2023-02-18,31,6.0,0.5506849315068493,29,2022
2023-02-18,33,4.0,0.5506849315068493,29,2022
2023-02-18,34,53.0,0.5506849315068493,29,2022
2023-02-18,35,3.0,0.5506849315068493,29,2022
2023-02-18,32,12.0,0.5506849315068493,29,2022
2023-02-18,36,85.0,0.5506849315068493,29,2022
2023-02-18,39,47.0,0.5506849315068493,29,2022
2023-02-18,40,45.0,0.5506849315068493,29,2022
2023-02-18,41,4.0,0.5506849315068493,29,2022
2023-02-18,42,194.0,0.5506849315068493,29,2022
2023-02-18,72,44.0,0.5506849315068493,29,2022
2023-02-18,44,2.0,0.5506849315068493,29,2022
2023-02-18,45,43.0,0.5506849315068493,29,2022
2023-02-18,46,16.0,0.5506849315068493,29,2022
2023-02-18,47,57.0,0.5506849315068493,29,2022
2023-02-18,48,241.0,0.5506849315068493,29,2022
2023-02-18,US,1906.0,0.5506849315068493,29,2022
2023-02-18,49,12.0,0.5506849315068493,29,2022
2023-02-18,51,57.0,0.5506849315068493,29,2022
2023-02-18,50,2.0,0.5506849315068493,29,2022
2023-02-18,53,31.0,0.5506849315068493,29,2022
2023-02-18,55,11.0,0.5506849315068493,29,2022
2023-02-18,54,9.0,0.5506849315068493,29,2022
2023-02-18,56,2.0,0.5506849315068493,29,2022
2023-02-11,02,1.0,0.5315068493150685,28,2022
2023-02-11,01,29.0,0.5315068493150685,28,2022
2023-02-11,05,33.0,0.5315068493150685,28,2022
2023-02-11,04,56.0,0.5315068493150685,28,2022
2023-02-11,06,93.0,0.5315068493150685,28,2022
2023-02-11,08,27.0,0.5315068493150685,28,2022
2023-02-11,09,15.0,0.5315068493150685,28,2022
2023-02-11,11,5.0,0.5315068493150685,28,2022
2023-02-11,10,1.0,0.5315068493150685,28,2022
2023-02-11,12,300.0,0.5315068493150685,28,2022
2023-02-11,13,83.0,0.5315068493150685,28,2022
2023-02-11,15,10.0,0.5315068493150685,28,2022
2023-02-11,19,15.0,0.5315068493150685,28,2022
2023-02-11,16,4.0,0.5315068493150685,28,2022
2023-02-11,17,31.0,0.5315068493150685,28,2022
2023-02-11,18,41.0,0.5315068493150685,28,2022
2023-02-11,20,9.0,0.5315068493150685,28,2022
2023-02-11,21,29.0,0.5315068493150685,28,2022
2023-02-11,22,50.0,0.5315068493150685,28,2022
2023-02-11,25,59.0,0.5315068493150685,28,2022
2023-02-11,24,41.0,0.5315068493150685,28,2022
2023-02-11,23,6.0,0.5315068493150685,28,2022
2023-02-11,26,56.0,0.5315068493150685,28,2022
2023-02-11,27,7.0,0.5315068493150685,28,2022
2023-02-11,29,41.0,0.5315068493150685,28,2022
2023-02-11,28,21.0,0.5315068493150685,28,2022
2023-02-11,30,2.0,0.5315068493150685,28,2022
2023-02-11,37,55.0,0.5315068493150685,28,2022
2023-02-11,38,16.0,0.5315068493150685,28,2022
2023-02-11,31,2.0,0.5315068493150685,28,2022
2023-02-11,33,8.0,0.5315068493150685,28,2022
2023-02-11,34,26.0,0.5315068493150685,28,2022
2023-02-11,35,8.0,0.5315068493150685,28,2022
2023-02-11,32,11.0,0.5315068493150685,28,2022
2023-02-11,36,103.0,0.5315068493150685,28,2022
2023-02-11,39,49.0,0.5315068493150685,28,2022
2023-02-11,40,54.0,0.5315068493150685,28,2022
2023-02-11,41,7.0,0.5315068493150685,28,2022
2023-02-11,42,180.0,0.5315068493150685,28,2022
2023-02-11,72,77.0,0.5315068493150685,28,2022
2023-02-11,44,1.0,0.5315068493150685,28,2022
2023-02-11,45,46.0,0.5315068493150685,28,2022
2023-02-11,46,9.0,0.5315068493150685,28,2022
2023-02-11,47,28.0,0.5315068493150685,28,2022
2023-02-11,48,270.0,0.5315068493150685,28,2022
2023-02-11,US,2175.0,0.5315068493150685,28,2022
2023-02-11,49,7.0,0.5315068493150685,28,2022
2023-02-11,51,64.0,0.5315068493150685,28,2022
2023-02-11,50,0.0,0.5315068493150685,28,2022
2023-02-11,53,47.0,0.5315068493150685,28,2022
2023-02-11,55,23.0,0.5315068493150685,28,2022
2023-02-11,54,16.0,0.5315068493150685,28,2022
2023-02-11,56,2.0,0.5315068493150685,28,2022
2023-02-04,02,3.0,0.5123287671232877,27,2022
2023-02-04,01,35.0,0.5123287671232877,27,2022
2023-02-04,05,20.0,0.5123287671232877,27,2022
2023-02-04,04,62.0,0.5123287671232877,27,2022
2023-02-04,06,115.0,0.5123287671232877,27,2022
2023-02-04,08,38.0,0.5123287671232877,27,2022
2023-02-04,09,15.0,0.5123287671232877,27,2022
2023-02-04,11,8.0,0.5123287671232877,27,2022
2023-02-04,10,10.0,0.5123287671232877,27,2022
2023-02-04,12,354.0,0.5123287671232877,27,2022
2023-02-04,13,204.0,0.5123287671232877,27,2022
2023-02-04,15,8.0,0.5123287671232877,27,2022
2023-02-04,19,13.0,0.5123287671232877,27,2022
2023-02-04,16,3.0,0.5123287671232877,27,2022
2023-02-04,17,28.0,0.5123287671232877,27,2022
2023-02-04,18,41.0,0.5123287671232877,27,2022
2023-02-04,20,12.0,0.5123287671232877,27,2022
2023-02-04,21,16.0,0.5123287671232877,27,2022
2023-02-04,22,94.0,0.5123287671232877,27,2022
2023-02-04,25,58.0,0.5123287671232877,27,2022
2023-02-04,24,51.0,0.5123287671232877,27,2022
2023-02-04,23,10.0,0.5123287671232877,27,2022
2023-02-04,26,87.0,0.5123287671232877,27,2022
2023-02-04,27,16.0,0.5123287671232877,27,2022
2023-02-04,29,50.0,0.5123287671232877,27,2022
2023-02-04,28,29.0,0.5123287671232877,27,2022
2023-02-04,30,9.0,0.5123287671232877,27,2022
2023-02-04,37,40.0,0.5123287671232877,27,2022
2023-02-04,38,9.0,0.5123287671232877,27,2022
2023-02-04,31,6.0,0.5123287671232877,27,2022
2023-02-04,33,4.0,0.5123287671232877,27,2022
2023-02-04,34,38.0,0.5123287671232877,27,2022
2023-02-04,35,9.0,0.5123287671232877,27,2022
2023-02-04,32,4.0,0.5123287671232877,27,2022
2023-02-04,36,145.0,0.5123287671232877,27,2022
2023-02-04,39,58.0,0.5123287671232877,27,2022
2023-02-04,40,86.0,0.5123287671232877,27,2022
2023-02-04,41,10.0,0.5123287671232877,27,2022
2023-02-04,42,193.0,0.5123287671232877,27,2022
2023-02-04,72,54.0,0.5123287671232877,27,2022
2023-02-04,44,4.0,0.5123287671232877,27,2022
2023-02-04,45,40.0,0.5123287671232877,27,2022
2023-02-04,46,15.0,0.5123287671232877,27,2022
2023-02-04,47,43.0,0.5123287671232877,27,2022
2023-02-04,48,281.0,0.5123287671232877,27,2022
2023-02-04,US,2594.0,0.5123287671232877,27,2022
2023-02-04,49,7.0,0.5123287671232877,27,2022
2023-02-04,51,62.0,0.5123287671232877,27,2022
2023-02-04,50,3.0,0.5123287671232877,27,2022
2023-02-04,53,42.0,0.5123287671232877,27,2022
2023-02-04,55,22.0,0.5123287671232877,27,2022
2023-02-04,54,22.0,0.5123287671232877,27,2022
2023-02-04,56,6.0,0.5123287671232877,27,2022
2023-01-28,02,5.0,0.4931506849315068,26,2022
2023-01-28,01,42.0,0.4931506849315068,26,2022
2023-01-28,05,44.0,0.4931506849315068,26,2022
2023-01-28,04,57.0,0.4931506849315068,26,2022
2023-01-28,06,126.0,0.4931506849315068,26,2022
2023-01-28,08,26.0,0.4931506849315068,26,2022
2023-01-28,09,33.0,0.4931506849315068,26,2022
2023-01-28,11,7.0,0.4931506849315068,26,2022
2023-01-28,10,6.0,0.4931506849315068,26,2022
2023-01-28,12,423.0,0.4931506849315068,26,2022
2023-01-28,13,71.0,0.4931506849315068,26,2022
2023-01-28,15,9.0,0.4931506849315068,26,2022
2023-01-28,19,47.0,0.4931506849315068,26,2022
2023-01-28,16,17.0,0.4931506849315068,26,2022
2023-01-28,17,73.0,0.4931506849315068,26,2022
2023-01-28,18,71.0,0.4931506849315068,26,2022
2023-01-28,20,21.0,0.4931506849315068,26,2022
2023-01-28,21,32.0,0.4931506849315068,26,2022
2023-01-28,22,42.0,0.4931506849315068,26,2022
2023-01-28,25,76.0,0.4931506849315068,26,2022
2023-01-28,24,39.0,0.4931506849315068,26,2022
2023-01-28,23,14.0,0.4931506849315068,26,2022
2023-01-28,26,84.0,0.4931506849315068,26,2022
2023-01-28,27,18.0,0.4931506849315068,26,2022
2023-01-28,29,72.0,0.4931506849315068,26,2022
2023-01-28,28,35.0,0.4931506849315068,26,2022
2023-01-28,30,9.0,0.4931506849315068,26,2022
2023-01-28,37,41.0,0.4931506849315068,26,2022
2023-01-28,38,24.0,0.4931506849315068,26,2022
2023-01-28,31,22.0,0.4931506849315068,26,2022
2023-01-28,33,19.0,0.4931506849315068,26,2022
2023-01-28,34,79.0,0.4931506849315068,26,2022
2023-01-28,35,21.0,0.4931506849315068,26,2022
2023-01-28,32,11.0,0.4931506849315068,26,2022
2023-01-28,36,236.0,0.4931506849315068,26,2022
2023-01-28,39,72.0,0.4931506849315068,26,2022
2023-01-28,40,94.0,0.4931506849315068,26,2022
2023-01-28,41,11.0,0.4931506849315068,26,2022
2023-01-28,42,235.0,0.4931506849315068,26,2022
2023-01-28,72,57.0,0.4931506849315068,26,2022
2023-01-28,44,10.0,0.4931506849315068,26,2022
2023-01-28,45,41.0,0.4931506849315068,26,2022
2023-01-28,46,15.0,0.4931506849315068,26,2022
2023-01-28,47,41.0,0.4931506849315068,26,2022
2023-01-28,48,347.0,0.4931506849315068,26,2022
2023-01-28,US,3091.0,0.4931506849315068,26,2022
2023-01-28,49,7.0,0.4931506849315068,26,2022
2023-01-28,51,60.0,0.4931506849315068,26,2022
2023-01-28,50,5.0,0.4931506849315068,26,2022
2023-01-28,53,66.0,0.4931506849315068,26,2022
2023-01-28,55,51.0,0.4931506849315068,26,2022
2023-01-28,54,21.0,0.4931506849315068,26,2022
2023-01-28,56,5.0,0.4931506849315068,26,2022
2023-01-21,02,7.0,0.473972602739726,25,2022
2023-01-21,01,57.0,0.473972602739726,25,2022
2023-01-21,05,65.0,0.473972602739726,25,2022
2023-01-21,04,118.0,0.473972602739726,25,2022
2023-01-21,06,208.0,0.473972602739726,25,2022
2023-01-21,08,37.0,0.473972602739726,25,2022
2023-01-21,09,36.0,0.473972602739726,25,2022
2023-01-21,11,8.0,0.473972602739726,25,2022
2023-01-21,10,6.0,0.473972602739726,25,2022
2023-01-21,12,593.0,0.473972602739726,25,2022
2023-01-21,13,80.0,0.473972602739726,25,2022
2023-01-21,15,0.0,0.473972602739726,25,2022
2023-01-21,19,43.0,0.473972602739726,25,2022
2023-01-21,16,35.0,0.473972602739726,25,2022
2023-01-21,17,68.0,0.473972602739726,25,2022
2023-01-21,18,100.0,0.473972602739726,25,2022
2023-01-21,20,40.0,0.473972602739726,25,2022
2023-01-21,21,35.0,0.473972602739726,25,2022
2023-01-21,22,83.0,0.473972602739726,25,2022
2023-01-21,25,131.0,0.473972602739726,25,2022
2023-01-21,24,67.0,0.473972602739726,25,2022
2023-01-21,23,28.0,0.473972602739726,25,2022
2023-01-21,26,171.0,0.473972602739726,25,2022
2023-01-21,27,29.0,0.473972602739726,25,2022
2023-01-21,29,100.0,0.473972602739726,25,2022
2023-01-21,28,52.0,0.473972602739726,25,2022
2023-01-21,30,16.0,0.473972602739726,25,2022
2023-01-21,37,63.0,0.473972602739726,25,2022
2023-01-21,38,28.0,0.473972602739726,25,2022
2023-01-21,31,55.0,0.473972602739726,25,2022
2023-01-21,33,23.0,0.473972602739726,25,2022
2023-01-21,34,102.0,0.473972602739726,25,2022
2023-01-21,35,29.0,0.473972602739726,25,2022
2023-01-21,32,21.0,0.473972602739726,25,2022
2023-01-21,36,309.0,0.473972602739726,25,2022
2023-01-21,39,122.0,0.473972602739726,25,2022
2023-01-21,40,168.0,0.473972602739726,25,2022
2023-01-21,41,32.0,0.473972602739726,25,2022
2023-01-21,42,303.0,0.473972602739726,25,2022
2023-01-21,72,47.0,0.473972602739726,25,2022
2023-01-21,44,16.0,0.473972602739726,25,2022
2023-01-21,45,58.0,0.473972602739726,25,2022
2023-01-21,46,12.0,0.473972602739726,25,2022
2023-01-21,47,69.0,0.473972602739726,25,2022
2023-01-21,48,490.0,0.473972602739726,25,2022
2023-01-21,US,4487.0,0.473972602739726,25,2022
2023-01-21,49,22.0,0.473972602739726,25,2022
2023-01-21,51,72.0,0.473972602739726,25,2022
2023-01-21,50,10.0,0.473972602739726,25,2022
2023-01-21,53,86.0,0.473972602739726,25,2022
2023-01-21,55,108.0,0.473972602739726,25,2022
2023-01-21,54,14.0,0.473972602739726,25,2022
2023-01-21,56,13.0,0.473972602739726,25,2022
2023-01-14,02,7.0,0.4547945205479452,24,2022
2023-01-14,01,99.0,0.4547945205479452,24,2022
2023-01-14,05,105.0,0.4547945205479452,24,2022
2023-01-14,04,163.0,0.4547945205479452,24,2022
2023-01-14,06,411.0,0.4547945205479452,24,2022
2023-01-14,08,99.0,0.4547945205479452,24,2022
2023-01-14,09,79.0,0.4547945205479452,24,2022
2023-01-14,11,5.0,0.4547945205479452,24,2022
2023-01-14,10,12.0,0.4547945205479452,24,2022
2023-01-14,12,702.0,0.4547945205479452,24,2022
2023-01-14,13,108.0,0.4547945205479452,24,2022
2023-01-14,15,9.0,0.4547945205479452,24,2022
2023-01-14,19,96.0,0.4547945205479452,24,2022
2023-01-14,16,46.0,0.4547945205479452,24,2022
2023-01-14,17,173.0,0.4547945205479452,24,2022
2023-01-14,18,173.0,0.4547945205479452,24,2022
2023-01-14,20,54.0,0.4547945205479452,24,2022
2023-01-14,21,63.0,0.4547945205479452,24,2022
2023-01-14,22,85.0,0.4547945205479452,24,2022
2023-01-14,25,251.0,0.4547945205479452,24,2022
2023-01-14,24,101.0,0.4547945205479452,24,2022
2023-01-14,23,57.0,0.4547945205479452,24,2022
2023-01-14,26,320.0,0.4547945205479452,24,2022
2023-01-14,27,47.0,0.4547945205479452,24,2022
2023-01-14,29,189.0,0.4547945205479452,24,2022
2023-01-14,28,57.0,0.4547945205479452,24,2022
2023-01-14,30,39.0,0.4547945205479452,24,2022
2023-01-14,37,131.0,0.4547945205479452,24,2022
2023-01-14,38,52.0,0.4547945205479452,24,2022
2023-01-14,31,63.0,0.4547945205479452,24,2022
2023-01-14,33,47.0,0.4547945205479452,24,2022
2023-01-14,34,166.0,0.4547945205479452,24,2022
2023-01-14,35,53.0,0.4547945205479452,24,2022
2023-01-14,32,37.0,0.4547945205479452,24,2022
2023-01-14,36,513.0,0.4547945205479452,24,2022
2023-01-14,39,194.0,0.4547945205479452,24,2022
2023-01-14,40,273.0,0.4547945205479452,24,2022
2023-01-14,41,65.0,0.4547945205479452,24,2022
2023-01-14,42,452.0,0.4547945205479452,24,2022
2023-01-14,72,84.0,0.4547945205479452,24,2022
2023-01-14,44,9.0,0.4547945205479452,24,2022
2023-01-14,45,79.0,0.4547945205479452,24,2022
2023-01-14,46,15.0,0.4547945205479452,24,2022
2023-01-14,47,100.0,0.4547945205479452,24,2022
2023-01-14,48,763.0,0.4547945205479452,24,2022
2023-01-14,US,7178.0,0.4547945205479452,24,2022
2023-01-14,49,22.0,0.4547945205479452,24,2022
2023-01-14,51,119.0,0.4547945205479452,24,2022
2023-01-14,50,12.0,0.4547945205479452,24,2022
2023-01-14,53,144.0,0.4547945205479452,24,2022
2023-01-14,55,171.0,0.4547945205479452,24,2022
2023-01-14,54,48.0,0.4547945205479452,24,2022
2023-01-14,56,16.0,0.4547945205479452,24,2022
2023-01-07,02,32.0,0.43561643835616437,23,2022
2023-01-07,01,123.0,0.43561643835616437,23,2022
2023-01-07,05,158.0,0.43561643835616437,23,2022
2023-01-07,04,386.0,0.43561643835616437,23,2022
2023-01-07,06,913.0,0.43561643835616437,23,2022
2023-01-07,08,158.0,0.43561643835616437,23,2022
2023-01-07,09,170.0,0.43561643835616437,23,2022
2023-01-07,11,17.0,0.43561643835616437,23,2022
2023-01-07,10,45.0,0.43561643835616437,23,2022
2023-01-07,12,1325.0,0.43561643835616437,23,2022
2023-01-07,13,189.0,0.43561643835616437,23,2022
2023-01-07,15,10.0,0.43561643835616437,23,2022
2023-01-07,19,218.0,0.43561643835616437,23,2022
2023-01-07,16,112.0,0.43561643835616437,23,2022
2023-01-07,17,433.0,0.43561643835616437,23,2022
2023-01-07,18,361.0,0.43561643835616437,23,2022
2023-01-07,20,125.0,0.43561643835616437,23,2022
2023-01-07,21,133.0,0.43561643835616437,23,2022
2023-01-07,22,171.0,0.43561643835616437,23,2022
2023-01-07,25,489.0,0.43561643835616437,23,2022
2023-01-07,24,157.0,0.43561643835616437,23,2022
2023-01-07,23,124.0,0.43561643835616437,23,2022
2023-01-07,26,714.0,0.43561643835616437,23,2022
2023-01-07,27,80.0,0.43561643835616437,23,2022
2023-01-07,29,405.0,0.43561643835616437,23,2022
2023-01-07,28,88.0,0.43561643835616437,23,2022
2023-01-07,30,60.0,0.43561643835616437,23,2022
2023-01-07,37,222.0,0.43561643835616437,23,2022
2023-01-07,38,72.0,0.43561643835616437,23,2022
2023-01-07,31,99.0,0.43561643835616437,23,2022
2023-01-07,33,108.0,0.43561643835616437,23,2022
2023-01-07,34,343.0,0.43561643835616437,23,2022
2023-01-07,35,177.0,0.43561643835616437,23,2022
2023-01-07,32,116.0,0.43561643835616437,23,2022
2023-01-07,36,944.0,0.43561643835616437,23,2022
2023-01-07,39,489.0,0.43561643835616437,23,2022
2023-01-07,40,502.0,0.43561643835616437,23,2022
2023-01-07,41,152.0,0.43561643835616437,23,2022
2023-01-07,42,809.0,0.43561643835616437,23,2022
2023-01-07,72,52.0,0.43561643835616437,23,2022
2023-01-07,44,36.0,0.43561643835616437,23,2022
2023-01-07,45,161.0,0.43561643835616437,23,2022
2023-01-07,46,69.0,0.43561643835616437,23,2022
2023-01-07,47,174.0,0.43561643835616437,23,2022
2023-01-07,48,1246.0,0.43561643835616437,23,2022
2023-01-07,US,14059.0,0.43561643835616437,23,2022
2023-01-07,49,66.0,0.43561643835616437,23,2022
2023-01-07,51,233.0,0.43561643835616437,23,2022
2023-01-07,50,51.0,0.43561643835616437,23,2022
2023-01-07,53,231.0,0.43561643835616437,23,2022
2023-01-07,55,332.0,0.43561643835616437,23,2022
2023-01-07,54,148.0,0.43561643835616437,23,2022
2023-01-07,56,30.0,0.43561643835616437,23,2022
2022-12-31,02,43.0,0.41643835616438357,22,2022
2022-12-31,01,147.0,0.41643835616438357,22,2022
2022-12-31,05,204.0,0.41643835616438357,22,2022
2022-12-31,04,656.0,0.41643835616438357,22,2022
2022-12-31,06,1423.0,0.41643835616438357,22,2022
2022-12-31,08,315.0,0.41643835616438357,22,2022
2022-12-31,09,241.0,0.41643835616438357,22,2022
2022-12-31,11,30.0,0.41643835616438357,22,2022
2022-12-31,10,42.0,0.41643835616438357,22,2022
2022-12-31,12,1244.0,0.41643835616438357,22,2022
2022-12-31,13,184.0,0.41643835616438357,22,2022
2022-12-31,15,34.0,0.41643835616438357,22,2022
2022-12-31,19,320.0,0.41643835616438357,22,2022
2022-12-31,16,223.0,0.41643835616438357,22,2022
2022-12-31,17,555.0,0.41643835616438357,22,2022
2022-12-31,18,566.0,0.41643835616438357,22,2022
2022-12-31,20,185.0,0.41643835616438357,22,2022
2022-12-31,21,243.0,0.41643835616438357,22,2022
2022-12-31,22,166.0,0.41643835616438357,22,2022
2022-12-31,25,765.0,0.41643835616438357,22,2022
2022-12-31,24,225.0,0.41643835616438357,22,2022
2022-12-31,23,192.0,0.41643835616438357,22,2022
2022-12-31,26,1137.0,0.41643835616438357,22,2022
2022-12-31,27,177.0,0.41643835616438357,22,2022
2022-12-31,29,636.0,0.41643835616438357,22,2022
2022-12-31,28,120.0,0.41643835616438357,22,2022
2022-12-31,30,91.0,0.41643835616438357,22,2022
2022-12-31,37,299.0,0.41643835616438357,22,2022
2022-12-31,38,82.0,0.41643835616438357,22,2022
2022-12-31,31,144.0,0.41643835616438357,22,2022
2022-12-31,33,141.0,0.41643835616438357,22,2022
2022-12-31,34,476.0,0.41643835616438357,22,2022
2022-12-31,35,285.0,0.41643835616438357,22,2022
2022-12-31,32,179.0,0.41643835616438357,22,2022
2022-12-31,36,1291.0,0.41643835616438357,22,2022
2022-12-31,39,706.0,0.41643835616438357,22,2022
2022-12-31,40,708.0,0.41643835616438357,22,2022
2022-12-31,41,361.0,0.41643835616438357,22,2022
2022-12-31,42,1100.0,0.41643835616438357,22,2022
2022-12-31,72,60.0,0.41643835616438357,22,2022
2022-12-31,44,49.0,0.41643835616438357,22,2022
2022-12-31,45,157.0,0.41643835616438357,22,2022
2022-12-31,46,59.0,0.41643835616438357,22,2022
2022-12-31,47,248.0,0.41643835616438357,22,2022
2022-12-31,48,1410.0,0.41643835616438357,22,2022
2022-12-31,US,19455.0,0.41643835616438357,22,2022
2022-12-31,49,83.0,0.41643835616438357,22,2022
2022-12-31,51,279.0,0.41643835616438357,22,2022
2022-12-31,50,81.0,0.41643835616438357,22,2022
2022-12-31,53,384.0,0.41643835616438357,22,2022
2022-12-31,55,484.0,0.41643835616438357,22,2022
2022-12-31,54,172.0,0.41643835616438357,22,2022
2022-12-31,56,51.0,0.41643835616438357,22,2022
2022-12-24,02,43.0,0.3972602739726027,21,2022
2022-12-24,01,152.0,0.3972602739726027,21,2022
2022-12-24,05,201.0,0.3972602739726027,21,2022
2022-12-24,04,580.0,0.3972602739726027,21,2022
2022-12-24,06,1596.0,0.3972602739726027,21,2022
2022-12-24,08,399.0,0.3972602739726027,21,2022
2022-12-24,09,270.0,0.3972602739726027,21,2022
2022-12-24,11,16.0,0.3972602739726027,21,2022
2022-12-24,10,29.0,0.3972602739726027,21,2022
2022-12-24,12,1024.0,0.3972602739726027,21,2022
2022-12-24,13,158.0,0.3972602739726027,21,2022
2022-12-24,15,29.0,0.3972602739726027,21,2022
2022-12-24,19,328.0,0.3972602739726027,21,2022
2022-12-24,16,203.0,0.3972602739726027,21,2022
2022-12-24,17,578.0,0.3972602739726027,21,2022
2022-12-24,18,615.0,0.3972602739726027,21,2022
2022-12-24,20,182.0,0.3972602739726027,21,2022
2022-12-24,21,281.0,0.3972602739726027,21,2022
2022-12-24,22,155.0,0.3972602739726027,21,2022
2022-12-24,25,760.0,0.3972602739726027,21,2022
2022-12-24,24,231.0,0.3972602739726027,21,2022
2022-12-24,23,207.0,0.3972602739726027,21,2022
2022-12-24,26,1123.0,0.3972602739726027,21,2022
2022-12-24,27,162.0,0.3972602739726027,21,2022
2022-12-24,29,559.0,0.3972602739726027,21,2022
2022-12-24,28,86.0,0.3972602739726027,21,2022
2022-12-24,30,60.0,0.3972602739726027,21,2022
2022-12-24,37,298.0,0.3972602739726027,21,2022
2022-12-24,38,72.0,0.3972602739726027,21,2022
2022-12-24,31,140.0,0.3972602739726027,21,2022
2022-12-24,33,117.0,0.3972602739726027,21,2022
2022-12-24,34,522.0,0.3972602739726027,21,2022
2022-12-24,35,359.0,0.3972602739726027,21,2022
2022-12-24,32,226.0,0.3972602739726027,21,2022
2022-12-24,36,1503.0,0.3972602739726027,21,2022
2022-12-24,39,799.0,0.3972602739726027,21,2022
2022-12-24,40,679.0,0.3972602739726027,21,2022
2022-12-24,41,451.0,0.3972602739726027,21,2022
2022-12-24,42,1047.0,0.3972602739726027,21,2022
2022-12-24,72,114.0,0.3972602739726027,21,2022
2022-12-24,44,57.0,0.3972602739726027,21,2022
2022-12-24,45,118.0,0.3972602739726027,21,2022
2022-12-24,46,84.0,0.3972602739726027,21,2022
2022-12-24,47,226.0,0.3972602739726027,21,2022
2022-12-24,48,1301.0,0.3972602739726027,21,2022
2022-12-24,US,19606.0,0.3972602739726027,21,2022
2022-12-24,49,63.0,0.3972602739726027,21,2022
2022-12-24,51,269.0,0.3972602739726027,21,2022
2022-12-24,50,64.0,0.3972602739726027,21,2022
2022-12-24,53,404.0,0.3972602739726027,21,2022
2022-12-24,55,458.0,0.3972602739726027,21,2022
2022-12-24,54,155.0,0.3972602739726027,21,2022
2022-12-24,56,50.0,0.3972602739726027,21,2022
2022-12-17,02,51.0,0.3780821917808219,20,2022
2022-12-17,01,176.0,0.3780821917808219,20,2022
2022-12-17,05,251.0,0.3780821917808219,20,2022
2022-12-17,04,568.0,0.3780821917808219,20,2022
2022-12-17,06,1614.0,0.3780821917808219,20,2022
2022-12-17,08,255.0,0.3780821917808219,20,2022
2022-12-17,09,395.0,0.3780821917808219,20,2022
2022-12-17,11,19.0,0.3780821917808219,20,2022
2022-12-17,10,25.0,0.3780821917808219,20,2022
2022-12-17,12,846.0,0.3780821917808219,20,2022
2022-12-17,13,179.0,0.3780821917808219,20,2022
2022-12-17,15,14.0,0.3780821917808219,20,2022
2022-12-17,19,325.0,0.3780821917808219,20,2022
2022-12-17,16,286.0,0.3780821917808219,20,2022
2022-12-17,17,733.0,0.3780821917808219,20,2022
2022-12-17,18,731.0,0.3780821917808219,20,2022
2022-12-17,20,219.0,0.3780821917808219,20,2022
2022-12-17,21,429.0,0.3780821917808219,20,2022
2022-12-17,22,180.0,0.3780821917808219,20,2022
2022-12-17,25,659.0,0.3780821917808219,20,2022
2022-12-17,24,261.0,0.3780821917808219,20,2022
2022-12-17,23,180.0,0.3780821917808219,20,2022
2022-12-17,26,894.0,0.3780821917808219,20,2022
2022-12-17,27,247.0,0.3780821917808219,20,2022
2022-12-17,29,749.0,0.3780821917808219,20,2022
2022-12-17,28,142.0,0.3780821917808219,20,2022
2022-12-17,30,99.0,0.3780821917808219,20,2022
2022-12-17,37,319.0,0.3780821917808219,20,2022
2022-12-17,38,66.0,0.3780821917808219,20,2022
2022-12-17,31,166.0,0.3780821917808219,20,2022
2022-12-17,33,76.0,0.3780821917808219,20,2022
2022-12-17,34,606.0,0.3780821917808219,20,2022
2022-12-17,35,341.0,0.3780821917808219,20,2022
2022-12-17,32,318.0,0.3780821917808219,20,2022
2022-12-17,36,1698.0,0.3780821917808219,20,2022
2022-12-17,39,972.0,0.3780821917808219,20,2022
2022-12-17,40,764.0,0.3780821917808219,20,2022
2022-12-17,41,686.0,0.3780821917808219,20,2022
2022-12-17,42,1045.0,0.3780821917808219,20,2022
2022-12-17,72,61.0,0.3780821917808219,20,2022
2022-12-17,44,41.0,0.3780821917808219,20,2022
2022-12-17,45,149.0,0.3780821917808219,20,2022
2022-12-17,46,97.0,0.3780821917808219,20,2022
2022-12-17,47,258.0,0.3780821917808219,20,2022
2022-12-17,48,1533.0,0.3780821917808219,20,2022
2022-12-17,US,21568.0,0.3780821917808219,20,2022
2022-12-17,49,41.0,0.3780821917808219,20,2022
2022-12-17,51,286.0,0.3780821917808219,20,2022
2022-12-17,50,56.0,0.3780821917808219,20,2022
2022-12-17,53,740.0,0.3780821917808219,20,2022
2022-12-17,55,483.0,0.3780821917808219,20,2022
2022-12-17,54,199.0,0.3780821917808219,20,2022
2022-12-17,56,39.0,0.3780821917808219,20,2022
2022-12-10,02,73.0,0.3589041095890411,19,2022
2022-12-10,01,256.0,0.3589041095890411,19,2022
2022-12-10,05,346.0,0.3589041095890411,19,2022
2022-12-10,04,779.0,0.3589041095890411,19,2022
2022-12-10,06,2435.0,0.3589041095890411,19,2022
2022-12-10,08,235.0,0.3589041095890411,19,2022
2022-12-10,09,394.0,0.3589041095890411,19,2022
2022-12-10,11,40.0,0.3589041095890411,19,2022
2022-12-10,10,30.0,0.3589041095890411,19,2022
2022-12-10,12,789.0,0.3589041095890411,19,2022
2022-12-10,13,209.0,0.3589041095890411,19,2022
2022-12-10,15,13.0,0.3589041095890411,19,2022
2022-12-10,19,231.0,0.3589041095890411,19,2022
2022-12-10,16,185.0,0.3589041095890411,19,2022
2022-12-10,17,956.0,0.3589041095890411,19,2022
2022-12-10,18,843.0,0.3589041095890411,19,2022
2022-12-10,20,255.0,0.3589041095890411,19,2022
2022-12-10,21,673.0,0.3589041095890411,19,2022
2022-12-10,22,382.0,0.3589041095890411,19,2022
2022-12-10,25,544.0,0.3589041095890411,19,2022
2022-12-10,24,325.0,0.3589041095890411,19,2022
2022-12-10,23,117.0,0.3589041095890411,19,2022
2022-12-10,26,591.0,0.3589041095890411,19,2022
2022-12-10,27,345.0,0.3589041095890411,19,2022
2022-12-10,29,828.0,0.3589041095890411,19,2022
2022-12-10,28,179.0,0.3589041095890411,19,2022
2022-12-10,30,100.0,0.3589041095890411,19,2022
2022-12-10,37,395.0,0.3589041095890411,19,2022
2022-12-10,38,34.0,0.3589041095890411,19,2022
2022-12-10,31,122.0,0.3589041095890411,19,2022
2022-12-10,33,65.0,0.3589041095890411,19,2022
2022-12-10,34,756.0,0.3589041095890411,19,2022
2022-12-10,35,407.0,0.3589041095890411,19,2022
2022-12-10,32,445.0,0.3589041095890411,19,2022
2022-12-10,36,1469.0,0.3589041095890411,19,2022
2022-12-10,39,957.0,0.3589041095890411,19,2022
2022-12-10,40,807.0,0.3589041095890411,19,2022
2022-12-10,41,650.0,0.3589041095890411,19,2022
2022-12-10,42,1186.0,0.3589041095890411,19,2022
2022-12-10,72,73.0,0.3589041095890411,19,2022
2022-12-10,44,54.0,0.3589041095890411,19,2022
2022-12-10,45,160.0,0.3589041095890411,19,2022
2022-12-10,46,84.0,0.3589041095890411,19,2022
2022-12-10,47,486.0,0.3589041095890411,19,2022
2022-12-10,48,1775.0,0.3589041095890411,19,2022
2022-12-10,US,24001.0,0.3589041095890411,19,2022
2022-12-10,49,60.0,0.3589041095890411,19,2022
2022-12-10,51,368.0,0.3589041095890411,19,2022
2022-12-10,50,45.0,0.3589041095890411,19,2022
2022-12-10,53,681.0,0.3589041095890411,19,2022
2022-12-10,55,479.0,0.3589041095890411,19,2022
2022-12-10,54,246.0,0.3589041095890411,19,2022
2022-12-10,56,41.0,0.3589041095890411,19,2022
2022-12-03,02,53.0,0.33972602739726027,18,2022
2022-12-03,01,417.0,0.33972602739726027,18,2022
2022-12-03,05,466.0,0.33972602739726027,18,2022
2022-12-03,04,799.0,0.33972602739726027,18,2022
2022-12-03,06,3159.0,0.33972602739726027,18,2022
2022-12-03,08,163.0,0.33972602739726027,18,2022
2022-12-03,09,426.0,0.33972602739726027,18,2022
2022-12-03,11,65.0,0.33972602739726027,18,2022
2022-12-03,10,86.0,0.33972602739726027,18,2022
2022-12-03,12,921.0,0.33972602739726027,18,2022
2022-12-03,13,342.0,0.33972602739726027,18,2022
2022-12-03,15,9.0,0.33972602739726027,18,2022
2022-12-03,19,208.0,0.33972602739726027,18,2022
2022-12-03,16,183.0,0.33972602739726027,18,2022
2022-12-03,17,1102.0,0.33972602739726027,18,2022
2022-12-03,18,831.0,0.33972602739726027,18,2022
2022-12-03,20,301.0,0.33972602739726027,18,2022
2022-12-03,21,849.0,0.33972602739726027,18,2022
2022-12-03,22,452.0,0.33972602739726027,18,2022
2022-12-03,25,451.0,0.33972602739726027,18,2022
2022-12-03,24,411.0,0.33972602739726027,18,2022
2022-12-03,23,100.0,0.33972602739726027,18,2022
2022-12-03,26,459.0,0.33972602739726027,18,2022
2022-12-03,27,443.0,0.33972602739726027,18,2022
2022-12-03,29,849.0,0.33972602739726027,18,2022
2022-12-03,28,268.0,0.33972602739726027,18,2022
2022-12-03,30,65.0,0.33972602739726027,18,2022
2022-12-03,37,638.0,0.33972602739726027,18,2022
2022-12-03,38,49.0,0.33972602739726027,18,2022
2022-12-03,31,104.0,0.33972602739726027,18,2022
2022-12-03,33,29.0,0.33972602739726027,18,2022
2022-12-03,34,995.0,0.33972602739726027,18,2022
2022-12-03,35,345.0,0.33972602739726027,18,2022
2022-12-03,32,478.0,0.33972602739726027,18,2022
2022-12-03,36,1308.0,0.33972602739726027,18,2022
2022-12-03,39,954.0,0.33972602739726027,18,2022
2022-12-03,40,771.0,0.33972602739726027,18,2022
2022-12-03,41,542.0,0.33972602739726027,18,2022
2022-12-03,42,1299.0,0.33972602739726027,18,2022
2022-12-03,72,77.0,0.33972602739726027,18,2022
2022-12-03,44,22.0,0.33972602739726027,18,2022
2022-12-03,45,245.0,0.33972602739726027,18,2022
2022-12-03,46,73.0,0.33972602739726027,18,2022
2022-12-03,47,687.0,0.33972602739726027,18,2022
2022-12-03,48,2179.0,0.33972602739726027,18,2022
2022-12-03,US,26812.0,0.33972602739726027,18,2022
2022-12-03,49,34.0,0.33972602739726027,18,2022
2022-12-03,51,495.0,0.33972602739726027,18,2022
2022-12-03,50,31.0,0.33972602739726027,18,2022
2022-12-03,53,732.0,0.33972602739726027,18,2022
2022-12-03,55,459.0,0.33972602739726027,18,2022
2022-12-03,54,318.0,0.33972602739726027,18,2022
2022-12-03,56,69.0,0.33972602739726027,18,2022
2022-11-26,02,65.0,0.32054794520547947,17,2022
2022-11-26,01,268.0,0.32054794520547947,17,2022
2022-11-26,05,407.0,0.32054794520547947,17,2022
2022-11-26,04,570.0,0.32054794520547947,17,2022
2022-11-26,06,2631.0,0.32054794520547947,17,2022
2022-11-26,08,157.0,0.32054794520547947,17,2022
2022-11-26,09,183.0,0.32054794520547947,17,2022
2022-11-26,11,57.0,0.32054794520547947,17,2022
2022-11-26,10,39.0,0.32054794520547947,17,2022
2022-11-26,12,743.0,0.32054794520547947,17,2022
2022-11-26,13,258.0,0.32054794520547947,17,2022
2022-11-26,15,12.0,0.32054794520547947,17,2022
2022-11-26,19,104.0,0.32054794520547947,17,2022
2022-11-26,16,141.0,0.32054794520547947,17,2022
2022-11-26,17,801.0,0.32054794520547947,17,2022
2022-11-26,18,457.0,0.32054794520547947,17,2022
2022-11-26,20,153.0,0.32054794520547947,17,2022
2022-11-26,21,521.0,0.32054794520547947,17,2022
2022-11-26,22,330.0,0.32054794520547947,17,2022
2022-11-26,25,175.0,0.32054794520547947,17,2022
2022-11-26,24,308.0,0.32054794520547947,17,2022
2022-11-26,23,33.0,0.32054794520547947,17,2022
2022-11-26,26,290.0,0.32054794520547947,17,2022
2022-11-26,27,382.0,0.32054794520547947,17,2022
2022-11-26,29,488.0,0.32054794520547947,17,2022
2022-11-26,28,272.0,0.32054794520547947,17,2022
2022-11-26,30,44.0,0.32054794520547947,17,2022
2022-11-26,37,430.0,0.32054794520547947,17,2022
2022-11-26,38,22.0,0.32054794520547947,17,2022
2022-11-26,31,60.0,0.32054794520547947,17,2022
2022-11-26,33,9.0,0.32054794520547947,17,2022
2022-11-26,34,513.0,0.32054794520547947,17,2022
2022-11-26,35,169.0,0.32054794520547947,17,2022
2022-11-26,32,265.0,0.32054794520547947,17,2022
2022-11-26,36,765.0,0.32054794520547947,17,2022
2022-11-26,39,560.0,0.32054794520547947,17,2022
2022-11-26,40,341.0,0.32054794520547947,17,2022
2022-11-26,41,376.0,0.32054794520547947,17,2022
2022-11-26,42,700.0,0.32054794520547947,17,2022
2022-11-26,72,73.0,0.32054794520547947,17,2022
2022-11-26,44,14.0,0.32054794520547947,17,2022
2022-11-26,45,215.0,0.32054794520547947,17,2022
2022-11-26,46,58.0,0.32054794520547947,17,2022
2022-11-26,47,471.0,0.32054794520547947,17,2022
2022-11-26,48,1796.0,0.32054794520547947,17,2022
2022-11-26,US,18145.0,0.32054794520547947,17,2022
2022-11-26,49,29.0,0.32054794520547947,17,2022
2022-11-26,51,380.0,0.32054794520547947,17,2022
2022-11-26,50,13.0,0.32054794520547947,17,2022
2022-11-26,53,536.0,0.32054794520547947,17,2022
2022-11-26,55,235.0,0.32054794520547947,17,2022
2022-11-26,54,189.0,0.32054794520547947,17,2022
2022-11-26,56,37.0,0.32054794520547947,17,2022
2022-11-19,02,36.0,0.3013698630136986,16,2022
2022-11-19,01,262.0,0.3013698630136986,16,2022
2022-11-19,05,214.0,0.3013698630136986,16,2022
2022-11-19,04,308.0,0.3013698630136986,16,2022
2022-11-19,06,1499.0,0.3013698630136986,16,2022
2022-11-19,08,107.0,0.3013698630136986,16,2022
2022-11-19,09,103.0,0.3013698630136986,16,2022
2022-11-19,11,35.0,0.3013698630136986,16,2022
2022-11-19,10,53.0,0.3013698630136986,16,2022
2022-11-19,12,517.0,0.3013698630136986,16,2022
2022-11-19,13,236.0,0.3013698630136986,16,2022
2022-11-19,15,15.0,0.3013698630136986,16,2022
2022-11-19,19,37.0,0.3013698630136986,16,2022
2022-11-19,16,56.0,0.3013698630136986,16,2022
2022-11-19,17,386.0,0.3013698630136986,16,2022
2022-11-19,18,235.0,0.3013698630136986,16,2022
2022-11-19,20,64.0,0.3013698630136986,16,2022
2022-11-19,21,291.0,0.3013698630136986,16,2022
2022-11-19,22,237.0,0.3013698630136986,16,2022
2022-11-19,25,73.0,0.3013698630136986,16,2022
2022-11-19,24,210.0,0.3013698630136986,16,2022
2022-11-19,23,14.0,0.3013698630136986,16,2022
2022-11-19,26,165.0,0.3013698630136986,16,2022
2022-11-19,27,243.0,0.3013698630136986,16,2022
2022-11-19,29,222.0,0.3013698630136986,16,2022
2022-11-19,28,250.0,0.3013698630136986,16,2022
2022-11-19,30,13.0,0.3013698630136986,16,2022
2022-11-19,37,369.0,0.3013698630136986,16,2022
2022-11-19,38,13.0,0.3013698630136986,16,2022
2022-11-19,31,31.0,0.3013698630136986,16,2022
2022-11-19,33,9.0,0.3013698630136986,16,2022
2022-11-19,34,320.0,0.3013698630136986,16,2022
2022-11-19,35,162.0,0.3013698630136986,16,2022
2022-11-19,32,162.0,0.3013698630136986,16,2022
2022-11-19,36,466.0,0.3013698630136986,16,2022
2022-11-19,39,311.0,0.3013698630136986,16,2022
2022-11-19,40,149.0,0.3013698630136986,16,2022
2022-11-19,41,113.0,0.3013698630136986,16,2022
2022-11-19,42,404.0,0.3013698630136986,16,2022
2022-11-19,72,65.0,0.3013698630136986,16,2022
2022-11-19,44,3.0,0.3013698630136986,16,2022
2022-11-19,45,228.0,0.3013698630136986,16,2022
2022-11-19,46,24.0,0.3013698630136986,16,2022
2022-11-19,47,285.0,0.3013698630136986,16,2022
2022-11-19,48,1168.0,0.3013698630136986,16,2022
2022-11-19,US,10935.0,0.3013698630136986,16,2022
2022-11-19,49,8.0,0.3013698630136986,16,2022
2022-11-19,51,262.0,0.3013698630136986,16,2022
2022-11-19,50,2.0,0.3013698630136986,16,2022
2022-11-19,53,239.0,0.3013698630136986,16,2022
2022-11-19,55,88.0,0.3013698630136986,16,2022
2022-11-19,54,136.0,0.3013698630136986,16,2022
2022-11-19,56,36.0,0.3013698630136986,16,2022
2022-11-12,02,14.0,0.2821917808219178,15,2022
2022-11-12,01,353.0,0.2821917808219178,15,2022
2022-11-12,05,203.0,0.2821917808219178,15,2022
2022-11-12,04,134.0,0.2821917808219178,15,2022
2022-11-12,06,858.0,0.2821917808219178,15,2022
2022-11-12,08,58.0,0.2821917808219178,15,2022
2022-11-12,09,52.0,0.2821917808219178,15,2022
2022-11-12,11,44.0,0.2821917808219178,15,2022
2022-11-12,10,13.0,0.2821917808219178,15,2022
2022-11-12,12,453.0,0.2821917808219178,15,2022
2022-11-12,13,263.0,0.2821917808219178,15,2022
2022-11-12,15,21.0,0.2821917808219178,15,2022
2022-11-12,19,20.0,0.2821917808219178,15,2022
2022-11-12,16,11.0,0.2821917808219178,15,2022
2022-11-12,17,256.0,0.2821917808219178,15,2022
2022-11-12,18,136.0,0.2821917808219178,15,2022
2022-11-12,20,44.0,0.2821917808219178,15,2022
2022-11-12,21,223.0,0.2821917808219178,15,2022
2022-11-12,22,227.0,0.2821917808219178,15,2022
2022-11-12,25,41.0,0.2821917808219178,15,2022
2022-11-12,24,214.0,0.2821917808219178,15,2022
2022-11-12,23,8.0,0.2821917808219178,15,2022
2022-11-12,26,88.0,0.2821917808219178,15,2022
2022-11-12,27,165.0,0.2821917808219178,15,2022
2022-11-12,29,105.0,0.2821917808219178,15,2022
2022-11-12,28,244.0,0.2821917808219178,15,2022
2022-11-12,30,11.0,0.2821917808219178,15,2022
2022-11-12,37,351.0,0.2821917808219178,15,2022
2022-11-12,38,10.0,0.2821917808219178,15,2022
2022-11-12,31,24.0,0.2821917808219178,15,2022
2022-11-12,33,3.0,0.2821917808219178,15,2022
2022-11-12,34,295.0,0.2821917808219178,15,2022
2022-11-12,35,146.0,0.2821917808219178,15,2022
2022-11-12,32,92.0,0.2821917808219178,15,2022
2022-11-12,36,268.0,0.2821917808219178,15,2022
2022-11-12,39,257.0,0.2821917808219178,15,2022
2022-11-12,40,74.0,0.2821917808219178,15,2022
2022-11-12,41,51.0,0.2821917808219178,15,2022
2022-11-12,42,345.0,0.2821917808219178,15,2022
2022-11-12,72,88.0,0.2821917808219178,15,2022
2022-11-12,44,6.0,0.2821917808219178,15,2022
2022-11-12,45,256.0,0.2821917808219178,15,2022
2022-11-12,46,13.0,0.2821917808219178,15,2022
2022-11-12,47,311.0,0.2821917808219178,15,2022
2022-11-12,48,1106.0,0.2821917808219178,15,2022
2022-11-12,US,8579.0,0.2821917808219178,15,2022
2022-11-12,49,12.0,0.2821917808219178,15,2022
2022-11-12,51,339.0,0.2821917808219178,15,2022
2022-11-12,50,1.0,0.2821917808219178,15,2022
2022-11-12,53,89.0,0.2821917808219178,15,2022
2022-11-12,55,45.0,0.2821917808219178,15,2022
2022-11-12,54,127.0,0.2821917808219178,15,2022
2022-11-12,56,10.0,0.2821917808219178,15,2022
2022-11-05,02,15.0,0.26301369863013696,14,2022
2022-11-05,01,402.0,0.26301369863013696,14,2022
2022-11-05,05,134.0,0.26301369863013696,14,2022
2022-11-05,04,79.0,0.26301369863013696,14,2022
2022-11-05,06,416.0,0.26301369863013696,14,2022
2022-11-05,08,35.0,0.26301369863013696,14,2022
2022-11-05,09,38.0,0.26301369863013696,14,2022
2022-11-05,11,33.0,0.26301369863013696,14,2022
2022-11-05,10,10.0,0.26301369863013696,14,2022
2022-11-05,12,290.0,0.26301369863013696,14,2022
2022-11-05,13,250.0,0.26301369863013696,14,2022
2022-11-05,15,7.0,0.26301369863013696,14,2022
2022-11-05,19,16.0,0.26301369863013696,14,2022
2022-11-05,16,16.0,0.26301369863013696,14,2022
2022-11-05,17,155.0,0.26301369863013696,14,2022
2022-11-05,18,141.0,0.26301369863013696,14,2022
2022-11-05,20,34.0,0.26301369863013696,14,2022
2022-11-05,21,124.0,0.26301369863013696,14,2022
2022-11-05,22,221.0,0.26301369863013696,14,2022
2022-11-05,25,30.0,0.26301369863013696,14,2022
2022-11-05,24,156.0,0.26301369863013696,14,2022
2022-11-05,23,3.0,0.26301369863013696,14,2022
2022-11-05,26,55.0,0.26301369863013696,14,2022
2022-11-05,27,83.0,0.26301369863013696,14,2022
2022-11-05,29,66.0,0.26301369863013696,14,2022
2022-11-05,28,260.0,0.26301369863013696,14,2022
2022-11-05,30,6.0,0.26301369863013696,14,2022
2022-11-05,37,283.0,0.26301369863013696,14,2022
2022-11-05,38,6.0,0.26301369863013696,14,2022
2022-11-05,31,31.0,0.26301369863013696,14,2022
2022-11-05,33,3.0,0.26301369863013696,14,2022
2022-11-05,34,166.0,0.26301369863013696,14,2022
2022-11-05,35,87.0,0.26301369863013696,14,2022
2022-11-05,32,35.0,0.26301369863013696,14,2022
2022-11-05,36,189.0,0.26301369863013696,14,2022
2022-11-05,39,196.0,0.26301369863013696,14,2022
2022-11-05,40,47.0,0.26301369863013696,14,2022
2022-11-05,41,32.0,0.26301369863013696,14,2022
2022-11-05,42,228.0,0.26301369863013696,14,2022
2022-11-05,72,90.0,0.26301369863013696,14,2022
2022-11-05,44,3.0,0.26301369863013696,14,2022
2022-11-05,45,248.0,0.26301369863013696,14,2022
2022-11-05,46,9.0,0.26301369863013696,14,2022
2022-11-05,47,231.0,0.26301369863013696,14,2022
2022-11-05,48,953.0,0.26301369863013696,14,2022
2022-11-05,US,6400.0,0.26301369863013696,14,2022
2022-11-05,49,6.0,0.26301369863013696,14,2022
2022-11-05,51,307.0,0.26301369863013696,14,2022
2022-11-05,50,0.0,0.26301369863013696,14,2022
2022-11-05,53,43.0,0.26301369863013696,14,2022
2022-11-05,55,33.0,0.26301369863013696,14,2022
2022-11-05,54,89.0,0.26301369863013696,14,2022
2022-11-05,56,7.0,0.26301369863013696,14,2022
2022-10-29,02,11.0,0.24383561643835616,13,2022
2022-10-29,01,271.0,0.24383561643835616,13,2022
2022-10-29,05,77.0,0.24383561643835616,13,2022
2022-10-29,04,26.0,0.24383561643835616,13,2022
2022-10-29,06,199.0,0.24383561643835616,13,2022
2022-10-29,08,27.0,0.24383561643835616,13,2022
2022-10-29,09,36.0,0.24383561643835616,13,2022
2022-10-29,11,11.0,0.24383561643835616,13,2022
2022-10-29,10,4.0,0.24383561643835616,13,2022
2022-10-29,12,241.0,0.24383561643835616,13,2022
2022-10-29,13,216.0,0.24383561643835616,13,2022
2022-10-29,15,7.0,0.24383561643835616,13,2022
2022-10-29,19,15.0,0.24383561643835616,13,2022
2022-10-29,16,1.0,0.24383561643835616,13,2022
2022-10-29,17,106.0,0.24383561643835616,13,2022
2022-10-29,18,103.0,0.24383561643835616,13,2022
2022-10-29,20,19.0,0.24383561643835616,13,2022
2022-10-29,21,66.0,0.24383561643835616,13,2022
2022-10-29,22,235.0,0.24383561643835616,13,2022
2022-10-29,25,15.0,0.24383561643835616,13,2022
2022-10-29,24,105.0,0.24383561643835616,13,2022
2022-10-29,23,3.0,0.24383561643835616,13,2022
2022-10-29,26,48.0,0.24383561643835616,13,2022
2022-10-29,27,37.0,0.24383561643835616,13,2022
2022-10-29,29,49.0,0.24383561643835616,13,2022
2022-10-29,28,148.0,0.24383561643835616,13,2022
2022-10-29,30,3.0,0.24383561643835616,13,2022
2022-10-29,37,185.0,0.24383561643835616,13,2022
2022-10-29,38,2.0,0.24383561643835616,13,2022
2022-10-29,31,12.0,0.24383561643835616,13,2022
2022-10-29,33,0.0,0.24383561643835616,13,2022
2022-10-29,34,67.0,0.24383561643835616,13,2022
2022-10-29,35,53.0,0.24383561643835616,13,2022
2022-10-29,32,12.0,0.24383561643835616,13,2022
2022-10-29,36,105.0,0.24383561643835616,13,2022
2022-10-29,39,105.0,0.24383561643835616,13,2022
2022-10-29,40,57.0,0.24383561643835616,13,2022
2022-10-29,41,5.0,0.24383561643835616,13,2022
2022-10-29,42,166.0,0.24383561643835616,13,2022
2022-10-29,72,52.0,0.24383561643835616,13,2022
2022-10-29,44,0.0,0.24383561643835616,13,2022
2022-10-29,45,156.0,0.24383561643835616,13,2022
2022-10-29,46,9.0,0.24383561643835616,13,2022
2022-10-29,47,122.0,0.24383561643835616,13,2022
2022-10-29,48,699.0,0.24383561643835616,13,2022
2022-10-29,US,4180.0,0.24383561643835616,13,2022
2022-10-29,49,12.0,0.24383561643835616,13,2022
2022-10-29,51,172.0,0.24383561643835616,13,2022
2022-10-29,50,1.0,0.24383561643835616,13,2022
2022-10-29,53,33.0,0.24383561643835616,13,2022
2022-10-29,55,15.0,0.24383561643835616,13,2022
2022-10-29,54,56.0,0.24383561643835616,13,2022
2022-10-29,56,4.0,0.24383561643835616,13,2022
2022-10-22,02,1.0,0.22465753424657534,12,2022
2022-10-22,01,141.0,0.22465753424657534,12,2022
2022-10-22,05,47.0,0.22465753424657534,12,2022
2022-10-22,04,24.0,0.22465753424657534,12,2022
2022-10-22,06,121.0,0.22465753424657534,12,2022
2022-10-22,08,14.0,0.22465753424657534,12,2022
2022-10-22,09,11.0,0.22465753424657534,12,2022
2022-10-22,11,5.0,0.22465753424657534,12,2022
2022-10-22,10,1.0,0.22465753424657534,12,2022
2022-10-22,12,124.0,0.22465753424657534,12,2022
2022-10-22,13,137.0,0.22465753424657534,12,2022
2022-10-22,15,3.0,0.22465753424657534,12,2022
2022-10-22,19,9.0,0.22465753424657534,12,2022
2022-10-22,16,1.0,0.22465753424657534,12,2022
2022-10-22,17,39.0,0.22465753424657534,12,2022
2022-10-22,18,69.0,0.22465753424657534,12,2022
2022-10-22,20,16.0,0.22465753424657534,12,2022
2022-10-22,21,13.0,0.22465753424657534,12,2022
2022-10-22,22,129.0,0.22465753424657534,12,2022
2022-10-22,25,9.0,0.22465753424657534,12,2022
2022-10-22,24,43.0,0.22465753424657534,12,2022
2022-10-22,23,0.0,0.22465753424657534,12,2022
2022-10-22,26,12.0,0.22465753424657534,12,2022
2022-10-22,27,14.0,0.22465753424657534,12,2022
2022-10-22,29,23.0,0.22465753424657534,12,2022
2022-10-22,28,88.0,0.22465753424657534,12,2022
2022-10-22,30,0.0,0.22465753424657534,12,2022
2022-10-22,37,71.0,0.22465753424657534,12,2022
2022-10-22,38,2.0,0.22465753424657534,12,2022
2022-10-22,31,12.0,0.22465753424657534,12,2022
2022-10-22,33,1.0,0.22465753424657534,12,2022
2022-10-22,34,35.0,0.22465753424657534,12,2022
2022-10-22,35,26.0,0.22465753424657534,12,2022
2022-10-22,32,15.0,0.22465753424657534,12,2022
2022-10-22,36,41.0,0.22465753424657534,12,2022
2022-10-22,39,33.0,0.22465753424657534,12,2022
2022-10-22,40,30.0,0.22465753424657534,12,2022
2022-10-22,41,6.0,0.22465753424657534,12,2022
2022-10-22,42,91.0,0.22465753424657534,12,2022
2022-10-22,72,49.0,0.22465753424657534,12,2022
2022-10-22,44,2.0,0.22465753424657534,12,2022
2022-10-22,45,70.0,0.22465753424657534,12,2022
2022-10-22,46,13.0,0.22465753424657534,12,2022
2022-10-22,47,87.0,0.22465753424657534,12,2022
2022-10-22,48,460.0,0.22465753424657534,12,2022
2022-10-22,US,2271.0,0.22465753424657534,12,2022
2022-10-22,49,6.0,0.22465753424657534,12,2022
2022-10-22,51,77.0,0.22465753424657534,12,2022
2022-10-22,50,0.0,0.22465753424657534,12,2022
2022-10-22,53,21.0,0.22465753424657534,12,2022
2022-10-22,55,11.0,0.22465753424657534,12,2022
2022-10-22,54,15.0,0.22465753424657534,12,2022
2022-10-22,56,2.0,0.22465753424657534,12,2022
2022-10-15,02,5.0,0.2054794520547945,11,2022
2022-10-15,01,87.0,0.2054794520547945,11,2022
2022-10-15,05,37.0,0.2054794520547945,11,2022
2022-10-15,04,11.0,0.2054794520547945,11,2022
2022-10-15,06,87.0,0.2054794520547945,11,2022
2022-10-15,08,3.0,0.2054794520547945,11,2022
2022-10-15,09,6.0,0.2054794520547945,11,2022
2022-10-15,11,2.0,0.2054794520547945,11,2022
2022-10-15,10,0.0,0.2054794520547945,11,2022
2022-10-15,12,101.0,0.2054794520547945,11,2022
2022-10-15,13,144.0,0.2054794520547945,11,2022
2022-10-15,15,6.0,0.2054794520547945,11,2022
2022-10-15,19,7.0,0.2054794520547945,11,2022
2022-10-15,16,1.0,0.2054794520547945,11,2022
2022-10-15,17,28.0,0.2054794520547945,11,2022
2022-10-15,18,54.0,0.2054794520547945,11,2022
2022-10-15,20,4.0,0.2054794520547945,11,2022
2022-10-15,21,23.0,0.2054794520547945,11,2022
2022-10-15,22,98.0,0.2054794520547945,11,2022
2022-10-15,25,7.0,0.2054794520547945,11,2022
2022-10-15,24,27.0,0.2054794520547945,11,2022
2022-10-15,23,0.0,0.2054794520547945,11,2022
2022-10-15,26,15.0,0.2054794520547945,11,2022
2022-10-15,27,3.0,0.2054794520547945,11,2022
2022-10-15,29,10.0,0.2054794520547945,11,2022
2022-10-15,28,67.0,0.2054794520547945,11,2022
2022-10-15,30,0.0,0.2054794520547945,11,2022
2022-10-15,37,34.0,0.2054794520547945,11,2022
2022-10-15,38,1.0,0.2054794520547945,11,2022
2022-10-15,31,11.0,0.2054794520547945,11,2022
2022-10-15,33,0.0,0.2054794520547945,11,2022
2022-10-15,34,32.0,0.2054794520547945,11,2022
2022-10-15,35,23.0,0.2054794520547945,11,2022
2022-10-15,32,15.0,0.2054794520547945,11,2022
2022-10-15,36,48.0,0.2054794520547945,11,2022
2022-10-15,39,32.0,0.2054794520547945,11,2022
2022-10-15,40,14.0,0.2054794520547945,11,2022
2022-10-15,41,3.0,0.2054794520547945,11,2022
2022-10-15,42,77.0,0.2054794520547945,11,2022
2022-10-15,72,43.0,0.2054794520547945,11,2022
2022-10-15,44,0.0,0.2054794520547945,11,2022
2022-10-15,45,42.0,0.2054794520547945,11,2022
2022-10-15,46,12.0,0.2054794520547945,11,2022
2022-10-15,47,59.0,0.2054794520547945,11,2022
2022-10-15,48,305.0,0.2054794520547945,11,2022
2022-10-15,US,1670.0,0.2054794520547945,11,2022
2022-10-15,49,3.0,0.2054794520547945,11,2022
2022-10-15,51,53.0,0.2054794520547945,11,2022
2022-10-15,50,0.0,0.2054794520547945,11,2022
2022-10-15,53,13.0,0.2054794520547945,11,2022
2022-10-15,55,2.0,0.2054794520547945,11,2022
2022-10-15,54,11.0,0.2054794520547945,11,2022
2022-10-15,56,2.0,0.2054794520547945,11,2022
2022-10-08,02,0.0,0.1863013698630137,10,2022
2022-10-08,01,42.0,0.1863013698630137,10,2022
2022-10-08,05,22.0,0.1863013698630137,10,2022
2022-10-08,04,13.0,0.1863013698630137,10,2022
2022-10-08,06,92.0,0.1863013698630137,10,2022
2022-10-08,08,2.0,0.1863013698630137,10,2022
2022-10-08,09,2.0,0.1863013698630137,10,2022
2022-10-08,11,1.0,0.1863013698630137,10,2022
2022-10-08,10,0.0,0.1863013698630137,10,2022
2022-10-08,12,113.0,0.1863013698630137,10,2022
2022-10-08,13,109.0,0.1863013698630137,10,2022
2022-10-08,15,5.0,0.1863013698630137,10,2022
2022-10-08,19,6.0,0.1863013698630137,10,2022
2022-10-08,16,1.0,0.1863013698630137,10,2022
2022-10-08,17,12.0,0.1863013698630137,10,2022
2022-10-08,18,46.0,0.1863013698630137,10,2022
2022-10-08,20,7.0,0.1863013698630137,10,2022
2022-10-08,21,7.0,0.1863013698630137,10,2022
2022-10-08,22,67.0,0.1863013698630137,10,2022
2022-10-08,25,6.0,0.1863013698630137,10,2022
2022-10-08,24,17.0,0.1863013698630137,10,2022
2022-10-08,23,1.0,0.1863013698630137,10,2022
2022-10-08,26,12.0,0.1863013698630137,10,2022
2022-10-08,27,12.0,0.1863013698630137,10,2022
2022-10-08,29,6.0,0.1863013698630137,10,2022
2022-10-08,28,60.0,0.1863013698630137,10,2022
2022-10-08,30,0.0,0.1863013698630137,10,2022
2022-10-08,37,20.0,0.1863013698630137,10,2022
2022-10-08,38,0.0,0.1863013698630137,10,2022
2022-10-08,31,20.0,0.1863013698630137,10,2022
2022-10-08,33,0.0,0.1863013698630137,10,2022
2022-10-08,34,24.0,0.1863013698630137,10,2022
2022-10-08,35,25.0,0.1863013698630137,10,2022
2022-10-08,32,35.0,0.1863013698630137,10,2022
2022-10-08,36,38.0,0.1863013698630137,10,2022
2022-10-08,39,17.0,0.1863013698630137,10,2022
2022-10-08,40,6.0,0.1863013698630137,10,2022
2022-10-08,41,0.0,0.1863013698630137,10,2022
2022-10-08,42,58.0,0.1863013698630137,10,2022
2022-10-08,72,33.0,0.1863013698630137,10,2022
2022-10-08,44,1.0,0.1863013698630137,10,2022
2022-10-08,45,33.0,0.1863013698630137,10,2022
2022-10-08,46,10.0,0.1863013698630137,10,2022
2022-10-08,47,39.0,0.1863013698630137,10,2022
2022-10-08,48,213.0,0.1863013698630137,10,2022
2022-10-08,US,1306.0,0.1863013698630137,10,2022
2022-10-08,49,0.0,0.1863013698630137,10,2022
2022-10-08,51,48.0,0.1863013698630137,10,2022
2022-10-08,50,1.0,0.1863013698630137,10,2022
2022-10-08,53,15.0,0.1863013698630137,10,2022
2022-10-08,55,1.0,0.1863013698630137,10,2022
2022-10-08,54,5.0,0.1863013698630137,10,2022
2022-10-08,56,1.0,0.1863013698630137,10,2022
2022-10-01,02,2.0,0.16712328767123288,9,2022
2022-10-01,01,28.0,0.16712328767123288,9,2022
2022-10-01,05,10.0,0.16712328767123288,9,2022
2022-10-01,04,10.0,0.16712328767123288,9,2022
2022-10-01,06,68.0,0.16712328767123288,9,2022
2022-10-01,08,3.0,0.16712328767123288,9,2022
2022-10-01,09,2.0,0.16712328767123288,9,2022
2022-10-01,11,0.0,0.16712328767123288,9,2022
2022-10-01,10,0.0,0.16712328767123288,9,2022
2022-10-01,12,78.0,0.16712328767123288,9,2022
2022-10-01,13,77.0,0.16712328767123288,9,2022
2022-10-01,15,4.0,0.16712328767123288,9,2022
2022-10-01,19,9.0,0.16712328767123288,9,2022
2022-10-01,16,3.0,0.16712328767123288,9,2022
2022-10-01,17,10.0,0.16712328767123288,9,2022
2022-10-01,18,38.0,0.16712328767123288,9,2022
2022-10-01,20,1.0,0.16712328767123288,9,2022
2022-10-01,21,4.0,0.16712328767123288,9,2022
2022-10-01,22,47.0,0.16712328767123288,9,2022
2022-10-01,25,4.0,0.16712328767123288,9,2022
2022-10-01,24,6.0,0.16712328767123288,9,2022
2022-10-01,23,0.0,0.16712328767123288,9,2022
2022-10-01,26,4.0,0.16712328767123288,9,2022
2022-10-01,27,2.0,0.16712328767123288,9,2022
2022-10-01,29,12.0,0.16712328767123288,9,2022
2022-10-01,28,29.0,0.16712328767123288,9,2022
2022-10-01,30,2.0,0.16712328767123288,9,2022
2022-10-01,37,21.0,0.16712328767123288,9,2022
2022-10-01,38,0.0,0.16712328767123288,9,2022
2022-10-01,31,18.0,0.16712328767123288,9,2022
2022-10-01,33,1.0,0.16712328767123288,9,2022
2022-10-01,34,21.0,0.16712328767123288,9,2022
2022-10-01,35,14.0,0.16712328767123288,9,2022
2022-10-01,32,15.0,0.16712328767123288,9,2022
2022-10-01,36,28.0,0.16712328767123288,9,2022
2022-10-01,39,15.0,0.16712328767123288,9,2022
2022-10-01,40,8.0,0.16712328767123288,9,2022
2022-10-01,41,1.0,0.16712328767123288,9,2022
2022-10-01,42,45.0,0.16712328767123288,9,2022
2022-10-01,72,45.0,0.16712328767123288,9,2022
2022-10-01,44,1.0,0.16712328767123288,9,2022
2022-10-01,45,18.0,0.16712328767123288,9,2022
2022-10-01,46,10.0,0.16712328767123288,9,2022
2022-10-01,47,38.0,0.16712328767123288,9,2022
2022-10-01,48,127.0,0.16712328767123288,9,2022
2022-10-01,US,921.0,0.16712328767123288,9,2022
2022-10-01,49,0.0,0.16712328767123288,9,2022
2022-10-01,51,29.0,0.16712328767123288,9,2022
2022-10-01,50,0.0,0.16712328767123288,9,2022
2022-10-01,53,11.0,0.16712328767123288,9,2022
2022-10-01,55,1.0,0.16712328767123288,9,2022
2022-10-01,54,1.0,0.16712328767123288,9,2022
2022-10-01,56,0.0,0.16712328767123288,9,2022
2022-09-24,02,0.0,0.14794520547945206,8,2022
2022-09-24,01,20.0,0.14794520547945206,8,2022
2022-09-24,05,7.0,0.14794520547945206,8,2022
2022-09-24,04,9.0,0.14794520547945206,8,2022
2022-09-24,06,35.0,0.14794520547945206,8,2022
2022-09-24,08,4.0,0.14794520547945206,8,2022
2022-09-24,09,3.0,0.14794520547945206,8,2022
2022-09-24,11,1.0,0.14794520547945206,8,2022
2022-09-24,10,0.0,0.14794520547945206,8,2022
2022-09-24,12,78.0,0.14794520547945206,8,2022
2022-09-24,13,55.0,0.14794520547945206,8,2022
2022-09-24,15,3.0,0.14794520547945206,8,2022
2022-09-24,19,2.0,0.14794520547945206,8,2022
2022-09-24,16,3.0,0.14794520547945206,8,2022
2022-09-24,17,15.0,0.14794520547945206,8,2022
2022-09-24,18,32.0,0.14794520547945206,8,2022
2022-09-24,20,1.0,0.14794520547945206,8,2022
2022-09-24,21,10.0,0.14794520547945206,8,2022
2022-09-24,22,18.0,0.14794520547945206,8,2022
2022-09-24,25,4.0,0.14794520547945206,8,2022
2022-09-24,24,3.0,0.14794520547945206,8,2022
2022-09-24,23,0.0,0.14794520547945206,8,2022
2022-09-24,26,7.0,0.14794520547945206,8,2022
2022-09-24,27,2.0,0.14794520547945206,8,2022
2022-09-24,29,8.0,0.14794520547945206,8,2022
2022-09-24,28,20.0,0.14794520547945206,8,2022
2022-09-24,30,0.0,0.14794520547945206,8,2022
2022-09-24,37,11.0,0.14794520547945206,8,2022
2022-09-24,38,1.0,0.14794520547945206,8,2022
2022-09-24,31,2.0,0.14794520547945206,8,2022
2022-09-24,33,1.0,0.14794520547945206,8,2022
2022-09-24,34,15.0,0.14794520547945206,8,2022
2022-09-24,35,6.0,0.14794520547945206,8,2022
2022-09-24,32,11.0,0.14794520547945206,8,2022
2022-09-24,36,21.0,0.14794520547945206,8,2022
2022-09-24,39,11.0,0.14794520547945206,8,2022
2022-09-24,40,6.0,0.14794520547945206,8,2022
2022-09-24,41,2.0,0.14794520547945206,8,2022
2022-09-24,42,34.0,0.14794520547945206,8,2022
2022-09-24,72,35.0,0.14794520547945206,8,2022
2022-09-24,44,0.0,0.14794520547945206,8,2022
2022-09-24,45,17.0,0.14794520547945206,8,2022
2022-09-24,46,7.0,0.14794520547945206,8,2022
2022-09-24,47,32.0,0.14794520547945206,8,2022
2022-09-24,48,215.0,0.14794520547945206,8,2022
2022-09-24,US,796.0,0.14794520547945206,8,2022
2022-09-24,49,1.0,0.14794520547945206,8,2022
2022-09-24,51,16.0,0.14794520547945206,8,2022
2022-09-24,50,0.0,0.14794520547945206,8,2022
2022-09-24,53,7.0,0.14794520547945206,8,2022
2022-09-24,55,4.0,0.14794520547945206,8,2022
2022-09-24,54,1.0,0.14794520547945206,8,2022
2022-09-24,56,0.0,0.14794520547945206,8,2022
2022-09-17,02,0.0,0.12876712328767123,7,2022
2022-09-17,01,22.0,0.12876712328767123,7,2022
2022-09-17,05,5.0,0.12876712328767123,7,2022
2022-09-17,04,7.0,0.12876712328767123,7,2022
2022-09-17,06,21.0,0.12876712328767123,7,2022
2022-09-17,08,3.0,0.12876712328767123,7,2022
2022-09-17,09,5.0,0.12876712328767123,7,2022
2022-09-17,11,0.0,0.12876712328767123,7,2022
2022-09-17,10,2.0,0.12876712328767123,7,2022
2022-09-17,12,79.0,0.12876712328767123,7,2022
2022-09-17,13,46.0,0.12876712328767123,7,2022
2022-09-17,15,2.0,0.12876712328767123,7,2022
2022-09-17,19,1.0,0.12876712328767123,7,2022
2022-09-17,16,0.0,0.12876712328767123,7,2022
2022-09-17,17,4.0,0.12876712328767123,7,2022
2022-09-17,18,26.0,0.12876712328767123,7,2022
2022-09-17,20,0.0,0.12876712328767123,7,2022
2022-09-17,21,5.0,0.12876712328767123,7,2022
2022-09-17,22,19.0,0.12876712328767123,7,2022
2022-09-17,25,3.0,0.12876712328767123,7,2022
2022-09-17,24,8.0,0.12876712328767123,7,2022
2022-09-17,23,0.0,0.12876712328767123,7,2022
2022-09-17,26,2.0,0.12876712328767123,7,2022
2022-09-17,27,0.0,0.12876712328767123,7,2022
2022-09-17,29,6.0,0.12876712328767123,7,2022
2022-09-17,28,36.0,0.12876712328767123,7,2022
2022-09-17,30,1.0,0.12876712328767123,7,2022
2022-09-17,37,17.0,0.12876712328767123,7,2022
2022-09-17,38,0.0,0.12876712328767123,7,2022
2022-09-17,31,9.0,0.12876712328767123,7,2022
2022-09-17,33,3.0,0.12876712328767123,7,2022
2022-09-17,34,10.0,0.12876712328767123,7,2022
2022-09-17,35,4.0,0.12876712328767123,7,2022
2022-09-17,32,8.0,0.12876712328767123,7,2022
2022-09-17,36,20.0,0.12876712328767123,7,2022
2022-09-17,39,7.0,0.12876712328767123,7,2022
2022-09-17,40,12.0,0.12876712328767123,7,2022
2022-09-17,41,0.0,0.12876712328767123,7,2022
2022-09-17,42,32.0,0.12876712328767123,7,2022
2022-09-17,72,39.0,0.12876712328767123,7,2022
2022-09-17,44,0.0,0.12876712328767123,7,2022
2022-09-17,45,9.0,0.12876712328767123,7,2022
2022-09-17,46,7.0,0.12876712328767123,7,2022
2022-09-17,47,17.0,0.12876712328767123,7,2022
2022-09-17,48,123.0,0.12876712328767123,7,2022
2022-09-17,US,665.0,0.12876712328767123,7,2022
2022-09-17,49,0.0,0.12876712328767123,7,2022
2022-09-17,51,27.0,0.12876712328767123,7,2022
2022-09-17,50,0.0,0.12876712328767123,7,2022
2022-09-17,53,16.0,0.12876712328767123,7,2022
2022-09-17,55,0.0,0.12876712328767123,7,2022
2022-09-17,54,1.0,0.12876712328767123,7,2022
2022-09-17,56,0.0,0.12876712328767123,7,2022
2022-09-10,02,5.0,0.1095890410958904,6,2022
2022-09-10,01,12.0,0.1095890410958904,6,2022
2022-09-10,05,6.0,0.1095890410958904,6,2022
2022-09-10,04,4.0,0.1095890410958904,6,2022
2022-09-10,06,36.0,0.1095890410958904,6,2022
2022-09-10,08,2.0,0.1095890410958904,6,2022
2022-09-10,09,3.0,0.1095890410958904,6,2022
2022-09-10,11,0.0,0.1095890410958904,6,2022
2022-09-10,10,0.0,0.1095890410958904,6,2022
2022-09-10,12,50.0,0.1095890410958904,6,2022
2022-09-10,13,43.0,0.1095890410958904,6,2022
2022-09-10,15,1.0,0.1095890410958904,6,2022
2022-09-10,19,0.0,0.1095890410958904,6,2022
2022-09-10,16,0.0,0.1095890410958904,6,2022
2022-09-10,17,5.0,0.1095890410958904,6,2022
2022-09-10,18,26.0,0.1095890410958904,6,2022
2022-09-10,20,1.0,0.1095890410958904,6,2022
2022-09-10,21,8.0,0.1095890410958904,6,2022
2022-09-10,22,16.0,0.1095890410958904,6,2022
2022-09-10,25,1.0,0.1095890410958904,6,2022
2022-09-10,24,3.0,0.1095890410958904,6,2022
2022-09-10,23,0.0,0.1095890410958904,6,2022
2022-09-10,26,9.0,0.1095890410958904,6,2022
2022-09-10,27,1.0,0.1095890410958904,6,2022
2022-09-10,29,4.0,0.1095890410958904,6,2022
2022-09-10,28,18.0,0.1095890410958904,6,2022
2022-09-10,30,0.0,0.1095890410958904,6,2022
2022-09-10,37,13.0,0.1095890410958904,6,2022
2022-09-10,38,0.0,0.1095890410958904,6,2022
2022-09-10,31,2.0,0.1095890410958904,6,2022
2022-09-10,33,0.0,0.1095890410958904,6,2022
2022-09-10,34,7.0,0.1095890410958904,6,2022
2022-09-10,35,11.0,0.1095890410958904,6,2022
2022-09-10,32,1.0,0.1095890410958904,6,2022
2022-09-10,36,15.0,0.1095890410958904,6,2022
2022-09-10,39,16.0,0.1095890410958904,6,2022
2022-09-10,40,11.0,0.1095890410958904,6,2022
2022-09-10,41,1.0,0.1095890410958904,6,2022
2022-09-10,42,37.0,0.1095890410958904,6,2022
2022-09-10,72,37.0,0.1095890410958904,6,2022
2022-09-10,44,0.0,0.1095890410958904,6,2022
2022-09-10,45,7.0,0.1095890410958904,6,2022
2022-09-10,46,7.0,0.1095890410958904,6,2022
2022-09-10,47,20.0,0.1095890410958904,6,2022
2022-09-10,48,105.0,0.1095890410958904,6,2022
2022-09-10,US,576.0,0.1095890410958904,6,2022
2022-09-10,49,1.0,0.1095890410958904,6,2022
2022-09-10,51,20.0,0.1095890410958904,6,2022
2022-09-10,50,0.0,0.1095890410958904,6,2022
2022-09-10,53,10.0,0.1095890410958904,6,2022
2022-09-10,55,0.0,0.1095890410958904,6,2022
2022-09-10,54,0.0,0.1095890410958904,6,2022
2022-09-10,56,0.0,0.1095890410958904,6,2022
2022-09-03,02,0.0,0.09041095890410959,5,2022
2022-09-03,01,13.0,0.09041095890410959,5,2022
2022-09-03,05,6.0,0.09041095890410959,5,2022
2022-09-03,04,14.0,0.09041095890410959,5,2022
2022-09-03,06,33.0,0.09041095890410959,5,2022
2022-09-03,08,1.0,0.09041095890410959,5,2022
2022-09-03,09,4.0,0.09041095890410959,5,2022
2022-09-03,11,0.0,0.09041095890410959,5,2022
2022-09-03,10,1.0,0.09041095890410959,5,2022
2022-09-03,12,53.0,0.09041095890410959,5,2022
2022-09-03,13,20.0,0.09041095890410959,5,2022
2022-09-03,15,2.0,0.09041095890410959,5,2022
2022-09-03,19,3.0,0.09041095890410959,5,2022
2022-09-03,16,3.0,0.09041095890410959,5,2022
2022-09-03,17,10.0,0.09041095890410959,5,2022
2022-09-03,18,18.0,0.09041095890410959,5,2022
2022-09-03,20,0.0,0.09041095890410959,5,2022
2022-09-03,21,4.0,0.09041095890410959,5,2022
2022-09-03,22,10.0,0.09041095890410959,5,2022
2022-09-03,25,4.0,0.09041095890410959,5,2022
2022-09-03,24,0.0,0.09041095890410959,5,2022
2022-09-03,23,0.0,0.09041095890410959,5,2022
2022-09-03,26,1.0,0.09041095890410959,5,2022
2022-09-03,27,1.0,0.09041095890410959,5,2022
2022-09-03,29,8.0,0.09041095890410959,5,2022
2022-09-03,28,21.0,0.09041095890410959,5,2022
2022-09-03,30,0.0,0.09041095890410959,5,2022
2022-09-03,37,6.0,0.09041095890410959,5,2022
2022-09-03,38,1.0,0.09041095890410959,5,2022
2022-09-03,31,8.0,0.09041095890410959,5,2022
2022-09-03,33,0.0,0.09041095890410959,5,2022
2022-09-03,34,8.0,0.09041095890410959,5,2022
2022-09-03,35,17.0,0.09041095890410959,5,2022
2022-09-03,32,7.0,0.09041095890410959,5,2022
2022-09-03,36,23.0,0.09041095890410959,5,2022
2022-09-03,39,13.0,0.09041095890410959,5,2022
2022-09-03,40,7.0,0.09041095890410959,5,2022
2022-09-03,41,0.0,0.09041095890410959,5,2022
2022-09-03,42,29.0,0.09041095890410959,5,2022
2022-09-03,72,23.0,0.09041095890410959,5,2022
2022-09-03,44,0.0,0.09041095890410959,5,2022
2022-09-03,45,9.0,0.09041095890410959,5,2022
2022-09-03,46,7.0,0.09041095890410959,5,2022
2022-09-03,47,14.0,0.09041095890410959,5,2022
2022-09-03,48,95.0,0.09041095890410959,5,2022
2022-09-03,US,545.0,0.09041095890410959,5,2022
2022-09-03,49,1.0,0.09041095890410959,5,2022
2022-09-03,51,24.0,0.09041095890410959,5,2022
2022-09-03,50,1.0,0.09041095890410959,5,2022
2022-09-03,53,17.0,0.09041095890410959,5,2022
2022-09-03,55,3.0,0.09041095890410959,5,2022
2022-09-03,54,0.0,0.09041095890410959,5,2022
2022-09-03,56,0.0,0.09041095890410959,5,2022
2022-08-27,02,1.0,0.07123287671232877,4,2022
2022-08-27,01,10.0,0.07123287671232877,4,2022
2022-08-27,05,3.0,0.07123287671232877,4,2022
2022-08-27,04,16.0,0.07123287671232877,4,2022
2022-08-27,06,29.0,0.07123287671232877,4,2022
2022-08-27,08,1.0,0.07123287671232877,4,2022
2022-08-27,09,8.0,0.07123287671232877,4,2022
2022-08-27,11,1.0,0.07123287671232877,4,2022
2022-08-27,10,0.0,0.07123287671232877,4,2022
2022-08-27,12,65.0,0.07123287671232877,4,2022
2022-08-27,13,26.0,0.07123287671232877,4,2022
2022-08-27,15,1.0,0.07123287671232877,4,2022
2022-08-27,19,1.0,0.07123287671232877,4,2022
2022-08-27,16,0.0,0.07123287671232877,4,2022
2022-08-27,17,16.0,0.07123287671232877,4,2022
2022-08-27,18,15.0,0.07123287671232877,4,2022
2022-08-27,20,1.0,0.07123287671232877,4,2022
2022-08-27,21,4.0,0.07123287671232877,4,2022
2022-08-27,22,11.0,0.07123287671232877,4,2022
2022-08-27,25,3.0,0.07123287671232877,4,2022
2022-08-27,24,4.0,0.07123287671232877,4,2022
2022-08-27,23,0.0,0.07123287671232877,4,2022
2022-08-27,26,2.0,0.07123287671232877,4,2022
2022-08-27,27,1.0,0.07123287671232877,4,2022
2022-08-27,29,2.0,0.07123287671232877,4,2022
2022-08-27,28,13.0,0.07123287671232877,4,2022
2022-08-27,30,0.0,0.07123287671232877,4,2022
2022-08-27,37,11.0,0.07123287671232877,4,2022
2022-08-27,38,0.0,0.07123287671232877,4,2022
2022-08-27,31,9.0,0.07123287671232877,4,2022
2022-08-27,33,0.0,0.07123287671232877,4,2022
2022-08-27,34,12.0,0.07123287671232877,4,2022
2022-08-27,35,6.0,0.07123287671232877,4,2022
2022-08-27,32,5.0,0.07123287671232877,4,2022
2022-08-27,36,24.0,0.07123287671232877,4,2022
2022-08-27,39,10.0,0.07123287671232877,4,2022
2022-08-27,40,8.0,0.07123287671232877,4,2022
2022-08-27,41,0.0,0.07123287671232877,4,2022
2022-08-27,42,23.0,0.07123287671232877,4,2022
2022-08-27,72,20.0,0.07123287671232877,4,2022
2022-08-27,44,0.0,0.07123287671232877,4,2022
2022-08-27,45,3.0,0.07123287671232877,4,2022
2022-08-27,46,7.0,0.07123287671232877,4,2022
2022-08-27,47,15.0,0.07123287671232877,4,2022
2022-08-27,48,71.0,0.07123287671232877,4,2022
2022-08-27,US,482.0,0.07123287671232877,4,2022
2022-08-27,49,0.0,0.07123287671232877,4,2022
2022-08-27,51,14.0,0.07123287671232877,4,2022
2022-08-27,50,0.0,0.07123287671232877,4,2022
2022-08-27,53,7.0,0.07123287671232877,4,2022
2022-08-27,55,2.0,0.07123287671232877,4,2022
2022-08-27,54,0.0,0.07123287671232877,4,2022
2022-08-27,56,0.0,0.07123287671232877,4,2022
2022-08-20,02,1.0,0.052054794520547946,3,2022
2022-08-20,01,5.0,0.052054794520547946,3,2022
2022-08-20,05,3.0,0.052054794520547946,3,2022
2022-08-20,04,14.0,0.052054794520547946,3,2022
2022-08-20,06,35.0,0.052054794520547946,3,2022
2022-08-20,08,10.0,0.052054794520547946,3,2022
2022-08-20,09,2.0,0.052054794520547946,3,2022
2022-08-20,11,0.0,0.052054794520547946,3,2022
2022-08-20,10,0.0,0.052054794520547946,3,2022
2022-08-20,12,60.0,0.052054794520547946,3,2022
2022-08-20,13,13.0,0.052054794520547946,3,2022
2022-08-20,15,1.0,0.052054794520547946,3,2022
2022-08-20,19,4.0,0.052054794520547946,3,2022
2022-08-20,16,1.0,0.052054794520547946,3,2022
2022-08-20,17,12.0,0.052054794520547946,3,2022
2022-08-20,18,11.0,0.052054794520547946,3,2022
2022-08-20,20,2.0,0.052054794520547946,3,2022
2022-08-20,21,3.0,0.052054794520547946,3,2022
2022-08-20,22,8.0,0.052054794520547946,3,2022
2022-08-20,25,2.0,0.052054794520547946,3,2022
2022-08-20,24,6.0,0.052054794520547946,3,2022
2022-08-20,23,0.0,0.052054794520547946,3,2022
2022-08-20,26,2.0,0.052054794520547946,3,2022
2022-08-20,27,0.0,0.052054794520547946,3,2022
2022-08-20,29,15.0,0.052054794520547946,3,2022
2022-08-20,28,13.0,0.052054794520547946,3,2022
2022-08-20,30,1.0,0.052054794520547946,3,2022
2022-08-20,37,12.0,0.052054794520547946,3,2022
2022-08-20,38,0.0,0.052054794520547946,3,2022
2022-08-20,31,6.0,0.052054794520547946,3,2022
2022-08-20,33,0.0,0.052054794520547946,3,2022
2022-08-20,34,7.0,0.052054794520547946,3,2022
2022-08-20,35,6.0,0.052054794520547946,3,2022
2022-08-20,32,1.0,0.052054794520547946,3,2022
2022-08-20,36,16.0,0.052054794520547946,3,2022
2022-08-20,39,10.0,0.052054794520547946,3,2022
2022-08-20,40,4.0,0.052054794520547946,3,2022
2022-08-20,41,0.0,0.052054794520547946,3,2022
2022-08-20,42,38.0,0.052054794520547946,3,2022
2022-08-20,72,13.0,0.052054794520547946,3,2022
2022-08-20,44,0.0,0.052054794520547946,3,2022
2022-08-20,45,3.0,0.052054794520547946,3,2022
2022-08-20,46,7.0,0.052054794520547946,3,2022
2022-08-20,47,13.0,0.052054794520547946,3,2022
2022-08-20,48,89.0,0.052054794520547946,3,2022
2022-08-20,US,483.0,0.052054794520547946,3,2022
2022-08-20,49,1.0,0.052054794520547946,3,2022
2022-08-20,51,16.0,0.052054794520547946,3,2022
2022-08-20,50,0.0,0.052054794520547946,3,2022
2022-08-20,53,12.0,0.052054794520547946,3,2022
2022-08-20,55,1.0,0.052054794520547946,3,2022
2022-08-20,54,1.0,0.052054794520547946,3,2022
2022-08-20,56,0.0,0.052054794520547946,3,2022
2022-08-13,02,1.0,0.03287671232876712,2,2022
2022-08-13,01,8.0,0.03287671232876712,2,2022
2022-08-13,05,7.0,0.03287671232876712,2,2022
2022-08-13,04,8.0,0.03287671232876712,2,2022
2022-08-13,06,39.0,0.03287671232876712,2,2022
2022-08-13,08,10.0,0.03287671232876712,2,2022
2022-08-13,09,1.0,0.03287671232876712,2,2022
2022-08-13,11,0.0,0.03287671232876712,2,2022
2022-08-13,10,0.0,0.03287671232876712,2,2022
2022-08-13,12,74.0,0.03287671232876712,2,2022
2022-08-13,13,19.0,0.03287671232876712,2,2022
2022-08-13,15,1.0,0.03287671232876712,2,2022
2022-08-13,19,1.0,0.03287671232876712,2,2022
2022-08-13,16,0.0,0.03287671232876712,2,2022
2022-08-13,17,11.0,0.03287671232876712,2,2022
2022-08-13,18,4.0,0.03287671232876712,2,2022
2022-08-13,20,1.0,0.03287671232876712,2,2022
2022-08-13,21,4.0,0.03287671232876712,2,2022
2022-08-13,22,13.0,0.03287671232876712,2,2022
2022-08-13,25,3.0,0.03287671232876712,2,2022
2022-08-13,24,5.0,0.03287671232876712,2,2022
2022-08-13,23,2.0,0.03287671232876712,2,2022
2022-08-13,26,3.0,0.03287671232876712,2,2022
2022-08-13,27,5.0,0.03287671232876712,2,2022
2022-08-13,29,12.0,0.03287671232876712,2,2022
2022-08-13,28,14.0,0.03287671232876712,2,2022
2022-08-13,30,0.0,0.03287671232876712,2,2022
2022-08-13,37,9.0,0.03287671232876712,2,2022
2022-08-13,38,3.0,0.03287671232876712,2,2022
2022-08-13,31,0.0,0.03287671232876712,2,2022
2022-08-13,33,0.0,0.03287671232876712,2,2022
2022-08-13,34,9.0,0.03287671232876712,2,2022
2022-08-13,35,10.0,0.03287671232876712,2,2022
2022-08-13,32,0.0,0.03287671232876712,2,2022
2022-08-13,36,11.0,0.03287671232876712,2,2022
2022-08-13,39,1.0,0.03287671232876712,2,2022
2022-08-13,40,11.0,0.03287671232876712,2,2022
2022-08-13,41,2.0,0.03287671232876712,2,2022
2022-08-13,42,27.0,0.03287671232876712,2,2022
2022-08-13,72,23.0,0.03287671232876712,2,2022
2022-08-13,44,0.0,0.03287671232876712,2,2022
2022-08-13,45,6.0,0.03287671232876712,2,2022
2022-08-13,46,7.0,0.03287671232876712,2,2022
2022-08-13,47,16.0,0.03287671232876712,2,2022
2022-08-13,48,64.0,0.03287671232876712,2,2022
2022-08-13,US,490.0,0.03287671232876712,2,2022
2022-08-13,49,0.0,0.03287671232876712,2,2022
2022-08-13,51,28.0,0.03287671232876712,2,2022
2022-08-13,50,0.0,0.03287671232876712,2,2022
2022-08-13,53,15.0,0.03287671232876712,2,2022
2022-08-13,55,1.0,0.03287671232876712,2,2022
2022-08-13,54,0.0,0.03287671232876712,2,2022
2022-08-13,56,0.0,0.03287671232876712,2,2022
2022-08-06,02,0.0,0.0136986301369863,1,2022
2022-08-06,01,9.0,0.0136986301369863,1,2022
2022-08-06,05,3.0,0.0136986301369863,1,2022
2022-08-06,04,5.0,0.0136986301369863,1,2022
2022-08-06,06,38.0,0.0136986301369863,1,2022
2022-08-06,08,12.0,0.0136986301369863,1,2022
2022-08-06,09,3.0,0.0136986301369863,1,2022
2022-08-06,11,2.0,0.0136986301369863,1,2022
2022-08-06,10,0.0,0.0136986301369863,1,2022
2022-08-06,12,69.0,0.0136986301369863,1,2022
2022-08-06,13,33.0,0.0136986301369863,1,2022
2022-08-06,15,3.0,0.0136986301369863,1,2022
2022-08-06,19,1.0,0.0136986301369863,1,2022
2022-08-06,16,2.0,0.0136986301369863,1,2022
2022-08-06,17,13.0,0.0136986301369863,1,2022
2022-08-06,18,10.0,0.0136986301369863,1,2022
2022-08-06,20,2.0,0.0136986301369863,1,2022
2022-08-06,21,1.0,0.0136986301369863,1,2022
2022-08-06,22,6.0,0.0136986301369863,1,2022
2022-08-06,25,5.0,0.0136986301369863,1,2022
2022-08-06,24,2.0,0.0136986301369863,1,2022
2022-08-06,23,0.0,0.0136986301369863,1,2022
2022-08-06,26,1.0,0.0136986301369863,1,2022
2022-08-06,27,2.0,0.0136986301369863,1,2022
2022-08-06,29,23.0,0.0136986301369863,1,2022
2022-08-06,28,19.0,0.0136986301369863,1,2022
2022-08-06,30,0.0,0.0136986301369863,1,2022
2022-08-06,37,1.0,0.0136986301369863,1,2022
2022-08-06,38,1.0,0.0136986301369863,1,2022
2022-08-06,31,3.0,0.0136986301369863,1,2022
2022-08-06,33,0.0,0.0136986301369863,1,2022
2022-08-06,34,16.0,0.0136986301369863,1,2022
2022-08-06,35,1.0,0.0136986301369863,1,2022
2022-08-06,32,1.0,0.0136986301369863,1,2022
2022-08-06,36,11.0,0.0136986301369863,1,2022
2022-08-06,39,4.0,0.0136986301369863,1,2022
2022-08-06,40,22.0,0.0136986301369863,1,2022
2022-08-06,41,1.0,0.0136986301369863,1,2022
2022-08-06,42,23.0,0.0136986301369863,1,2022
2022-08-06,72,10.0,0.0136986301369863,1,2022
2022-08-06,44,0.0,0.0136986301369863,1,2022
2022-08-06,45,6.0,0.0136986301369863,1,2022
2022-08-06,46,5.0,0.0136986301369863,1,2022
2022-08-06,47,17.0,0.0136986301369863,1,2022
2022-08-06,48,60.0,0.0136986301369863,1,2022
2022-08-06,US,486.0,0.0136986301369863,1,2022
2022-08-06,49,0.0,0.0136986301369863,1,2022
2022-08-06,51,15.0,0.0136986301369863,1,2022
2022-08-06,50,0.0,0.0136986301369863,1,2022
2022-08-06,53,17.0,0.0136986301369863,1,2022
2022-08-06,55,6.0,0.0136986301369863,1,2022
2022-08-06,54,0.0,0.0136986301369863,1,2022
2022-08-06,56,0.0,0.0136986301369863,1,2022
2022-07-30,02,0.0,0.9945205479452055,52,2021
2022-07-30,01,9.0,0.9945205479452055,52,2021
2022-07-30,05,1.0,0.9945205479452055,52,2021
2022-07-30,04,15.0,0.9945205479452055,52,2021
2022-07-30,06,47.0,0.9945205479452055,52,2021
2022-07-30,08,8.0,0.9945205479452055,52,2021
2022-07-30,09,3.0,0.9945205479452055,52,2021
2022-07-30,11,0.0,0.9945205479452055,52,2021
2022-07-30,10,0.0,0.9945205479452055,52,2021
2022-07-30,12,74.0,0.9945205479452055,52,2021
2022-07-30,13,39.0,0.9945205479452055,52,2021
2022-07-30,15,2.0,0.9945205479452055,52,2021
2022-07-30,19,0.0,0.9945205479452055,52,2021
2022-07-30,16,1.0,0.9945205479452055,52,2021
2022-07-30,17,9.0,0.9945205479452055,52,2021
2022-07-30,18,10.0,0.9945205479452055,52,2021
2022-07-30,20,3.0,0.9945205479452055,52,2021
2022-07-30,21,6.0,0.9945205479452055,52,2021
2022-07-30,22,4.0,0.9945205479452055,52,2021
2022-07-30,25,3.0,0.9945205479452055,52,2021
2022-07-30,24,3.0,0.9945205479452055,52,2021
2022-07-30,23,0.0,0.9945205479452055,52,2021
2022-07-30,26,4.0,0.9945205479452055,52,2021
2022-07-30,27,3.0,0.9945205479452055,52,2021
2022-07-30,29,12.0,0.9945205479452055,52,2021
2022-07-30,28,18.0,0.9945205479452055,52,2021
2022-07-30,30,0.0,0.9945205479452055,52,2021
2022-07-30,37,11.0,0.9945205479452055,52,2021
2022-07-30,38,0.0,0.9945205479452055,52,2021
2022-07-30,31,3.0,0.9945205479452055,52,2021
2022-07-30,33,1.0,0.9945205479452055,52,2021
2022-07-30,34,9.0,0.9945205479452055,52,2021
2022-07-30,35,1.0,0.9945205479452055,52,2021
2022-07-30,32,5.0,0.9945205479452055,52,2021
2022-07-30,36,17.0,0.9945205479452055,52,2021
2022-07-30,39,7.0,0.9945205479452055,52,2021
2022-07-30,40,6.0,0.9945205479452055,52,2021
2022-07-30,41,1.0,0.9945205479452055,52,2021
2022-07-30,42,26.0,0.9945205479452055,52,2021
2022-07-30,72,15.0,0.9945205479452055,52,2021
2022-07-30,44,0.0,0.9945205479452055,52,2021
2022-07-30,45,15.0,0.9945205479452055,52,2021
2022-07-30,46,8.0,0.9945205479452055,52,2021
2022-07-30,47,14.0,0.9945205479452055,52,2021
2022-07-30,48,62.0,0.9945205479452055,52,2021
2022-07-30,US,522.0,0.9945205479452055,52,2021
2022-07-30,49,1.0,0.9945205479452055,52,2021
2022-07-30,51,27.0,0.9945205479452055,52,2021
2022-07-30,50,0.0,0.9945205479452055,52,2021
2022-07-30,53,13.0,0.9945205479452055,52,2021
2022-07-30,55,2.0,0.9945205479452055,52,2021
2022-07-30,54,0.0,0.9945205479452055,52,2021
2022-07-30,56,2.0,0.9945205479452055,52,2021
2022-07-23,02,0.0,0.9753424657534246,51,2021
2022-07-23,01,5.0,0.9753424657534246,51,2021
2022-07-23,05,10.0,0.9753424657534246,51,2021
2022-07-23,04,13.0,0.9753424657534246,51,2021
2022-07-23,06,61.0,0.9753424657534246,51,2021
2022-07-23,08,9.0,0.9753424657534246,51,2021
2022-07-23,09,6.0,0.9753424657534246,51,2021
2022-07-23,11,0.0,0.9753424657534246,51,2021
2022-07-23,10,0.0,0.9753424657534246,51,2021
2022-07-23,12,89.0,0.9753424657534246,51,2021
2022-07-23,13,28.0,0.9753424657534246,51,2021
2022-07-23,15,1.0,0.9753424657534246,51,2021
2022-07-23,19,0.0,0.9753424657534246,51,2021
2022-07-23,16,0.0,0.9753424657534246,51,2021
2022-07-23,17,4.0,0.9753424657534246,51,2021
2022-07-23,18,7.0,0.9753424657534246,51,2021
2022-07-23,20,2.0,0.9753424657534246,51,2021
2022-07-23,21,1.0,0.9753424657534246,51,2021
2022-07-23,22,18.0,0.9753424657534246,51,2021
2022-07-23,25,3.0,0.9753424657534246,51,2021
2022-07-23,24,3.0,0.9753424657534246,51,2021
2022-07-23,23,1.0,0.9753424657534246,51,2021
2022-07-23,26,7.0,0.9753424657534246,51,2021
2022-07-23,27,3.0,0.9753424657534246,51,2021
2022-07-23,29,25.0,0.9753424657534246,51,2021
2022-07-23,28,23.0,0.9753424657534246,51,2021
2022-07-23,30,0.0,0.9753424657534246,51,2021
2022-07-23,37,38.0,0.9753424657534246,51,2021
2022-07-23,38,2.0,0.9753424657534246,51,2021
2022-07-23,31,1.0,0.9753424657534246,51,2021
2022-07-23,33,1.0,0.9753424657534246,51,2021
2022-07-23,34,8.0,0.9753424657534246,51,2021
2022-07-23,35,4.0,0.9753424657534246,51,2021
2022-07-23,32,4.0,0.9753424657534246,51,2021
2022-07-23,36,10.0,0.9753424657534246,51,2021
2022-07-23,39,11.0,0.9753424657534246,51,2021
2022-07-23,40,5.0,0.9753424657534246,51,2021
2022-07-23,41,1.0,0.9753424657534246,51,2021
2022-07-23,42,28.0,0.9753424657534246,51,2021
2022-07-23,72,13.0,0.9753424657534246,51,2021
2022-07-23,44,0.0,0.9753424657534246,51,2021
2022-07-23,45,26.0,0.9753424657534246,51,2021
2022-07-23,46,6.0,0.9753424657534246,51,2021
2022-07-23,47,11.0,0.9753424657534246,51,2021
2022-07-23,48,81.0,0.9753424657534246,51,2021
2022-07-23,US,627.0,0.9753424657534246,51,2021
2022-07-23,49,0.0,0.9753424657534246,51,2021
2022-07-23,51,33.0,0.9753424657534246,51,2021
2022-07-23,50,0.0,0.9753424657534246,51,2021
2022-07-23,53,23.0,0.9753424657534246,51,2021
2022-07-23,55,0.0,0.9753424657534246,51,2021
2022-07-23,54,1.0,0.9753424657534246,51,2021
2022-07-23,56,0.0,0.9753424657534246,51,2021
2022-07-16,02,0.0,0.9561643835616438,50,2021
2022-07-16,01,33.0,0.9561643835616438,50,2021
2022-07-16,05,19.0,0.9561643835616438,50,2021
2022-07-16,04,9.0,0.9561643835616438,50,2021
2022-07-16,06,99.0,0.9561643835616438,50,2021
2022-07-16,08,9.0,0.9561643835616438,50,2021
2022-07-16,09,3.0,0.9561643835616438,50,2021
2022-07-16,11,1.0,0.9561643835616438,50,2021
2022-07-16,10,1.0,0.9561643835616438,50,2021
2022-07-16,12,124.0,0.9561643835616438,50,2021
2022-07-16,13,27.0,0.9561643835616438,50,2021
2022-07-16,15,0.0,0.9561643835616438,50,2021
2022-07-16,19,0.0,0.9561643835616438,50,2021
2022-07-16,16,4.0,0.9561643835616438,50,2021
2022-07-16,17,11.0,0.9561643835616438,50,2021
2022-07-16,18,9.0,0.9561643835616438,50,2021
2022-07-16,20,0.0,0.9561643835616438,50,2021
2022-07-16,21,3.0,0.9561643835616438,50,2021
2022-07-16,22,4.0,0.9561643835616438,50,2021
2022-07-16,25,6.0,0.9561643835616438,50,2021
2022-07-16,24,7.0,0.9561643835616438,50,2021
2022-07-16,23,0.0,0.9561643835616438,50,2021
2022-07-16,26,5.0,0.9561643835616438,50,2021
2022-07-16,27,2.0,0.9561643835616438,50,2021
2022-07-16,29,12.0,0.9561643835616438,50,2021
2022-07-16,28,20.0,0.9561643835616438,50,2021
2022-07-16,30,2.0,0.9561643835616438,50,2021
2022-07-16,37,41.0,0.9561643835616438,50,2021
2022-07-16,38,1.0,0.9561643835616438,50,2021
2022-07-16,31,7.0,0.9561643835616438,50,2021
2022-07-16,33,0.0,0.9561643835616438,50,2021
2022-07-16,34,17.0,0.9561643835616438,50,2021
2022-07-16,35,5.0,0.9561643835616438,50,2021
2022-07-16,32,18.0,0.9561643835616438,50,2021
2022-07-16,36,38.0,0.9561643835616438,50,2021
2022-07-16,39,5.0,0.9561643835616438,50,2021
2022-07-16,40,24.0,0.9561643835616438,50,2021
2022-07-16,41,7.0,0.9561643835616438,50,2021
2022-07-16,42,21.0,0.9561643835616438,50,2021
2022-07-16,72,15.0,0.9561643835616438,50,2021
2022-07-16,44,1.0,0.9561643835616438,50,2021
2022-07-16,45,4.0,0.9561643835616438,50,2021
2022-07-16,46,0.0,0.9561643835616438,50,2021
2022-07-16,47,7.0,0.9561643835616438,50,2021
2022-07-16,48,83.0,0.9561643835616438,50,2021
2022-07-16,US,766.0,0.9561643835616438,50,2021
2022-07-16,49,0.0,0.9561643835616438,50,2021
2022-07-16,51,19.0,0.9561643835616438,50,2021
2022-07-16,50,1.0,0.9561643835616438,50,2021
2022-07-16,53,30.0,0.9561643835616438,50,2021
2022-07-16,55,2.0,0.9561643835616438,50,2021
2022-07-16,54,6.0,0.9561643835616438,50,2021
2022-07-16,56,3.0,0.9561643835616438,50,2021
2022-07-09,02,3.0,0.936986301369863,49,2021
2022-07-09,01,15.0,0.936986301369863,49,2021
2022-07-09,05,5.0,0.936986301369863,49,2021
2022-07-09,04,14.0,0.936986301369863,49,2021
2022-07-09,06,115.0,0.936986301369863,49,2021
2022-07-09,08,11.0,0.936986301369863,49,2021
2022-07-09,09,5.0,0.936986301369863,49,2021
2022-07-09,11,2.0,0.936986301369863,49,2021
2022-07-09,10,0.0,0.936986301369863,49,2021
2022-07-09,12,161.0,0.936986301369863,49,2021
2022-07-09,13,28.0,0.936986301369863,49,2021
2022-07-09,15,3.0,0.936986301369863,49,2021
2022-07-09,19,3.0,0.936986301369863,49,2021
2022-07-09,16,3.0,0.936986301369863,49,2021
2022-07-09,17,10.0,0.936986301369863,49,2021
2022-07-09,18,8.0,0.936986301369863,49,2021
2022-07-09,20,3.0,0.936986301369863,49,2021
2022-07-09,21,6.0,0.936986301369863,49,2021
2022-07-09,22,1.0,0.936986301369863,49,2021
2022-07-09,25,6.0,0.936986301369863,49,2021
2022-07-09,24,12.0,0.936986301369863,49,2021
2022-07-09,23,1.0,0.936986301369863,49,2021
2022-07-09,26,9.0,0.936986301369863,49,2021
2022-07-09,27,2.0,0.936986301369863,49,2021
2022-07-09,29,14.0,0.936986301369863,49,2021
2022-07-09,28,21.0,0.936986301369863,49,2021
2022-07-09,30,2.0,0.936986301369863,49,2021
2022-07-09,37,15.0,0.936986301369863,49,2021
2022-07-09,38,0.0,0.936986301369863,49,2021
2022-07-09,31,5.0,0.936986301369863,49,2021
2022-07-09,33,1.0,0.936986301369863,49,2021
2022-07-09,34,15.0,0.936986301369863,49,2021
2022-07-09,35,0.0,0.936986301369863,49,2021
2022-07-09,32,20.0,0.936986301369863,49,2021
2022-07-09,36,36.0,0.936986301369863,49,2021
2022-07-09,39,6.0,0.936986301369863,49,2021
2022-07-09,40,26.0,0.936986301369863,49,2021
2022-07-09,41,0.0,0.936986301369863,49,2021
2022-07-09,42,32.0,0.936986301369863,49,2021
2022-07-09,72,13.0,0.936986301369863,49,2021
2022-07-09,44,9.0,0.936986301369863,49,2021
2022-07-09,45,8.0,0.936986301369863,49,2021
2022-07-09,46,0.0,0.936986301369863,49,2021
2022-07-09,47,9.0,0.936986301369863,49,2021
2022-07-09,48,56.0,0.936986301369863,49,2021
2022-07-09,US,776.0,0.936986301369863,49,2021
2022-07-09,49,0.0,0.936986301369863,49,2021
2022-07-09,51,20.0,0.936986301369863,49,2021
2022-07-09,50,1.0,0.936986301369863,49,2021
2022-07-09,53,31.0,0.936986301369863,49,2021
2022-07-09,55,1.0,0.936986301369863,49,2021
2022-07-09,54,6.0,0.936986301369863,49,2021
2022-07-09,56,2.0,0.936986301369863,49,2021
2022-07-02,02,2.0,0.9178082191780822,48,2021
2022-07-02,01,8.0,0.9178082191780822,48,2021
2022-07-02,05,8.0,0.9178082191780822,48,2021
2022-07-02,04,16.0,0.9178082191780822,48,2021
2022-07-02,06,193.0,0.9178082191780822,48,2021
2022-07-02,08,13.0,0.9178082191780822,48,2021
2022-07-02,09,8.0,0.9178082191780822,48,2021
2022-07-02,11,1.0,0.9178082191780822,48,2021
2022-07-02,10,0.0,0.9178082191780822,48,2021
2022-07-02,12,208.0,0.9178082191780822,48,2021
2022-07-02,13,35.0,0.9178082191780822,48,2021
2022-07-02,15,3.0,0.9178082191780822,48,2021
2022-07-02,19,3.0,0.9178082191780822,48,2021
2022-07-02,16,3.0,0.9178082191780822,48,2021
2022-07-02,17,7.0,0.9178082191780822,48,2021
2022-07-02,18,12.0,0.9178082191780822,48,2021
2022-07-02,20,4.0,0.9178082191780822,48,2021
2022-07-02,21,1.0,0.9178082191780822,48,2021
2022-07-02,22,7.0,0.9178082191780822,48,2021
2022-07-02,25,6.0,0.9178082191780822,48,2021
2022-07-02,24,13.0,0.9178082191780822,48,2021
2022-07-02,23,2.0,0.9178082191780822,48,2021
2022-07-02,26,11.0,0.9178082191780822,48,2021
2022-07-02,27,1.0,0.9178082191780822,48,2021
2022-07-02,29,11.0,0.9178082191780822,48,2021
2022-07-02,28,17.0,0.9178082191780822,48,2021
2022-07-02,30,4.0,0.9178082191780822,48,2021
2022-07-02,37,38.0,0.9178082191780822,48,2021
2022-07-02,38,0.0,0.9178082191780822,48,2021
2022-07-02,31,9.0,0.9178082191780822,48,2021
2022-07-02,33,0.0,0.9178082191780822,48,2021
2022-07-02,34,11.0,0.9178082191780822,48,2021
2022-07-02,35,12.0,0.9178082191780822,48,2021
2022-07-02,32,24.0,0.9178082191780822,48,2021
2022-07-02,36,45.0,0.9178082191780822,48,2021
2022-07-02,39,11.0,0.9178082191780822,48,2021
2022-07-02,40,25.0,0.9178082191780822,48,2021
2022-07-02,41,3.0,0.9178082191780822,48,2021
2022-07-02,42,35.0,0.9178082191780822,48,2021
2022-07-02,72,24.0,0.9178082191780822,48,2021
2022-07-02,44,0.0,0.9178082191780822,48,2021
2022-07-02,45,11.0,0.9178082191780822,48,2021
2022-07-02,46,1.0,0.9178082191780822,48,2021
2022-07-02,47,35.0,0.9178082191780822,48,2021
2022-07-02,48,80.0,0.9178082191780822,48,2021
2022-07-02,US,1073.0,0.9178082191780822,48,2021
2022-07-02,49,5.0,0.9178082191780822,48,2021
2022-07-02,51,39.0,0.9178082191780822,48,2021
2022-07-02,50,3.0,0.9178082191780822,48,2021
2022-07-02,53,55.0,0.9178082191780822,48,2021
2022-07-02,55,8.0,0.9178082191780822,48,2021
2022-07-02,54,1.0,0.9178082191780822,48,2021
2022-07-02,56,1.0,0.9178082191780822,48,2021
2022-06-25,02,3.0,0.8986301369863013,47,2021
2022-06-25,01,7.0,0.8986301369863013,47,2021
2022-06-25,05,16.0,0.8986301369863013,47,2021
2022-06-25,04,35.0,0.8986301369863013,47,2021
2022-06-25,06,238.0,0.8986301369863013,47,2021
2022-06-25,08,9.0,0.8986301369863013,47,2021
2022-06-25,09,6.0,0.8986301369863013,47,2021
2022-06-25,11,3.0,0.8986301369863013,47,2021
2022-06-25,10,2.0,0.8986301369863013,47,2021
2022-06-25,12,302.0,0.8986301369863013,47,2021
2022-06-25,13,27.0,0.8986301369863013,47,2021
2022-06-25,15,6.0,0.8986301369863013,47,2021
2022-06-25,19,5.0,0.8986301369863013,47,2021
2022-06-25,16,2.0,0.8986301369863013,47,2021
2022-06-25,17,19.0,0.8986301369863013,47,2021
2022-06-25,18,17.0,0.8986301369863013,47,2021
2022-06-25,20,3.0,0.8986301369863013,47,2021
2022-06-25,21,11.0,0.8986301369863013,47,2021
2022-06-25,22,11.0,0.8986301369863013,47,2021
2022-06-25,25,10.0,0.8986301369863013,47,2021
2022-06-25,24,20.0,0.8986301369863013,47,2021
2022-06-25,23,5.0,0.8986301369863013,47,2021
2022-06-25,26,16.0,0.8986301369863013,47,2021
2022-06-25,27,0.0,0.8986301369863013,47,2021
2022-06-25,29,19.0,0.8986301369863013,47,2021
2022-06-25,28,23.0,0.8986301369863013,47,2021
2022-06-25,30,0.0,0.8986301369863013,47,2021
2022-06-25,37,58.0,0.8986301369863013,47,2021
2022-06-25,38,0.0,0.8986301369863013,47,2021
2022-06-25,31,6.0,0.8986301369863013,47,2021
2022-06-25,33,1.0,0.8986301369863013,47,2021
2022-06-25,34,23.0,0.8986301369863013,47,2021
2022-06-25,35,6.0,0.8986301369863013,47,2021
2022-06-25,32,36.0,0.8986301369863013,47,2021
2022-06-25,36,65.0,0.8986301369863013,47,2021
2022-06-25,39,12.0,0.8986301369863013,47,2021
2022-06-25,40,28.0,0.8986301369863013,47,2021
2022-06-25,41,8.0,0.8986301369863013,47,2021
2022-06-25,42,35.0,0.8986301369863013,47,2021
2022-06-25,72,16.0,0.8986301369863013,47,2021
2022-06-25,44,1.0,0.8986301369863013,47,2021
2022-06-25,45,29.0,0.8986301369863013,47,2021
2022-06-25,46,2.0,0.8986301369863013,47,2021
2022-06-25,47,15.0,0.8986301369863013,47,2021
2022-06-25,48,92.0,0.8986301369863013,47,2021
2022-06-25,US,1365.0,0.8986301369863013,47,2021
2022-06-25,49,3.0,0.8986301369863013,47,2021
2022-06-25,51,35.0,0.8986301369863013,47,2021
2022-06-25,50,0.0,0.8986301369863013,47,2021
2022-06-25,53,64.0,0.8986301369863013,47,2021
2022-06-25,55,7.0,0.8986301369863013,47,2021
2022-06-25,54,5.0,0.8986301369863013,47,2021
2022-06-25,56,0.0,0.8986301369863013,47,2021
2022-06-18,02,1.0,0.8794520547945206,46,2021
2022-06-18,01,15.0,0.8794520547945206,46,2021
2022-06-18,05,10.0,0.8794520547945206,46,2021
2022-06-18,04,55.0,0.8794520547945206,46,2021
2022-06-18,06,305.0,0.8794520547945206,46,2021
2022-06-18,08,25.0,0.8794520547945206,46,2021
2022-06-18,09,14.0,0.8794520547945206,46,2021
2022-06-18,11,2.0,0.8794520547945206,46,2021
2022-06-18,10,1.0,0.8794520547945206,46,2021
2022-06-18,12,461.0,0.8794520547945206,46,2021
2022-06-18,13,41.0,0.8794520547945206,46,2021
2022-06-18,15,4.0,0.8794520547945206,46,2021
2022-06-18,19,6.0,0.8794520547945206,46,2021
2022-06-18,16,5.0,0.8794520547945206,46,2021
2022-06-18,17,23.0,0.8794520547945206,46,2021
2022-06-18,18,18.0,0.8794520547945206,46,2021
2022-06-18,20,0.0,0.8794520547945206,46,2021
2022-06-18,21,5.0,0.8794520547945206,46,2021
2022-06-18,22,12.0,0.8794520547945206,46,2021
2022-06-18,25,14.0,0.8794520547945206,46,2021
2022-06-18,24,21.0,0.8794520547945206,46,2021
2022-06-18,23,3.0,0.8794520547945206,46,2021
2022-06-18,26,32.0,0.8794520547945206,46,2021
2022-06-18,27,10.0,0.8794520547945206,46,2021
2022-06-18,29,23.0,0.8794520547945206,46,2021
2022-06-18,28,13.0,0.8794520547945206,46,2021
2022-06-18,30,1.0,0.8794520547945206,46,2021
2022-06-18,37,59.0,0.8794520547945206,46,2021
2022-06-18,38,0.0,0.8794520547945206,46,2021
2022-06-18,31,3.0,0.8794520547945206,46,2021
2022-06-18,33,1.0,0.8794520547945206,46,2021
2022-06-18,34,43.0,0.8794520547945206,46,2021
2022-06-18,35,15.0,0.8794520547945206,46,2021
2022-06-18,32,62.0,0.8794520547945206,46,2021
2022-06-18,36,92.0,0.8794520547945206,46,2021
2022-06-18,39,20.0,0.8794520547945206,46,2021
2022-06-18,40,28.0,0.8794520547945206,46,2021
2022-06-18,41,12.0,0.8794520547945206,46,2021
2022-06-18,42,40.0,0.8794520547945206,46,2021
2022-06-18,72,26.0,0.8794520547945206,46,2021
2022-06-18,44,2.0,0.8794520547945206,46,2021
2022-06-18,45,17.0,0.8794520547945206,46,2021
2022-06-18,46,1.0,0.8794520547945206,46,2021
2022-06-18,47,25.0,0.8794520547945206,46,2021
2022-06-18,48,110.0,0.8794520547945206,46,2021
2022-06-18,US,1775.0,0.8794520547945206,46,2021
2022-06-18,49,1.0,0.8794520547945206,46,2021
2022-06-18,51,29.0,0.8794520547945206,46,2021
2022-06-18,50,2.0,0.8794520547945206,46,2021
2022-06-18,53,44.0,0.8794520547945206,46,2021
2022-06-18,55,9.0,0.8794520547945206,46,2021
2022-06-18,54,6.0,0.8794520547945206,46,2021
2022-06-18,56,4.0,0.8794520547945206,46,2021
2022-06-11,02,6.0,0.8602739726027397,45,2021
2022-06-11,01,15.0,0.8602739726027397,45,2021
2022-06-11,05,19.0,0.8602739726027397,45,2021
2022-06-11,04,93.0,0.8602739726027397,45,2021
2022-06-11,06,391.0,0.8602739726027397,45,2021
2022-06-11,08,39.0,0.8602739726027397,45,2021
2022-06-11,09,36.0,0.8602739726027397,45,2021
2022-06-11,11,2.0,0.8602739726027397,45,2021
2022-06-11,10,6.0,0.8602739726027397,45,2021
2022-06-11,12,551.0,0.8602739726027397,45,2021
2022-06-11,13,48.0,0.8602739726027397,45,2021
2022-06-11,15,3.0,0.8602739726027397,45,2021
2022-06-11,19,9.0,0.8602739726027397,45,2021
2022-06-11,16,7.0,0.8602739726027397,45,2021
2022-06-11,17,16.0,0.8602739726027397,45,2021
2022-06-11,18,8.0,0.8602739726027397,45,2021
2022-06-11,20,2.0,0.8602739726027397,45,2021
2022-06-11,21,17.0,0.8602739726027397,45,2021
2022-06-11,22,28.0,0.8602739726027397,45,2021
2022-06-11,25,40.0,0.8602739726027397,45,2021
2022-06-11,24,17.0,0.8602739726027397,45,2021
2022-06-11,23,57.0,0.8602739726027397,45,2021
2022-06-11,26,35.0,0.8602739726027397,45,2021
2022-06-11,27,4.0,0.8602739726027397,45,2021
2022-06-11,29,17.0,0.8602739726027397,45,2021
2022-06-11,28,14.0,0.8602739726027397,45,2021
2022-06-11,30,10.0,0.8602739726027397,45,2021
2022-06-11,37,43.0,0.8602739726027397,45,2021
2022-06-11,38,2.0,0.8602739726027397,45,2021
2022-06-11,31,9.0,0.8602739726027397,45,2021
2022-06-11,33,4.0,0.8602739726027397,45,2021
2022-06-11,34,42.0,0.8602739726027397,45,2021
2022-06-11,35,23.0,0.8602739726027397,45,2021
2022-06-11,32,89.0,0.8602739726027397,45,2021
2022-06-11,36,103.0,0.8602739726027397,45,2021
2022-06-11,39,21.0,0.8602739726027397,45,2021
2022-06-11,40,26.0,0.8602739726027397,45,2021
2022-06-11,41,18.0,0.8602739726027397,45,2021
2022-06-11,42,49.0,0.8602739726027397,45,2021
2022-06-11,72,20.0,0.8602739726027397,45,2021
2022-06-11,44,1.0,0.8602739726027397,45,2021
2022-06-11,45,25.0,0.8602739726027397,45,2021
2022-06-11,46,1.0,0.8602739726027397,45,2021
2022-06-11,47,18.0,0.8602739726027397,45,2021
2022-06-11,48,76.0,0.8602739726027397,45,2021
2022-06-11,US,2201.0,0.8602739726027397,45,2021
2022-06-11,49,3.0,0.8602739726027397,45,2021
2022-06-11,51,40.0,0.8602739726027397,45,2021
2022-06-11,50,5.0,0.8602739726027397,45,2021
2022-06-11,53,57.0,0.8602739726027397,45,2021
2022-06-11,55,15.0,0.8602739726027397,45,2021
2022-06-11,54,12.0,0.8602739726027397,45,2021
2022-06-11,56,7.0,0.8602739726027397,45,2021
2022-06-04,02,2.0,0.8410958904109589,44,2021
2022-06-04,01,13.0,0.8410958904109589,44,2021
2022-06-04,05,17.0,0.8410958904109589,44,2021
2022-06-04,04,209.0,0.8410958904109589,44,2021
2022-06-04,06,432.0,0.8410958904109589,44,2021
2022-06-04,08,75.0,0.8410958904109589,44,2021
2022-06-04,09,20.0,0.8410958904109589,44,2021
2022-06-04,11,5.0,0.8410958904109589,44,2021
2022-06-04,10,9.0,0.8410958904109589,44,2021
2022-06-04,12,665.0,0.8410958904109589,44,2021
2022-06-04,13,66.0,0.8410958904109589,44,2021
2022-06-04,15,4.0,0.8410958904109589,44,2021
2022-06-04,19,6.0,0.8410958904109589,44,2021
2022-06-04,16,10.0,0.8410958904109589,44,2021
2022-06-04,17,41.0,0.8410958904109589,44,2021
2022-06-04,18,27.0,0.8410958904109589,44,2021
2022-06-04,20,2.0,0.8410958904109589,44,2021
2022-06-04,21,22.0,0.8410958904109589,44,2021
2022-06-04,22,19.0,0.8410958904109589,44,2021
2022-06-04,25,39.0,0.8410958904109589,44,2021
2022-06-04,24,17.0,0.8410958904109589,44,2021
2022-06-04,23,12.0,0.8410958904109589,44,2021
2022-06-04,26,70.0,0.8410958904109589,44,2021
2022-06-04,27,6.0,0.8410958904109589,44,2021
2022-06-04,29,28.0,0.8410958904109589,44,2021
2022-06-04,28,23.0,0.8410958904109589,44,2021
2022-06-04,30,23.0,0.8410958904109589,44,2021
2022-06-04,37,22.0,0.8410958904109589,44,2021
2022-06-04,38,4.0,0.8410958904109589,44,2021
2022-06-04,31,6.0,0.8410958904109589,44,2021
2022-06-04,33,6.0,0.8410958904109589,44,2021
2022-06-04,34,52.0,0.8410958904109589,44,2021
2022-06-04,35,53.0,0.8410958904109589,44,2021
2022-06-04,32,71.0,0.8410958904109589,44,2021
2022-06-04,36,124.0,0.8410958904109589,44,2021
2022-06-04,39,37.0,0.8410958904109589,44,2021
2022-06-04,40,33.0,0.8410958904109589,44,2021
2022-06-04,41,28.0,0.8410958904109589,44,2021
2022-06-04,42,64.0,0.8410958904109589,44,2021
2022-06-04,72,28.0,0.8410958904109589,44,2021
2022-06-04,44,6.0,0.8410958904109589,44,2021
2022-06-04,45,27.0,0.8410958904109589,44,2021
2022-06-04,46,1.0,0.8410958904109589,44,2021
2022-06-04,47,20.0,0.8410958904109589,44,2021
2022-06-04,48,88.0,0.8410958904109589,44,2021
2022-06-04,US,2676.0,0.8410958904109589,44,2021
2022-06-04,49,5.0,0.8410958904109589,44,2021
2022-06-04,51,41.0,0.8410958904109589,44,2021
2022-06-04,50,0.0,0.8410958904109589,44,2021
2022-06-04,53,65.0,0.8410958904109589,44,2021
2022-06-04,55,16.0,0.8410958904109589,44,2021
2022-06-04,54,5.0,0.8410958904109589,44,2021
2022-06-04,56,7.0,0.8410958904109589,44,2021
2022-05-28,02,4.0,0.821917808219178,43,2021
2022-05-28,01,13.0,0.821917808219178,43,2021
2022-05-28,05,14.0,0.821917808219178,43,2021
2022-05-28,04,199.0,0.821917808219178,43,2021
2022-05-28,06,412.0,0.821917808219178,43,2021
2022-05-28,08,87.0,0.821917808219178,43,2021
2022-05-28,09,36.0,0.821917808219178,43,2021
2022-05-28,11,4.0,0.821917808219178,43,2021
2022-05-28,10,3.0,0.821917808219178,43,2021
2022-05-28,12,517.0,0.821917808219178,43,2021
2022-05-28,13,62.0,0.821917808219178,43,2021
2022-05-28,15,9.0,0.821917808219178,43,2021
2022-05-28,19,6.0,0.821917808219178,43,2021
2022-05-28,16,3.0,0.821917808219178,43,2021
2022-05-28,17,49.0,0.821917808219178,43,2021
2022-05-28,18,31.0,0.821917808219178,43,2021
2022-05-28,20,2.0,0.821917808219178,43,2021
2022-05-28,21,22.0,0.821917808219178,43,2021
2022-05-28,22,14.0,0.821917808219178,43,2021
2022-05-28,25,74.0,0.821917808219178,43,2021
2022-05-28,24,29.0,0.821917808219178,43,2021
2022-05-28,23,15.0,0.821917808219178,43,2021
2022-05-28,26,93.0,0.821917808219178,43,2021
2022-05-28,27,12.0,0.821917808219178,43,2021
2022-05-28,29,22.0,0.821917808219178,43,2021
2022-05-28,28,20.0,0.821917808219178,43,2021
2022-05-28,30,14.0,0.821917808219178,43,2021
2022-05-28,37,40.0,0.821917808219178,43,2021
2022-05-28,38,0.0,0.821917808219178,43,2021
2022-05-28,31,3.0,0.821917808219178,43,2021
2022-05-28,33,6.0,0.821917808219178,43,2021
2022-05-28,34,75.0,0.821917808219178,43,2021
2022-05-28,35,50.0,0.821917808219178,43,2021
2022-05-28,32,93.0,0.821917808219178,43,2021
2022-05-28,36,155.0,0.821917808219178,43,2021
2022-05-28,39,45.0,0.821917808219178,43,2021
2022-05-28,40,39.0,0.821917808219178,43,2021
2022-05-28,41,33.0,0.821917808219178,43,2021
2022-05-28,42,83.0,0.821917808219178,43,2021
2022-05-28,72,23.0,0.821917808219178,43,2021
2022-05-28,44,7.0,0.821917808219178,43,2021
2022-05-28,45,30.0,0.821917808219178,43,2021
2022-05-28,46,3.0,0.821917808219178,43,2021
2022-05-28,47,18.0,0.821917808219178,43,2021
2022-05-28,48,115.0,0.821917808219178,43,2021
2022-05-28,US,2729.0,0.821917808219178,43,2021
2022-05-28,49,1.0,0.821917808219178,43,2021
2022-05-28,51,35.0,0.821917808219178,43,2021
2022-05-28,50,2.0,0.821917808219178,43,2021
2022-05-28,53,67.0,0.821917808219178,43,2021
2022-05-28,55,27.0,0.821917808219178,43,2021
2022-05-28,54,5.0,0.821917808219178,43,2021
2022-05-28,56,6.0,0.821917808219178,43,2021
2022-05-21,02,18.0,0.8027397260273973,42,2021
2022-05-21,01,15.0,0.8027397260273973,42,2021
2022-05-21,05,15.0,0.8027397260273973,42,2021
2022-05-21,04,225.0,0.8027397260273973,42,2021
2022-05-21,06,355.0,0.8027397260273973,42,2021
2022-05-21,08,120.0,0.8027397260273973,42,2021
2022-05-21,09,75.0,0.8027397260273973,42,2021
2022-05-21,11,4.0,0.8027397260273973,42,2021
2022-05-21,10,4.0,0.8027397260273973,42,2021
2022-05-21,12,371.0,0.8027397260273973,42,2021
2022-05-21,13,55.0,0.8027397260273973,42,2021
2022-05-21,15,11.0,0.8027397260273973,42,2021
2022-05-21,19,10.0,0.8027397260273973,42,2021
2022-05-21,16,12.0,0.8027397260273973,42,2021
2022-05-21,17,98.0,0.8027397260273973,42,2021
2022-05-21,18,45.0,0.8027397260273973,42,2021
2022-05-21,20,7.0,0.8027397260273973,42,2021
2022-05-21,21,41.0,0.8027397260273973,42,2021
2022-05-21,22,36.0,0.8027397260273973,42,2021
2022-05-21,25,147.0,0.8027397260273973,42,2021
2022-05-21,24,45.0,0.8027397260273973,42,2021
2022-05-21,23,36.0,0.8027397260273973,42,2021
2022-05-21,26,140.0,0.8027397260273973,42,2021
2022-05-21,27,13.0,0.8027397260273973,42,2021
2022-05-21,29,33.0,0.8027397260273973,42,2021
2022-05-21,28,31.0,0.8027397260273973,42,2021
2022-05-21,30,11.0,0.8027397260273973,42,2021
2022-05-21,37,45.0,0.8027397260273973,42,2021
2022-05-21,38,1.0,0.8027397260273973,42,2021
2022-05-21,31,7.0,0.8027397260273973,42,2021
2022-05-21,33,13.0,0.8027397260273973,42,2021
2022-05-21,34,87.0,0.8027397260273973,42,2021
2022-05-21,35,61.0,0.8027397260273973,42,2021
2022-05-21,32,99.0,0.8027397260273973,42,2021
2022-05-21,36,182.0,0.8027397260273973,42,2021
2022-05-21,39,66.0,0.8027397260273973,42,2021
2022-05-21,40,29.0,0.8027397260273973,42,2021
2022-05-21,41,36.0,0.8027397260273973,42,2021
2022-05-21,42,158.0,0.8027397260273973,42,2021
2022-05-21,72,23.0,0.8027397260273973,42,2021
2022-05-21,44,6.0,0.8027397260273973,42,2021
2022-05-21,45,37.0,0.8027397260273973,42,2021
2022-05-21,46,5.0,0.8027397260273973,42,2021
2022-05-21,47,15.0,0.8027397260273973,42,2021
2022-05-21,48,128.0,0.8027397260273973,42,2021
2022-05-21,US,3118.0,0.8027397260273973,42,2021
2022-05-21,49,7.0,0.8027397260273973,42,2021
2022-05-21,51,35.0,0.8027397260273973,42,2021
2022-05-21,50,0.0,0.8027397260273973,42,2021
2022-05-21,53,60.0,0.8027397260273973,42,2021
2022-05-21,55,26.0,0.8027397260273973,42,2021
2022-05-21,54,12.0,0.8027397260273973,42,2021
2022-05-21,56,6.0,0.8027397260273973,42,2021
2022-05-14,02,3.0,0.7835616438356164,41,2021
2022-05-14,01,12.0,0.7835616438356164,41,2021
2022-05-14,05,28.0,0.7835616438356164,41,2021
2022-05-14,04,194.0,0.7835616438356164,41,2021
2022-05-14,06,277.0,0.7835616438356164,41,2021
2022-05-14,08,173.0,0.7835616438356164,41,2021
2022-05-14,09,70.0,0.7835616438356164,41,2021
2022-05-14,11,5.0,0.7835616438356164,41,2021
2022-05-14,10,3.0,0.7835616438356164,41,2021
2022-05-14,12,278.0,0.7835616438356164,41,2021
2022-05-14,13,60.0,0.7835616438356164,41,2021
2022-05-14,15,3.0,0.7835616438356164,41,2021
2022-05-14,19,17.0,0.7835616438356164,41,2021
2022-05-14,16,16.0,0.7835616438356164,41,2021
2022-05-14,17,123.0,0.7835616438356164,41,2021
2022-05-14,18,35.0,0.7835616438356164,41,2021
2022-05-14,20,7.0,0.7835616438356164,41,2021
2022-05-14,21,47.0,0.7835616438356164,41,2021
2022-05-14,22,32.0,0.7835616438356164,41,2021
2022-05-14,25,162.0,0.7835616438356164,41,2021
2022-05-14,24,54.0,0.7835616438356164,41,2021
2022-05-14,23,37.0,0.7835616438356164,41,2021
2022-05-14,26,180.0,0.7835616438356164,41,2021
2022-05-14,27,17.0,0.7835616438356164,41,2021
2022-05-14,29,39.0,0.7835616438356164,41,2021
2022-05-14,28,25.0,0.7835616438356164,41,2021
2022-05-14,30,9.0,0.7835616438356164,41,2021
2022-05-14,37,37.0,0.7835616438356164,41,2021
2022-05-14,38,1.0,0.7835616438356164,41,2021
2022-05-14,31,4.0,0.7835616438356164,41,2021
2022-05-14,33,14.0,0.7835616438356164,41,2021
2022-05-14,34,95.0,0.7835616438356164,41,2021
2022-05-14,35,37.0,0.7835616438356164,41,2021
2022-05-14,32,79.0,0.7835616438356164,41,2021
2022-05-14,36,188.0,0.7835616438356164,41,2021
2022-05-14,39,79.0,0.7835616438356164,41,2021
2022-05-14,40,47.0,0.7835616438356164,41,2021
2022-05-14,41,26.0,0.7835616438356164,41,2021
2022-05-14,42,179.0,0.7835616438356164,41,2021
2022-05-14,72,27.0,0.7835616438356164,41,2021
2022-05-14,44,8.0,0.7835616438356164,41,2021
2022-05-14,45,27.0,0.7835616438356164,41,2021
2022-05-14,46,19.0,0.7835616438356164,41,2021
2022-05-14,47,30.0,0.7835616438356164,41,2021
2022-05-14,48,142.0,0.7835616438356164,41,2021
2022-05-14,US,3112.0,0.7835616438356164,41,2021
2022-05-14,49,10.0,0.7835616438356164,41,2021
2022-05-14,51,41.0,0.7835616438356164,41,2021
2022-05-14,50,3.0,0.7835616438356164,41,2021
2022-05-14,53,57.0,0.7835616438356164,41,2021
2022-05-14,55,36.0,0.7835616438356164,41,2021
2022-05-14,54,16.0,0.7835616438356164,41,2021
2022-05-14,56,4.0,0.7835616438356164,41,2021
2022-05-07,02,6.0,0.7643835616438356,40,2021
2022-05-07,01,19.0,0.7643835616438356,40,2021
2022-05-07,05,17.0,0.7643835616438356,40,2021
2022-05-07,04,170.0,0.7643835616438356,40,2021
2022-05-07,06,206.0,0.7643835616438356,40,2021
2022-05-07,08,258.0,0.7643835616438356,40,2021
2022-05-07,09,76.0,0.7643835616438356,40,2021
2022-05-07,11,2.0,0.7643835616438356,40,2021
2022-05-07,10,4.0,0.7643835616438356,40,2021
2022-05-07,12,213.0,0.7643835616438356,40,2021
2022-05-07,13,44.0,0.7643835616438356,40,2021
2022-05-07,15,2.0,0.7643835616438356,40,2021
2022-05-07,19,20.0,0.7643835616438356,40,2021
2022-05-07,16,13.0,0.7643835616438356,40,2021
2022-05-07,17,108.0,0.7643835616438356,40,2021
2022-05-07,18,49.0,0.7643835616438356,40,2021
2022-05-07,20,8.0,0.7643835616438356,40,2021
2022-05-07,21,109.0,0.7643835616438356,40,2021
2022-05-07,22,35.0,0.7643835616438356,40,2021
2022-05-07,25,174.0,0.7643835616438356,40,2021
2022-05-07,24,46.0,0.7643835616438356,40,2021
2022-05-07,23,8.0,0.7643835616438356,40,2021
2022-05-07,26,169.0,0.7643835616438356,40,2021
2022-05-07,27,32.0,0.7643835616438356,40,2021
2022-05-07,29,66.0,0.7643835616438356,40,2021
2022-05-07,28,22.0,0.7643835616438356,40,2021
2022-05-07,30,20.0,0.7643835616438356,40,2021
2022-05-07,37,51.0,0.7643835616438356,40,2021
2022-05-07,38,1.0,0.7643835616438356,40,2021
2022-05-07,31,6.0,0.7643835616438356,40,2021
2022-05-07,33,21.0,0.7643835616438356,40,2021
2022-05-07,34,119.0,0.7643835616438356,40,2021
2022-05-07,35,70.0,0.7643835616438356,40,2021
2022-05-07,32,59.0,0.7643835616438356,40,2021
2022-05-07,36,231.0,0.7643835616438356,40,2021
2022-05-07,39,99.0,0.7643835616438356,40,2021
2022-05-07,40,34.0,0.7643835616438356,40,2021
2022-05-07,41,27.0,0.7643835616438356,40,2021
2022-05-07,42,149.0,0.7643835616438356,40,2021
2022-05-07,72,28.0,0.7643835616438356,40,2021
2022-05-07,44,6.0,0.7643835616438356,40,2021
2022-05-07,45,20.0,0.7643835616438356,40,2021
2022-05-07,46,3.0,0.7643835616438356,40,2021
2022-05-07,47,18.0,0.7643835616438356,40,2021
2022-05-07,48,128.0,0.7643835616438356,40,2021
2022-05-07,US,3162.0,0.7643835616438356,40,2021
2022-05-07,49,12.0,0.7643835616438356,40,2021
2022-05-07,51,44.0,0.7643835616438356,40,2021
2022-05-07,50,7.0,0.7643835616438356,40,2021
2022-05-07,53,60.0,0.7643835616438356,40,2021
2022-05-07,55,51.0,0.7643835616438356,40,2021
2022-05-07,54,18.0,0.7643835616438356,40,2021
2022-05-07,56,4.0,0.7643835616438356,40,2021
2022-04-30,02,1.0,0.7452054794520548,39,2021
2022-04-30,01,9.0,0.7452054794520548,39,2021
2022-04-30,05,33.0,0.7452054794520548,39,2021
2022-04-30,04,156.0,0.7452054794520548,39,2021
2022-04-30,06,213.0,0.7452054794520548,39,2021
2022-04-30,08,163.0,0.7452054794520548,39,2021
2022-04-30,09,57.0,0.7452054794520548,39,2021
2022-04-30,11,3.0,0.7452054794520548,39,2021
2022-04-30,10,7.0,0.7452054794520548,39,2021
2022-04-30,12,164.0,0.7452054794520548,39,2021
2022-04-30,13,36.0,0.7452054794520548,39,2021
2022-04-30,15,4.0,0.7452054794520548,39,2021
2022-04-30,19,17.0,0.7452054794520548,39,2021
2022-04-30,16,15.0,0.7452054794520548,39,2021
2022-04-30,17,97.0,0.7452054794520548,39,2021
2022-04-30,18,72.0,0.7452054794520548,39,2021
2022-04-30,20,19.0,0.7452054794520548,39,2021
2022-04-30,21,119.0,0.7452054794520548,39,2021
2022-04-30,22,24.0,0.7452054794520548,39,2021
2022-04-30,25,183.0,0.7452054794520548,39,2021
2022-04-30,24,51.0,0.7452054794520548,39,2021
2022-04-30,23,30.0,0.7452054794520548,39,2021
2022-04-30,26,136.0,0.7452054794520548,39,2021
2022-04-30,27,29.0,0.7452054794520548,39,2021
2022-04-30,29,55.0,0.7452054794520548,39,2021
2022-04-30,28,26.0,0.7452054794520548,39,2021
2022-04-30,30,18.0,0.7452054794520548,39,2021
2022-04-30,37,63.0,0.7452054794520548,39,2021
2022-04-30,38,3.0,0.7452054794520548,39,2021
2022-04-30,31,16.0,0.7452054794520548,39,2021
2022-04-30,33,24.0,0.7452054794520548,39,2021
2022-04-30,34,125.0,0.7452054794520548,39,2021
2022-04-30,35,51.0,0.7452054794520548,39,2021
2022-04-30,32,59.0,0.7452054794520548,39,2021
2022-04-30,36,271.0,0.7452054794520548,39,2021
2022-04-30,39,104.0,0.7452054794520548,39,2021
2022-04-30,40,45.0,0.7452054794520548,39,2021
2022-04-30,41,23.0,0.7452054794520548,39,2021
2022-04-30,42,160.0,0.7452054794520548,39,2021
2022-04-30,72,39.0,0.7452054794520548,39,2021
2022-04-30,44,5.0,0.7452054794520548,39,2021
2022-04-30,45,29.0,0.7452054794520548,39,2021
2022-04-30,46,8.0,0.7452054794520548,39,2021
2022-04-30,47,35.0,0.7452054794520548,39,2021
2022-04-30,48,168.0,0.7452054794520548,39,2021
2022-04-30,US,3175.0,0.7452054794520548,39,2021
2022-04-30,49,1.0,0.7452054794520548,39,2021
2022-04-30,51,57.0,0.7452054794520548,39,2021
2022-04-30,50,6.0,0.7452054794520548,39,2021
2022-04-30,53,42.0,0.7452054794520548,39,2021
2022-04-30,55,64.0,0.7452054794520548,39,2021
2022-04-30,54,35.0,0.7452054794520548,39,2021
2022-04-30,56,5.0,0.7452054794520548,39,2021
2022-04-23,02,2.0,0.726027397260274,38,2021
2022-04-23,01,25.0,0.726027397260274,38,2021
2022-04-23,05,34.0,0.726027397260274,38,2021
2022-04-23,04,131.0,0.726027397260274,38,2021
2022-04-23,06,148.0,0.726027397260274,38,2021
2022-04-23,08,179.0,0.726027397260274,38,2021
2022-04-23,09,52.0,0.726027397260274,38,2021
2022-04-23,11,1.0,0.726027397260274,38,2021
2022-04-23,10,17.0,0.726027397260274,38,2021
2022-04-23,12,141.0,0.726027397260274,38,2021
2022-04-23,13,46.0,0.726027397260274,38,2021
2022-04-23,15,7.0,0.726027397260274,38,2021
2022-04-23,19,20.0,0.726027397260274,38,2021
2022-04-23,16,17.0,0.726027397260274,38,2021
2022-04-23,17,106.0,0.726027397260274,38,2021
2022-04-23,18,64.0,0.726027397260274,38,2021
2022-04-23,20,26.0,0.726027397260274,38,2021
2022-04-23,21,82.0,0.726027397260274,38,2021
2022-04-23,22,44.0,0.726027397260274,38,2021
2022-04-23,25,176.0,0.726027397260274,38,2021
2022-04-23,24,43.0,0.726027397260274,38,2021
2022-04-23,23,20.0,0.726027397260274,38,2021
2022-04-23,26,138.0,0.726027397260274,38,2021
2022-04-23,27,33.0,0.726027397260274,38,2021
2022-04-23,29,70.0,0.726027397260274,38,2021
2022-04-23,28,16.0,0.726027397260274,38,2021
2022-04-23,30,21.0,0.726027397260274,38,2021
2022-04-23,37,45.0,0.726027397260274,38,2021
2022-04-23,38,7.0,0.726027397260274,38,2021
2022-04-23,31,16.0,0.726027397260274,38,2021
2022-04-23,33,28.0,0.726027397260274,38,2021
2022-04-23,34,126.0,0.726027397260274,38,2021
2022-04-23,35,41.0,0.726027397260274,38,2021
2022-04-23,32,84.0,0.726027397260274,38,2021
2022-04-23,36,275.0,0.726027397260274,38,2021
2022-04-23,39,115.0,0.726027397260274,38,2021
2022-04-23,40,76.0,0.726027397260274,38,2021
2022-04-23,41,27.0,0.726027397260274,38,2021
2022-04-23,42,200.0,0.726027397260274,38,2021
2022-04-23,72,74.0,0.726027397260274,38,2021
2022-04-23,44,10.0,0.726027397260274,38,2021
2022-04-23,45,32.0,0.726027397260274,38,2021
2022-04-23,46,3.0,0.726027397260274,38,2021
2022-04-23,47,34.0,0.726027397260274,38,2021
2022-04-23,48,407.0,0.726027397260274,38,2021
2022-04-23,US,3450.0,0.726027397260274,38,2021
2022-04-23,49,9.0,0.726027397260274,38,2021
2022-04-23,51,42.0,0.726027397260274,38,2021
2022-04-23,50,12.0,0.726027397260274,38,2021
2022-04-23,53,34.0,0.726027397260274,38,2021
2022-04-23,55,54.0,0.726027397260274,38,2021
2022-04-23,54,39.0,0.726027397260274,38,2021
2022-04-23,56,1.0,0.726027397260274,38,2021
2022-04-16,02,1.0,0.7068493150684931,37,2021
2022-04-16,01,11.0,0.7068493150684931,37,2021
2022-04-16,05,43.0,0.7068493150684931,37,2021
2022-04-16,04,93.0,0.7068493150684931,37,2021
2022-04-16,06,104.0,0.7068493150684931,37,2021
2022-04-16,08,139.0,0.7068493150684931,37,2021
2022-04-16,09,45.0,0.7068493150684931,37,2021
2022-04-16,11,2.0,0.7068493150684931,37,2021
2022-04-16,10,38.0,0.7068493150684931,37,2021
2022-04-16,12,148.0,0.7068493150684931,37,2021
2022-04-16,13,42.0,0.7068493150684931,37,2021
2022-04-16,15,9.0,0.7068493150684931,37,2021
2022-04-16,19,25.0,0.7068493150684931,37,2021
2022-04-16,16,16.0,0.7068493150684931,37,2021
2022-04-16,17,79.0,0.7068493150684931,37,2021
2022-04-16,18,93.0,0.7068493150684931,37,2021
2022-04-16,20,19.0,0.7068493150684931,37,2021
2022-04-16,21,105.0,0.7068493150684931,37,2021
2022-04-16,22,48.0,0.7068493150684931,37,2021
2022-04-16,25,167.0,0.7068493150684931,37,2021
2022-04-16,24,51.0,0.7068493150684931,37,2021
2022-04-16,23,15.0,0.7068493150684931,37,2021
2022-04-16,26,150.0,0.7068493150684931,37,2021
2022-04-16,27,27.0,0.7068493150684931,37,2021
2022-04-16,29,77.0,0.7068493150684931,37,2021
2022-04-16,28,22.0,0.7068493150684931,37,2021
2022-04-16,30,14.0,0.7068493150684931,37,2021
2022-04-16,37,57.0,0.7068493150684931,37,2021
2022-04-16,38,7.0,0.7068493150684931,37,2021
2022-04-16,31,29.0,0.7068493150684931,37,2021
2022-04-16,33,17.0,0.7068493150684931,37,2021
2022-04-16,34,140.0,0.7068493150684931,37,2021
2022-04-16,35,28.0,0.7068493150684931,37,2021
2022-04-16,32,88.0,0.7068493150684931,37,2021
2022-04-16,36,226.0,0.7068493150684931,37,2021
2022-04-16,39,133.0,0.7068493150684931,37,2021
2022-04-16,40,100.0,0.7068493150684931,37,2021
2022-04-16,41,14.0,0.7068493150684931,37,2021
2022-04-16,42,189.0,0.7068493150684931,37,2021
2022-04-16,72,55.0,0.7068493150684931,37,2021
2022-04-16,44,9.0,0.7068493150684931,37,2021
2022-04-16,45,31.0,0.7068493150684931,37,2021
2022-04-16,46,4.0,0.7068493150684931,37,2021
2022-04-16,47,35.0,0.7068493150684931,37,2021
2022-04-16,48,319.0,0.7068493150684931,37,2021
2022-04-16,US,3292.0,0.7068493150684931,37,2021
2022-04-16,49,16.0,0.7068493150684931,37,2021
2022-04-16,51,51.0,0.7068493150684931,37,2021
2022-04-16,50,12.0,0.7068493150684931,37,2021
2022-04-16,53,32.0,0.7068493150684931,37,2021
2022-04-16,55,66.0,0.7068493150684931,37,2021
2022-04-16,54,43.0,0.7068493150684931,37,2021
2022-04-16,56,8.0,0.7068493150684931,37,2021
2022-04-09,02,2.0,0.6876712328767123,36,2021
2022-04-09,01,23.0,0.6876712328767123,36,2021
2022-04-09,05,74.0,0.6876712328767123,36,2021
2022-04-09,04,116.0,0.6876712328767123,36,2021
2022-04-09,06,96.0,0.6876712328767123,36,2021
2022-04-09,08,104.0,0.6876712328767123,36,2021
2022-04-09,09,47.0,0.6876712328767123,36,2021
2022-04-09,11,2.0,0.6876712328767123,36,2021
2022-04-09,10,7.0,0.6876712328767123,36,2021
2022-04-09,12,83.0,0.6876712328767123,36,2021
2022-04-09,13,33.0,0.6876712328767123,36,2021
2022-04-09,15,3.0,0.6876712328767123,36,2021
2022-04-09,19,25.0,0.6876712328767123,36,2021
2022-04-09,16,20.0,0.6876712328767123,36,2021
2022-04-09,17,105.0,0.6876712328767123,36,2021
2022-04-09,18,109.0,0.6876712328767123,36,2021
2022-04-09,20,32.0,0.6876712328767123,36,2021
2022-04-09,21,90.0,0.6876712328767123,36,2021
2022-04-09,22,30.0,0.6876712328767123,36,2021
2022-04-09,25,131.0,0.6876712328767123,36,2021
2022-04-09,24,47.0,0.6876712328767123,36,2021
2022-04-09,23,11.0,0.6876712328767123,36,2021
2022-04-09,26,160.0,0.6876712328767123,36,2021
2022-04-09,27,28.0,0.6876712328767123,36,2021
2022-04-09,29,77.0,0.6876712328767123,36,2021
2022-04-09,28,32.0,0.6876712328767123,36,2021
2022-04-09,30,19.0,0.6876712328767123,36,2021
2022-04-09,37,35.0,0.6876712328767123,36,2021
2022-04-09,38,4.0,0.6876712328767123,36,2021
2022-04-09,31,35.0,0.6876712328767123,36,2021
2022-04-09,33,13.0,0.6876712328767123,36,2021
2022-04-09,34,136.0,0.6876712328767123,36,2021
2022-04-09,35,43.0,0.6876712328767123,36,2021
2022-04-09,32,110.0,0.6876712328767123,36,2021
2022-04-09,36,195.0,0.6876712328767123,36,2021
2022-04-09,39,127.0,0.6876712328767123,36,2021
2022-04-09,40,118.0,0.6876712328767123,36,2021
2022-04-09,41,14.0,0.6876712328767123,36,2021
2022-04-09,42,183.0,0.6876712328767123,36,2021
2022-04-09,72,31.0,0.6876712328767123,36,2021
2022-04-09,44,5.0,0.6876712328767123,36,2021
2022-04-09,45,18.0,0.6876712328767123,36,2021
2022-04-09,46,11.0,0.6876712328767123,36,2021
2022-04-09,47,31.0,0.6876712328767123,36,2021
2022-04-09,48,338.0,0.6876712328767123,36,2021
2022-04-09,US,3130.0,0.6876712328767123,36,2021
2022-04-09,49,14.0,0.6876712328767123,36,2021
2022-04-09,51,35.0,0.6876712328767123,36,2021
2022-04-09,50,14.0,0.6876712328767123,36,2021
2022-04-09,53,24.0,0.6876712328767123,36,2021
2022-04-09,55,44.0,0.6876712328767123,36,2021
2022-04-09,54,36.0,0.6876712328767123,36,2021
2022-04-09,56,10.0,0.6876712328767123,36,2021
2022-04-02,02,0.0,0.6684931506849315,35,2021
2022-04-02,01,25.0,0.6684931506849315,35,2021
2022-04-02,05,56.0,0.6684931506849315,35,2021
2022-04-02,04,99.0,0.6684931506849315,35,2021
2022-04-02,06,79.0,0.6684931506849315,35,2021
2022-04-02,08,121.0,0.6684931506849315,35,2021
2022-04-02,09,26.0,0.6684931506849315,35,2021
2022-04-02,11,4.0,0.6684931506849315,35,2021
2022-04-02,10,3.0,0.6684931506849315,35,2021
2022-04-02,12,78.0,0.6684931506849315,35,2021
2022-04-02,13,45.0,0.6684931506849315,35,2021
2022-04-02,15,1.0,0.6684931506849315,35,2021
2022-04-02,19,36.0,0.6684931506849315,35,2021
2022-04-02,16,19.0,0.6684931506849315,35,2021
2022-04-02,17,88.0,0.6684931506849315,35,2021
2022-04-02,18,115.0,0.6684931506849315,35,2021
2022-04-02,20,28.0,0.6684931506849315,35,2021
2022-04-02,21,53.0,0.6684931506849315,35,2021
2022-04-02,22,63.0,0.6684931506849315,35,2021
2022-04-02,25,78.0,0.6684931506849315,35,2021
2022-04-02,24,29.0,0.6684931506849315,35,2021
2022-04-02,23,9.0,0.6684931506849315,35,2021
2022-04-02,26,146.0,0.6684931506849315,35,2021
2022-04-02,27,33.0,0.6684931506849315,35,2021
2022-04-02,29,91.0,0.6684931506849315,35,2021
2022-04-02,28,25.0,0.6684931506849315,35,2021
2022-04-02,30,38.0,0.6684931506849315,35,2021
2022-04-02,37,28.0,0.6684931506849315,35,2021
2022-04-02,38,4.0,0.6684931506849315,35,2021
2022-04-02,31,25.0,0.6684931506849315,35,2021
2022-04-02,33,6.0,0.6684931506849315,35,2021
2022-04-02,34,80.0,0.6684931506849315,35,2021
2022-04-02,35,39.0,0.6684931506849315,35,2021
2022-04-02,32,68.0,0.6684931506849315,35,2021
2022-04-02,36,163.0,0.6684931506849315,35,2021
2022-04-02,39,97.0,0.6684931506849315,35,2021
2022-04-02,40,165.0,0.6684931506849315,35,2021
2022-04-02,41,10.0,0.6684931506849315,35,2021
2022-04-02,42,140.0,0.6684931506849315,35,2021
2022-04-02,72,26.0,0.6684931506849315,35,2021
2022-04-02,44,3.0,0.6684931506849315,35,2021
2022-04-02,45,15.0,0.6684931506849315,35,2021
2022-04-02,46,5.0,0.6684931506849315,35,2021
2022-04-02,47,38.0,0.6684931506849315,35,2021
2022-04-02,48,519.0,0.6684931506849315,35,2021
2022-04-02,US,3000.0,0.6684931506849315,35,2021
2022-04-02,49,17.0,0.6684931506849315,35,2021
2022-04-02,51,39.0,0.6684931506849315,35,2021
2022-04-02,50,9.0,0.6684931506849315,35,2021
2022-04-02,53,20.0,0.6684931506849315,35,2021
2022-04-02,55,57.0,0.6684931506849315,35,2021
2022-04-02,54,37.0,0.6684931506849315,35,2021
2022-04-02,56,2.0,0.6684931506849315,35,2021
2022-03-26,02,3.0,0.6493150684931507,34,2021
2022-03-26,01,17.0,0.6493150684931507,34,2021
2022-03-26,05,74.0,0.6493150684931507,34,2021
2022-03-26,04,120.0,0.6493150684931507,34,2021
2022-03-26,06,61.0,0.6493150684931507,34,2021
2022-03-26,08,82.0,0.6493150684931507,34,2021
2022-03-26,09,25.0,0.6493150684931507,34,2021
2022-03-26,11,4.0,0.6493150684931507,34,2021
2022-03-26,10,4.0,0.6493150684931507,34,2021
2022-03-26,12,84.0,0.6493150684931507,34,2021
2022-03-26,13,33.0,0.6493150684931507,34,2021
2022-03-26,15,0.0,0.6493150684931507,34,2021
2022-03-26,19,43.0,0.6493150684931507,34,2021
2022-03-26,16,14.0,0.6493150684931507,34,2021
2022-03-26,17,114.0,0.6493150684931507,34,2021
2022-03-26,18,125.0,0.6493150684931507,34,2021
2022-03-26,20,49.0,0.6493150684931507,34,2021
2022-03-26,21,42.0,0.6493150684931507,34,2021
2022-03-26,22,74.0,0.6493150684931507,34,2021
2022-03-26,25,30.0,0.6493150684931507,34,2021
2022-03-26,24,30.0,0.6493150684931507,34,2021
2022-03-26,23,3.0,0.6493150684931507,34,2021
2022-03-26,26,134.0,0.6493150684931507,34,2021
2022-03-26,27,37.0,0.6493150684931507,34,2021
2022-03-26,29,79.0,0.6493150684931507,34,2021
2022-03-26,28,48.0,0.6493150684931507,34,2021
2022-03-26,30,19.0,0.6493150684931507,34,2021
2022-03-26,37,23.0,0.6493150684931507,34,2021
2022-03-26,38,9.0,0.6493150684931507,34,2021
2022-03-26,31,60.0,0.6493150684931507,34,2021
2022-03-26,33,7.0,0.6493150684931507,34,2021
2022-03-26,34,60.0,0.6493150684931507,34,2021
2022-03-26,35,36.0,0.6493150684931507,34,2021
2022-03-26,32,53.0,0.6493150684931507,34,2021
2022-03-26,36,85.0,0.6493150684931507,34,2021
2022-03-26,39,104.0,0.6493150684931507,34,2021
2022-03-26,40,156.0,0.6493150684931507,34,2021
2022-03-26,41,24.0,0.6493150684931507,34,2021
2022-03-26,42,109.0,0.6493150684931507,34,2021
2022-03-26,72,31.0,0.6493150684931507,34,2021
2022-03-26,44,1.0,0.6493150684931507,34,2021
2022-03-26,45,7.0,0.6493150684931507,34,2021
2022-03-26,46,5.0,0.6493150684931507,34,2021
2022-03-26,47,43.0,0.6493150684931507,34,2021
2022-03-26,48,594.0,0.6493150684931507,34,2021
2022-03-26,US,2912.0,0.6493150684931507,34,2021
2022-03-26,49,6.0,0.6493150684931507,34,2021
2022-03-26,51,35.0,0.6493150684931507,34,2021
2022-03-26,50,8.0,0.6493150684931507,34,2021
2022-03-26,53,24.0,0.6493150684931507,34,2021
2022-03-26,55,58.0,0.6493150684931507,34,2021
2022-03-26,54,19.0,0.6493150684931507,34,2021
2022-03-26,56,7.0,0.6493150684931507,34,2021
2022-03-19,02,1.0,0.6301369863013698,33,2021
2022-03-19,01,23.0,0.6301369863013698,33,2021
2022-03-19,05,62.0,0.6301369863013698,33,2021
2022-03-19,04,104.0,0.6301369863013698,33,2021
2022-03-19,06,51.0,0.6301369863013698,33,2021
2022-03-19,08,55.0,0.6301369863013698,33,2021
2022-03-19,09,18.0,0.6301369863013698,33,2021
2022-03-19,11,2.0,0.6301369863013698,33,2021
2022-03-19,10,4.0,0.6301369863013698,33,2021
2022-03-19,12,58.0,0.6301369863013698,33,2021
2022-03-19,13,35.0,0.6301369863013698,33,2021
2022-03-19,15,1.0,0.6301369863013698,33,2021
2022-03-19,19,49.0,0.6301369863013698,33,2021
2022-03-19,16,16.0,0.6301369863013698,33,2021
2022-03-19,17,58.0,0.6301369863013698,33,2021
2022-03-19,18,119.0,0.6301369863013698,33,2021
2022-03-19,20,31.0,0.6301369863013698,33,2021
2022-03-19,21,39.0,0.6301369863013698,33,2021
2022-03-19,22,64.0,0.6301369863013698,33,2021
2022-03-19,25,36.0,0.6301369863013698,33,2021
2022-03-19,24,19.0,0.6301369863013698,33,2021
2022-03-19,23,1.0,0.6301369863013698,33,2021
2022-03-19,26,119.0,0.6301369863013698,33,2021
2022-03-19,27,29.0,0.6301369863013698,33,2021
2022-03-19,29,90.0,0.6301369863013698,33,2021
2022-03-19,28,31.0,0.6301369863013698,33,2021
2022-03-19,30,16.0,0.6301369863013698,33,2021
2022-03-19,37,14.0,0.6301369863013698,33,2021
2022-03-19,38,5.0,0.6301369863013698,33,2021
2022-03-19,31,61.0,0.6301369863013698,33,2021
2022-03-19,33,10.0,0.6301369863013698,33,2021
2022-03-19,34,41.0,0.6301369863013698,33,2021
2022-03-19,35,15.0,0.6301369863013698,33,2021
2022-03-19,32,41.0,0.6301369863013698,33,2021
2022-03-19,36,84.0,0.6301369863013698,33,2021
2022-03-19,39,94.0,0.6301369863013698,33,2021
2022-03-19,40,161.0,0.6301369863013698,33,2021
2022-03-19,41,18.0,0.6301369863013698,33,2021
2022-03-19,42,101.0,0.6301369863013698,33,2021
2022-03-19,72,21.0,0.6301369863013698,33,2021
2022-03-19,44,1.0,0.6301369863013698,33,2021
2022-03-19,45,14.0,0.6301369863013698,33,2021
2022-03-19,46,12.0,0.6301369863013698,33,2021
2022-03-19,47,28.0,0.6301369863013698,33,2021
2022-03-19,48,589.0,0.6301369863013698,33,2021
2022-03-19,US,2610.0,0.6301369863013698,33,2021
2022-03-19,49,17.0,0.6301369863013698,33,2021
2022-03-19,51,32.0,0.6301369863013698,33,2021
2022-03-19,50,0.0,0.6301369863013698,33,2021
2022-03-19,53,21.0,0.6301369863013698,33,2021
2022-03-19,55,53.0,0.6301369863013698,33,2021
2022-03-19,54,43.0,0.6301369863013698,33,2021
2022-03-19,56,3.0,0.6301369863013698,33,2021
2022-03-12,02,2.0,0.6109589041095891,32,2021
2022-03-12,01,35.0,0.6109589041095891,32,2021
2022-03-12,05,60.0,0.6109589041095891,32,2021
2022-03-12,04,79.0,0.6109589041095891,32,2021
2022-03-12,06,40.0,0.6109589041095891,32,2021
2022-03-12,08,38.0,0.6109589041095891,32,2021
2022-03-12,09,8.0,0.6109589041095891,32,2021
2022-03-12,11,4.0,0.6109589041095891,32,2021
2022-03-12,10,7.0,0.6109589041095891,32,2021
2022-03-12,12,47.0,0.6109589041095891,32,2021
2022-03-12,13,38.0,0.6109589041095891,32,2021
2022-03-12,15,0.0,0.6109589041095891,32,2021
2022-03-12,19,54.0,0.6109589041095891,32,2021
2022-03-12,16,13.0,0.6109589041095891,32,2021
2022-03-12,17,34.0,0.6109589041095891,32,2021
2022-03-12,18,108.0,0.6109589041095891,32,2021
2022-03-12,20,40.0,0.6109589041095891,32,2021
2022-03-12,21,30.0,0.6109589041095891,32,2021
2022-03-12,22,62.0,0.6109589041095891,32,2021
2022-03-12,25,23.0,0.6109589041095891,32,2021
2022-03-12,24,16.0,0.6109589041095891,32,2021
2022-03-12,23,2.0,0.6109589041095891,32,2021
2022-03-12,26,88.0,0.6109589041095891,32,2021
2022-03-12,27,35.0,0.6109589041095891,32,2021
2022-03-12,29,67.0,0.6109589041095891,32,2021
2022-03-12,28,33.0,0.6109589041095891,32,2021
2022-03-12,30,14.0,0.6109589041095891,32,2021
2022-03-12,37,55.0,0.6109589041095891,32,2021
2022-03-12,38,7.0,0.6109589041095891,32,2021
2022-03-12,31,43.0,0.6109589041095891,32,2021
2022-03-12,33,14.0,0.6109589041095891,32,2021
2022-03-12,34,30.0,0.6109589041095891,32,2021
2022-03-12,35,6.0,0.6109589041095891,32,2021
2022-03-12,32,33.0,0.6109589041095891,32,2021
2022-03-12,36,51.0,0.6109589041095891,32,2021
2022-03-12,39,75.0,0.6109589041095891,32,2021
2022-03-12,40,116.0,0.6109589041095891,32,2021
2022-03-12,41,7.0,0.6109589041095891,32,2021
2022-03-12,42,79.0,0.6109589041095891,32,2021
2022-03-12,72,23.0,0.6109589041095891,32,2021
2022-03-12,44,0.0,0.6109589041095891,32,2021
2022-03-12,45,14.0,0.6109589041095891,32,2021
2022-03-12,46,13.0,0.6109589041095891,32,2021
2022-03-12,47,28.0,0.6109589041095891,32,2021
2022-03-12,48,405.0,0.6109589041095891,32,2021
2022-03-12,US,2086.0,0.6109589041095891,32,2021
2022-03-12,49,12.0,0.6109589041095891,32,2021
2022-03-12,51,18.0,0.6109589041095891,32,2021
2022-03-12,50,0.0,0.6109589041095891,32,2021
2022-03-12,53,12.0,0.6109589041095891,32,2021
2022-03-12,55,41.0,0.6109589041095891,32,2021
2022-03-12,54,21.0,0.6109589041095891,32,2021
2022-03-12,56,6.0,0.6109589041095891,32,2021
2022-03-05,02,0.0,0.5917808219178082,31,2021
2022-03-05,01,26.0,0.5917808219178082,31,2021
2022-03-05,05,57.0,0.5917808219178082,31,2021
2022-03-05,04,80.0,0.5917808219178082,31,2021
2022-03-05,06,34.0,0.5917808219178082,31,2021
2022-03-05,08,21.0,0.5917808219178082,31,2021
2022-03-05,09,4.0,0.5917808219178082,31,2021
2022-03-05,11,1.0,0.5917808219178082,31,2021
2022-03-05,10,1.0,0.5917808219178082,31,2021
2022-03-05,12,59.0,0.5917808219178082,31,2021
2022-03-05,13,27.0,0.5917808219178082,31,2021
2022-03-05,15,0.0,0.5917808219178082,31,2021
2022-03-05,19,56.0,0.5917808219178082,31,2021
2022-03-05,16,1.0,0.5917808219178082,31,2021
2022-03-05,17,21.0,0.5917808219178082,31,2021
2022-03-05,18,59.0,0.5917808219178082,31,2021
2022-03-05,20,28.0,0.5917808219178082,31,2021
2022-03-05,21,23.0,0.5917808219178082,31,2021
2022-03-05,22,80.0,0.5917808219178082,31,2021
2022-03-05,25,11.0,0.5917808219178082,31,2021
2022-03-05,24,23.0,0.5917808219178082,31,2021
2022-03-05,23,2.0,0.5917808219178082,31,2021
2022-03-05,26,74.0,0.5917808219178082,31,2021
2022-03-05,27,28.0,0.5917808219178082,31,2021
2022-03-05,29,72.0,0.5917808219178082,31,2021
2022-03-05,28,34.0,0.5917808219178082,31,2021
2022-03-05,30,21.0,0.5917808219178082,31,2021
2022-03-05,37,44.0,0.5917808219178082,31,2021
2022-03-05,38,3.0,0.5917808219178082,31,2021
2022-03-05,31,53.0,0.5917808219178082,31,2021
2022-03-05,33,2.0,0.5917808219178082,31,2021
2022-03-05,34,33.0,0.5917808219178082,31,2021
2022-03-05,35,4.0,0.5917808219178082,31,2021
2022-03-05,32,24.0,0.5917808219178082,31,2021
2022-03-05,36,57.0,0.5917808219178082,31,2021
2022-03-05,39,53.0,0.5917808219178082,31,2021
2022-03-05,40,82.0,0.5917808219178082,31,2021
2022-03-05,41,2.0,0.5917808219178082,31,2021
2022-03-05,42,68.0,0.5917808219178082,31,2021
2022-03-05,72,6.0,0.5917808219178082,31,2021
2022-03-05,44,2.0,0.5917808219178082,31,2021
2022-03-05,45,16.0,0.5917808219178082,31,2021
2022-03-05,46,30.0,0.5917808219178082,31,2021
2022-03-05,47,29.0,0.5917808219178082,31,2021
2022-03-05,48,305.0,0.5917808219178082,31,2021
2022-03-05,US,1791.0,0.5917808219178082,31,2021
2022-03-05,49,9.0,0.5917808219178082,31,2021
2022-03-05,51,27.0,0.5917808219178082,31,2021
2022-03-05,50,0.0,0.5917808219178082,31,2021
2022-03-05,53,13.0,0.5917808219178082,31,2021
2022-03-05,55,61.0,0.5917808219178082,31,2021
2022-03-05,54,21.0,0.5917808219178082,31,2021
2022-03-05,56,4.0,0.5917808219178082,31,2021
2022-02-26,02,1.0,0.5726027397260274,30,2021
2022-02-26,01,10.0,0.5726027397260274,30,2021
2022-02-26,05,37.0,0.5726027397260274,30,2021
2022-02-26,04,80.0,0.5726027397260274,30,2021
2022-02-26,06,23.0,0.5726027397260274,30,2021
2022-02-26,08,24.0,0.5726027397260274,30,2021
2022-02-26,09,7.0,0.5726027397260274,30,2021
2022-02-26,11,0.0,0.5726027397260274,30,2021
2022-02-26,10,0.0,0.5726027397260274,30,2021
2022-02-26,12,55.0,0.5726027397260274,30,2021
2022-02-26,13,44.0,0.5726027397260274,30,2021
2022-02-26,15,0.0,0.5726027397260274,30,2021
2022-02-26,19,57.0,0.5726027397260274,30,2021
2022-02-26,16,3.0,0.5726027397260274,30,2021
2022-02-26,17,26.0,0.5726027397260274,30,2021
2022-02-26,18,42.0,0.5726027397260274,30,2021
2022-02-26,20,34.0,0.5726027397260274,30,2021
2022-02-26,21,23.0,0.5726027397260274,30,2021
2022-02-26,22,116.0,0.5726027397260274,30,2021
2022-02-26,25,34.0,0.5726027397260274,30,2021
2022-02-26,24,15.0,0.5726027397260274,30,2021
2022-02-26,23,2.0,0.5726027397260274,30,2021
2022-02-26,26,50.0,0.5726027397260274,30,2021
2022-02-26,27,19.0,0.5726027397260274,30,2021
2022-02-26,29,50.0,0.5726027397260274,30,2021
2022-02-26,28,27.0,0.5726027397260274,30,2021
2022-02-26,30,16.0,0.5726027397260274,30,2021
2022-02-26,37,33.0,0.5726027397260274,30,2021
2022-02-26,38,0.0,0.5726027397260274,30,2021
2022-02-26,31,40.0,0.5726027397260274,30,2021
2022-02-26,33,0.0,0.5726027397260274,30,2021
2022-02-26,34,28.0,0.5726027397260274,30,2021
2022-02-26,35,4.0,0.5726027397260274,30,2021
2022-02-26,32,9.0,0.5726027397260274,30,2021
2022-02-26,36,29.0,0.5726027397260274,30,2021
2022-02-26,39,32.0,0.5726027397260274,30,2021
2022-02-26,40,75.0,0.5726027397260274,30,2021
2022-02-26,41,4.0,0.5726027397260274,30,2021
2022-02-26,42,77.0,0.5726027397260274,30,2021
2022-02-26,72,7.0,0.5726027397260274,30,2021
2022-02-26,44,0.0,0.5726027397260274,30,2021
2022-02-26,45,13.0,0.5726027397260274,30,2021
2022-02-26,46,12.0,0.5726027397260274,30,2021
2022-02-26,47,42.0,0.5726027397260274,30,2021
2022-02-26,48,323.0,0.5726027397260274,30,2021
2022-02-26,US,1603.0,0.5726027397260274,30,2021
2022-02-26,49,5.0,0.5726027397260274,30,2021
2022-02-26,51,27.0,0.5726027397260274,30,2021
2022-02-26,50,1.0,0.5726027397260274,30,2021
2022-02-26,53,5.0,0.5726027397260274,30,2021
2022-02-26,55,29.0,0.5726027397260274,30,2021
2022-02-26,54,8.0,0.5726027397260274,30,2021
2022-02-26,56,4.0,0.5726027397260274,30,2021
2022-02-19,02,0.0,0.5534246575342465,29,2021
2022-02-19,01,21.0,0.5534246575342465,29,2021
2022-02-19,05,22.0,0.5534246575342465,29,2021
2022-02-19,04,56.0,0.5534246575342465,29,2021
2022-02-19,06,11.0,0.5534246575342465,29,2021
2022-02-19,08,16.0,0.5534246575342465,29,2021
2022-02-19,09,1.0,0.5534246575342465,29,2021
2022-02-19,11,1.0,0.5534246575342465,29,2021
2022-02-19,10,0.0,0.5534246575342465,29,2021
2022-02-19,12,47.0,0.5534246575342465,29,2021
2022-02-19,13,48.0,0.5534246575342465,29,2021
2022-02-19,15,0.0,0.5534246575342465,29,2021
2022-02-19,19,40.0,0.5534246575342465,29,2021
2022-02-19,16,1.0,0.5534246575342465,29,2021
2022-02-19,17,22.0,0.5534246575342465,29,2021
2022-02-19,18,53.0,0.5534246575342465,29,2021
2022-02-19,20,25.0,0.5534246575342465,29,2021
2022-02-19,21,12.0,0.5534246575342465,29,2021
2022-02-19,22,170.0,0.5534246575342465,29,2021
2022-02-19,25,43.0,0.5534246575342465,29,2021
2022-02-19,24,13.0,0.5534246575342465,29,2021
2022-02-19,23,5.0,0.5534246575342465,29,2021
2022-02-19,26,49.0,0.5534246575342465,29,2021
2022-02-19,27,30.0,0.5534246575342465,29,2021
2022-02-19,29,55.0,0.5534246575342465,29,2021
2022-02-19,28,25.0,0.5534246575342465,29,2021
2022-02-19,30,7.0,0.5534246575342465,29,2021
2022-02-19,37,34.0,0.5534246575342465,29,2021
2022-02-19,38,8.0,0.5534246575342465,29,2021
2022-02-19,31,32.0,0.5534246575342465,29,2021
2022-02-19,33,7.0,0.5534246575342465,29,2021
2022-02-19,34,22.0,0.5534246575342465,29,2021
2022-02-19,35,5.0,0.5534246575342465,29,2021
2022-02-19,32,9.0,0.5534246575342465,29,2021
2022-02-19,36,39.0,0.5534246575342465,29,2021
2022-02-19,39,33.0,0.5534246575342465,29,2021
2022-02-19,40,74.0,0.5534246575342465,29,2021
2022-02-19,41,5.0,0.5534246575342465,29,2021
2022-02-19,42,88.0,0.5534246575342465,29,2021
2022-02-19,72,7.0,0.5534246575342465,29,2021
2022-02-19,44,1.0,0.5534246575342465,29,2021
2022-02-19,45,17.0,0.5534246575342465,29,2021
2022-02-19,46,13.0,0.5534246575342465,29,2021
2022-02-19,47,26.0,0.5534246575342465,29,2021
2022-02-19,48,226.0,0.5534246575342465,29,2021
2022-02-19,US,1490.0,0.5534246575342465,29,2021
2022-02-19,49,3.0,0.5534246575342465,29,2021
2022-02-19,51,31.0,0.5534246575342465,29,2021
2022-02-19,50,0.0,0.5534246575342465,29,2021
2022-02-19,53,6.0,0.5534246575342465,29,2021
2022-02-19,55,25.0,0.5534246575342465,29,2021
2022-02-19,54,4.0,0.5534246575342465,29,2021
2022-02-19,56,2.0,0.5534246575342465,29,2021
2022-02-12,02,0.0,0.5342465753424658,28,2021
2022-02-12,01,9.0,0.5342465753424658,28,2021
2022-02-12,05,23.0,0.5342465753424658,28,2021
2022-02-12,04,53.0,0.5342465753424658,28,2021
2022-02-12,06,28.0,0.5342465753424658,28,2021
2022-02-12,08,27.0,0.5342465753424658,28,2021
2022-02-12,09,0.0,0.5342465753424658,28,2021
2022-02-12,11,0.0,0.5342465753424658,28,2021
2022-02-12,10,0.0,0.5342465753424658,28,2021
2022-02-12,12,47.0,0.5342465753424658,28,2021
2022-02-12,13,41.0,0.5342465753424658,28,2021
2022-02-12,15,0.0,0.5342465753424658,28,2021
2022-02-12,19,46.0,0.5342465753424658,28,2021
2022-02-12,16,1.0,0.5342465753424658,28,2021
2022-02-12,17,8.0,0.5342465753424658,28,2021
2022-02-12,18,31.0,0.5342465753424658,28,2021
2022-02-12,20,22.0,0.5342465753424658,28,2021
2022-02-12,21,11.0,0.5342465753424658,28,2021
2022-02-12,22,85.0,0.5342465753424658,28,2021
2022-02-12,25,30.0,0.5342465753424658,28,2021
2022-02-12,24,6.0,0.5342465753424658,28,2021
2022-02-12,23,5.0,0.5342465753424658,28,2021
2022-02-12,26,40.0,0.5342465753424658,28,2021
2022-02-12,27,20.0,0.5342465753424658,28,2021
2022-02-12,29,46.0,0.5342465753424658,28,2021
2022-02-12,28,21.0,0.5342465753424658,28,2021
2022-02-12,30,13.0,0.5342465753424658,28,2021
2022-02-12,37,25.0,0.5342465753424658,28,2021
2022-02-12,38,7.0,0.5342465753424658,28,2021
2022-02-12,31,29.0,0.5342465753424658,28,2021
2022-02-12,33,9.0,0.5342465753424658,28,2021
2022-02-12,34,20.0,0.5342465753424658,28,2021
2022-02-12,35,4.0,0.5342465753424658,28,2021
2022-02-12,32,8.0,0.5342465753424658,28,2021
2022-02-12,36,23.0,0.5342465753424658,28,2021
2022-02-12,39,26.0,0.5342465753424658,28,2021
2022-02-12,40,68.0,0.5342465753424658,28,2021
2022-02-12,41,2.0,0.5342465753424658,28,2021
2022-02-12,42,50.0,0.5342465753424658,28,2021
2022-02-12,72,15.0,0.5342465753424658,28,2021
2022-02-12,44,0.0,0.5342465753424658,28,2021
2022-02-12,45,11.0,0.5342465753424658,28,2021
2022-02-12,46,18.0,0.5342465753424658,28,2021
2022-02-12,47,21.0,0.5342465753424658,28,2021
2022-02-12,48,131.0,0.5342465753424658,28,2021
2022-02-12,US,1158.0,0.5342465753424658,28,2021
2022-02-12,49,3.0,0.5342465753424658,28,2021
2022-02-12,51,34.0,0.5342465753424658,28,2021
2022-02-12,50,0.0,0.5342465753424658,28,2021
2022-02-12,53,8.0,0.5342465753424658,28,2021
2022-02-12,55,29.0,0.5342465753424658,28,2021
2022-02-12,54,2.0,0.5342465753424658,28,2021
2022-02-12,56,2.0,0.5342465753424658,28,2021
2022-02-05,02,1.0,0.5150684931506849,27,2021
2022-02-05,01,5.0,0.5150684931506849,27,2021
2022-02-05,05,16.0,0.5150684931506849,27,2021
2022-02-05,04,35.0,0.5150684931506849,27,2021
2022-02-05,06,30.0,0.5150684931506849,27,2021
2022-02-05,08,12.0,0.5150684931506849,27,2021
2022-02-05,09,4.0,0.5150684931506849,27,2021
2022-02-05,11,3.0,0.5150684931506849,27,2021
2022-02-05,10,0.0,0.5150684931506849,27,2021
2022-02-05,12,56.0,0.5150684931506849,27,2021
2022-02-05,13,53.0,0.5150684931506849,27,2021
2022-02-05,15,0.0,0.5150684931506849,27,2021
2022-02-05,19,16.0,0.5150684931506849,27,2021
2022-02-05,16,1.0,0.5150684931506849,27,2021
2022-02-05,17,10.0,0.5150684931506849,27,2021
2022-02-05,18,33.0,0.5150684931506849,27,2021
2022-02-05,20,9.0,0.5150684931506849,27,2021
2022-02-05,21,13.0,0.5150684931506849,27,2021
2022-02-05,22,74.0,0.5150684931506849,27,2021
2022-02-05,25,33.0,0.5150684931506849,27,2021
2022-02-05,24,8.0,0.5150684931506849,27,2021
2022-02-05,23,3.0,0.5150684931506849,27,2021
2022-02-05,26,27.0,0.5150684931506849,27,2021
2022-02-05,27,19.0,0.5150684931506849,27,2021
2022-02-05,29,47.0,0.5150684931506849,27,2021
2022-02-05,28,21.0,0.5150684931506849,27,2021
2022-02-05,30,9.0,0.5150684931506849,27,2021
2022-02-05,37,48.0,0.5150684931506849,27,2021
2022-02-05,38,18.0,0.5150684931506849,27,2021
2022-02-05,31,34.0,0.5150684931506849,27,2021
2022-02-05,33,1.0,0.5150684931506849,27,2021
2022-02-05,34,18.0,0.5150684931506849,27,2021
2022-02-05,35,9.0,0.5150684931506849,27,2021
2022-02-05,32,4.0,0.5150684931506849,27,2021
2022-02-05,36,15.0,0.5150684931506849,27,2021
2022-02-05,39,20.0,0.5150684931506849,27,2021
2022-02-05,40,49.0,0.5150684931506849,27,2021
2022-02-05,41,1.0,0.5150684931506849,27,2021
2022-02-05,42,35.0,0.5150684931506849,27,2021
2022-02-05,72,5.0,0.5150684931506849,27,2021
2022-02-05,44,0.0,0.5150684931506849,27,2021
2022-02-05,45,9.0,0.5150684931506849,27,2021
2022-02-05,46,9.0,0.5150684931506849,27,2021
2022-02-05,47,31.0,0.5150684931506849,27,2021
2022-02-05,48,86.0,0.5150684931506849,27,2021
2022-02-05,US,1091.0,0.5150684931506849,27,2021
2022-02-05,49,4.0,0.5150684931506849,27,2021
2022-02-05,51,38.0,0.5150684931506849,27,2021
2022-02-05,50,0.0,0.5150684931506849,27,2021
2022-02-05,53,7.0,0.5150684931506849,27,2021
2022-02-05,55,30.0,0.5150684931506849,27,2021
2022-02-05,54,7.0,0.5150684931506849,27,2021
2022-02-05,56,0.0,0.5150684931506849,27,2021
